/*
Navicat MySQL Data Transfer

Source Server         : mysql
Source Server Version : 50718
Source Host           : localhost:3306
Source Database       : library1

Target Server Type    : MYSQL
Target Server Version : 50718
File Encoding         : 65001

Date: 2018-07-24 09:25:50
*/

SET FOREIGN_KEY_CHECKS=0;
-- ----------------------------
-- Table structure for `activity`
-- ----------------------------
DROP TABLE IF EXISTS `activity`;
CREATE TABLE `activity` (
  `actNo` int(11) NOT NULL AUTO_INCREMENT,
  `userid` varchar(10) COLLATE utf8_unicode_ci NOT NULL,
  `actName` varchar(255) COLLATE utf8_unicode_ci DEFAULT NULL,
  `actContent` varchar(255) COLLATE utf8_unicode_ci DEFAULT NULL,
  `picture` varchar(255) COLLATE utf8_unicode_ci DEFAULT NULL,
  `date` date DEFAULT NULL,
  PRIMARY KEY (`actNo`,`userid`)
) ENGINE=InnoDB AUTO_INCREMENT=6 DEFAULT CHARSET=utf8 COLLATE=utf8_unicode_ci;

-- ----------------------------
-- Records of activity
-- ----------------------------
INSERT INTO `activity` VALUES ('1', '10356012', '秋夕列1', '紅的季節，秋季讀物', 'pic01', '0000-00-00');
INSERT INTO `activity` VALUES ('2', '10356023', '情人節系列1', '甜蜜的你、我、書', 'pic02', '0000-00-00');
INSERT INTO `activity` VALUES ('3', '10356025', '夏系列1', '炎炎夏日，來本書清境一夏', 'pic03', '0000-00-00');
INSERT INTO `activity` VALUES ('4', '10356039', '主題系列1', '文青的你，需要文青的', 'pic04', '0000-00-00');
INSERT INTO `activity` VALUES ('5', '10356040', '聖誕系列1', '非要聖誕不可', 'pic05', '0000-00-00');

-- ----------------------------
-- Table structure for `book`
-- ----------------------------
DROP TABLE IF EXISTS `book`;
CREATE TABLE `book` (
  `serNo` int(10) NOT NULL AUTO_INCREMENT,
  `rankNo` int(10) DEFAULT NULL,
  `bookNo` varchar(255) COLLATE utf8_unicode_ci NOT NULL,
  `bookName` varchar(100) COLLATE utf8_unicode_ci DEFAULT NULL,
  `author` varchar(100) COLLATE utf8_unicode_ci DEFAULT NULL,
  `authorIntro` varchar(5000) COLLATE utf8_unicode_ci DEFAULT NULL,
  `content` varchar(5000) COLLATE utf8_unicode_ci DEFAULT NULL,
  `publisher` varchar(100) COLLATE utf8_unicode_ci DEFAULT NULL,
  `date` date DEFAULT NULL,
  `language` varchar(100) COLLATE utf8_unicode_ci DEFAULT NULL,
  `type` varchar(100) COLLATE utf8_unicode_ci DEFAULT NULL,
  `picture` varchar(255) COLLATE utf8_unicode_ci DEFAULT NULL,
  `ISBN` varchar(20) COLLATE utf8_unicode_ci DEFAULT NULL,
  PRIMARY KEY (`serNo`),
  KEY `bookNo` (`bookNo`)
) ENGINE=InnoDB AUTO_INCREMENT=1572 DEFAULT CHARSET=utf8 COLLATE=utf8_unicode_ci;

-- ----------------------------
-- Records of book
-- ----------------------------
INSERT INTO `book` VALUES ('1409', '1', '0010760228', '貓貓蟲咖波：食物世界超棒（首刷限量贈品版）', '亞拉', '熱愛畫圖，擅長多種畫風。\n　　學生時期就讀資訊相關科系，但一直忘不了對畫圖的喜愛，畢業後便從事美術繪圖等相關工作。\n　　筆下插畫角色「貓貓蟲咖波」在facebook擁有50多萬粉絲，並獲得line webtoon漫畫大賽冠軍。\n　　目前為自由插畫家，在自己的小小工作室裡畫圖。', '◆ 百分之百臺灣原汁原味獨創角色！\n　　◆ 國際粉絲數突破50萬！\n　　◆ Line貼圖排行榜上居高不下長青角色！誰是咖波？\n　　咖波是長得像貓又像蟲的不明物種，喜歡撒嬌，愛搗蛋。\n　　平常有六隻腳，身體會伸縮不固定。看到什麼都想吃，明明是超級吃貨卻超討厭蔬菜。歡迎進入咖波的世界！\n　　咖波的日常就是不斷的吃吃吃和惡作劇，還有他的家人狗狗與飼主拉拉，以及其他「食物」們的日常生活詼諧逗趣，帶給你萌度爆表的獵奇向作品初體驗！\n　　《貓貓蟲咖波-食物世界超棒》收錄Line Webtoon上51至100話內容，更獨家收錄短篇精選與特別篇，邀請你一起進入咖波無厘頭又搞笑的世界！本書特色\n　　1.百分百原汁原味臺灣插畫家作品，貓貓蟲的日常生活詼諧逗趣，療癒人心的萌度滿點。\n　　2.網路粉絲數超過50萬，粉絲敲碗期待作品出版度超高。\n　　3.貓貓蟲是Line網路卡通的熱門連載作品，曾獲得line webtoon漫畫大賽冠軍，更獲得Line貼圖最受歡迎排行榜榜首的認證！\n　　◆ 國際粉絲數突破50萬！\n　　◆ Line貼圖排行榜上居高不下長青角色！', '晨星', '2017-08-01', '繁體中文', '生活風格', 'http://im1.book.com.tw/image/getImage?i=https://www.books.com.tw/img/001/076/02/0010760228.jpg&v=597577d4&w=348&h=348', '0010760228');
INSERT INTO `book` VALUES ('1410', '2', '0010760226', '貓貓蟲咖波：小萌物到處玩（首刷限量贈品版）', '亞拉', '熱愛畫圖，擅長多種畫風。\n　　學生時期就讀資訊相關科系，但一直忘不了對畫圖的喜愛，畢業後便從事美術繪圖等相關工作。\n　　筆下插畫角色「貓貓蟲咖波」在facebook擁有50多萬粉絲，並獲得line webtoon漫畫大賽冠軍。\n　　目前為自由插畫家，在自己的小小工作室裡畫圖。', '◆ 百分之百臺灣原汁原味獨創角色！\n　　◆ 國際粉絲數突破50萬！\n　　◆ Line貼圖排行榜上居高不下長青角色！誰是咖波？\n　　咖波是長得像貓又像蟲的不明物種，喜歡撒嬌，愛搗蛋。\n　　平常有六隻腳，身體會伸縮不固定。看到什麼都想吃，明明是超級吃貨卻超討厭蔬菜。歡迎進入咖波的世界！\n　　咖波的日常就是不斷的吃吃吃和惡作劇，還有他的家人狗狗與飼主拉拉，以及其他「食物」們的日常生活詼諧逗趣，帶給你萌度爆表的獵奇向作品初體驗！\n　　《貓貓蟲咖波-食物世界超棒》收錄Line Webtoon上51至100話內容，更獨家收錄短篇精選與特別篇，邀請你一起進入咖波無厘頭又搞笑的世界！本書特色\n　　1.百分百原汁原味臺灣插畫家作品，貓貓蟲的日常生活詼諧逗趣，療癒人心的萌度滿點。\n　　2.網路粉絲數超過50萬，粉絲敲碗期待作品出版度超高。\n　　3.貓貓蟲是Line網路卡通的熱門連載作品，曾獲得line webtoon漫畫大賽冠軍，更獲得Line貼圖最受歡迎排行榜榜首的認證！\n　　◆ 國際粉絲數突破50萬！\n　　◆ Line貼圖排行榜上居高不下長青角色！', '晨星', '2017-08-01', '繁體中文', '生活風格', 'http://im1.book.com.tw/image/getImage?i=https://www.books.com.tw/img/001/069/82/0010698292.jpg&v=5661874d&w=348&h=348', '0010760226');
INSERT INTO `book` VALUES ('1411', '3', '0010689870', '不多走冤枉路！不多花一毛錢！－跟著小氣少年自由行大阪．神戶．奈良（附行動地圖集）', '小氣少年', '永遠18歲又N個月。希望自己不要小氣，也希望能夠透過旅行，保持年輕的心。\n部落格： nicklee.tw\nFB ：facebook.com/Kechi.Syonen\n著作：《京都自助超簡單》\n', '2014年博客來百大暢銷書！旅遊類Top 1！\n 最暢銷的關西自由行必備工具書！【全新改版】\n 不多走冤枉路！不多花一毛錢！\n 小氣少年交通自助完整攻略大公開，\n 一次弄懂關西JR、地下鐵及私鐵，\n 大阪．神戶．奈良簡單方便走透透。\n　　☆依據最新日本消費稅調整，給你最正確的旅遊資訊！\n　　☆必備景點地圖與路線圖：\n　　京阪神奈路線圖 | 大阪市&神戶市地鐵 | CITY LOOP．奈良循環巴士路線圖\n　　☆懶人行程包，組合起來就變成你的行程！　　隨書附贈\n　　★『特樂通「Wi-Ho!」租借8折』優惠券（使用期限與方法，請見書內說明）\n　　★路線最完備！超實用。32頁隨身行動地圖集\n　　★拉頁大地圖\n　　去日本關西就像「行灶腳」一樣簡單！\n　　就像私人導遊，只要跟著書走，\n　　景點、路線、吃住，讓你一路玩阪神奈，\n　　絕不浪費寶貴的天數和預算。\n　　★關西空港第一航廈、第二航廈詳細介紹，出入境完全指引。\n　　進出海關、提領行李詳細指引，就算是第一次出國也完全沒問題。\n　　★一次搞懂關西交通票券，如何快速省錢到達目的地！\n　　詳細介紹大阪、神戶、奈良的交通網絡，馬上就能悠遊關西，大阪周遊卡／斑鳩一日券／ICOCA & Haruka／KTP／有馬六甲周遊券…….，票券和行程再複雜　　也能運用自如。\n　　★大阪、神戶、奈良的人氣景點怎麼去如何玩，秘笈大公開！\n　　中之島、海遊館、天滿宮、手塚治虫、泡麵博物館、有馬溫泉、布引香草花園、東大寺、春日大社、法隆寺。無論是賞櫻或賞楓、參觀博物館、寺院、還是　　祭典體驗，都能輕鬆遊玩。\n　　★關西道地國民美食，錯過太可惜！\n　　河豚、串炸、大阪燒、高麗菜燒、章魚燒、老爺爺蛋糕、拉麵、神戶牛排、炒麵飯、餃子、炸豬排，最道地美味的市民小食全部品嘗。\n　　★大阪、神戶、奈良血拼地點整理！\n　　黑門市場、道頓堀、心齋橋、美國村、梅田、三宮地下街、三井outlet、馬賽克廣場、三宮中心街、元町商店街、東向商店街，從藥妝買到伴手禮，逛到腳軟　　也甘願。\n　　★行程懶人包，輕鬆規劃行程！\n　　無論賞櫻、賞楓，都有安排妥貼的一日行程直接供你組合使用，就算工作再忙，隔天也可以立刻出發。\n小氣少年交通自助完整攻略大公開，\n一次弄懂關西JR、地下鐵及私鐵，\n大阪．神戶．奈良簡單方便走透透。', '悅知文化', '2015-09-21', '繁體中文', '旅遊', 'http://im1.book.com.tw/image/getImage?i=https://www.books.com.tw/img/001/068/98/0010689870.jpg&v=55f00a5e&w=348&h=348', '9789865617271');
INSERT INTO `book` VALUES ('1412', '4', 'E050011410', 'Power錕的大人學：不吃苦，哪來實力！臺大最狂教授的14堂叢林生存課', '李錫錕', '一九四七年生，美國紐約大學政治學博士，現為臺灣大學政治學系兼任教授。開設「政治概論」課程近四十年，退休後仍以兼任教授的身分繼續執教。擅長以辛辣的觀點融合時事及年輕人流行的語彙，將深厚的政治哲學基礎擴及生活日常，打破許多人對政治學的狹隘想像，也因此深受學生推崇，甚至有畢業生說，這是大學四年裡必修的一堂「人生」課。\n\n　　「Power 錕的紙牌屋」臉書粉絲團為學生自發性蒐羅教授上課精華，透過影片分享，將他的「Power 學」持續擴散出去，成立不到半年即破四十五萬，成為動輒萬人按讚，千人轉貼的傳奇高齡網紅。打破了年齡與科系限制，樹立授業解惑的新時代典範！\n', '　★鄉民狂推，最精闢的觀點，一秒點破人生盲點！\n　　★十四幅漫畫＋特別企畫【Power點點名Q&A】，秒懂Power錕的超狂哲學奧義！\n　　\n　　14堂在社會叢林生存的珍貴課程\n　　人，就是要大！這是我的大人主義！\n　　\n　　他是全臺灣最知名的高齡網紅，他的課，連外縣市學生都遠道慕名旁聽\n　　他教年輕人如何發揮真Power，拒絕架子一流、實則Powerless的傳統權威教學\n　　他說起戀愛的本質，犀利到位，不怕你在愛情裡現實，因為他比誰都能看清現實\n　　\n　　他說，年輕人的Power就是獨立自主，不靠爸、不當媽寶：\n　　「不要讓爸媽把你當成他們的獵物，因為獵物的命運只有兩種，一種變食物，一種變寵物。」\n　　他說，談戀愛的Power就是認清交往是一種給予和拿取的關係：\n　　「關係會垮，是因為不平衡，覺得你占我便宜。其實相愛比較難，相處比較容易。」\n　　他說，做自己的主人，靠的不只是一種感覺，還要有知識才行：\n　　「作夢不值錢，擁有讓夢實現的生命信仰才值錢。」\n　　\n　　想擁有Power，就要先Suffer！\n　　在Suffer之前，更要先摸透人與人之間的關係，也就是政治！\n　　不要以為政治離你很遙遠，其實兩人以上的事，就是政治。\n　　更令人意想不到的是，不管是求學、求職、人際、戀愛、人生規畫，都能從政治學的脈絡裡，找到關鍵潛規則。\n　　\n　　臺大最有人氣的政治學教授李錫錕延續「Power錕的紙牌屋」精神，用最犀利的觀點、最生動的描述，解決你人生所有疑難雜症，讓你甘願笑著流淚，跪著開悟！當你決定和人生痛苦正面對決，才能擁有全方位Power，走向真正的優越！\n　　\n　　======Power人性語錄======    \n　　\n　　★同樣一件事，當本身的主體改變，對它的解釋就會跟著不一樣。\n　　譬如擁有一百萬虧了八十萬，當然很心痛；但如果你現在已經賺一億了，再回去看當年虧的八十萬，當然就小Case。不過如果現在虧了八千萬，那代誌又大條了！\n　　\n　　★真有愛的話，相處不難。\n　　就算有一點難，也是很容易可以溝通妥協的。人類史上有沒有真愛？當然有，但是真愛不容易，也因為不容易，所以才會變成可歌可泣的故事，如果滿地都是，就像呼吸一樣，每個人都在呼吸，那能有什麼好成為故事的呢？但是如果有人十分鐘才呼吸一次，那就很厲害了。　　\n　　★十四幅漫畫＋特別企畫【Power點點名Q&A】，秒懂Power錕的超狂哲學奧義！', '圓神', '2017-08-01', '繁體中文', '心理勵志', 'http://im2.book.com.tw/image/getImage?i=https://www.books.com.tw/img/001/075/86/0010758635.jpg&v=5964a8dd&w=348&h=348', '9789861336268');
INSERT INTO `book` VALUES ('1413', '5', '0010757584', '過敏的大腦：身體出問題，原來是因為大腦過敏了！台灣耳科權威教你徹底擺脫暈眩、耳鳴、偏頭痛的煩惱！', '賴仁淙', '台北醫學院畢業，曾任美國哈佛醫學院耳科及神經耳科研究員、陽明醫學大學臨床副教授、台中榮總耳鼻喉科主治醫師，現任光田綜合醫院耳鼻喉科主任。\n　　他主張治療耳鳴要「全人思考，以人為本」，盡可能少開藥，減低患者的身體負擔，開設耳鳴特別門診二十年來，診療超過上萬個病例，患者遍及海內外。\n　　本身也是詩人的他，擁有人飢己飢的仁醫精神，視病如親，曾當選商周百大良醫。近年來致力於推廣民眾正確的耳鳴知識，並且成立台灣耳鳴學會，造福數十萬人。\n　　另著有《耳鳴，是救命的警鈴》，上市後佳評如潮，不但榮登博客來二○一六年度醫療保健類暢銷書第一名，更帶動海峽兩岸耳科醫學觀念新革命！\n　　●真健康官網：www.crown.tw/book/health', '常覺得頭痛、暈眩、焦慮，走路像在漂浮？\n 原來這都是因為：你的大腦「過敏」了！　　博客來2016年度醫療保健暢銷書第1名《耳鳴，是救命的警鈴》作者革命性全新力作！\n　　●夢作不好，竟然會導致大腦「過敏」？\n　　●「漂浮的女人」更年期時容易暈眩？\n　　●絕大多數暈眩患者不宜服用降血壓藥？\n　　●有腸躁症的人比一般人容易感到恐懼和沮喪？\n　　●過敏的大腦是慢性耳鳴和焦慮症的主要原因？\n　　治癒海內外數萬名病患的台灣耳科權威賴仁淙醫師，經過多年研究發現，身體出問題，其實都跟「過敏的大腦」有關！原來，長期有睡眠障礙，會讓大腦無法排除廢棄物，而一旦無法順利排毒，就可能產生類似過敏的發炎反應，不僅會引起偏頭痛、暈眩、急性耳鳴、突發性耳聾等各種症狀，甚至還會造成焦慮症、自律神經失調等情緒系統障礙，一發不可收拾！\n　　賴醫師指出，所謂的耳鳴，其實是身體的「警鈴」，提醒我們讓大腦關機，進行排毒。我們的腦中有一個負責正確判斷耳鳴信號的濾波器「阿控門」，如果阿控門故障，就會讓感覺信號失去控制。只有停止不當用藥、紓解情緒壓力，才能恢復「阿控門」的正常功能。賴醫師在本書中即整合了各種療法，教我們從睡眠和飲食習慣著手，並學習讓自己放鬆，有效調整過敏的大腦，從此徹底走出暈眩的迷宮！\n原來這都是因為：你的大腦「過敏」了！\n\n\n', '平安文化', '2017-07-10', '繁體中文', '醫療保健', 'http://im1.book.com.tw/image/getImage?i=https://www.books.com.tw/img/001/075/75/0010757584.jpg&v=59538546&w=348&h=348', '9789869506908');
INSERT INTO `book` VALUES ('1414', '6', '0010758337', '怪獸與牠們的產地＋穿越歷史的魁地奇＋吟遊詩人皮陀故事集【霍格華茲圖書館全新插畫版】', 'J.K.羅琳', '打破銷售紀錄、屢屢獲獎的《哈利波特》系列作者，廣受全球讀者喜愛，創下四億五千萬部的暢銷紀錄，並被翻譯成七十九種語言，也被改編拍成八部叫座電影。\n　　羅琳為了支持公益，另寫下三部別冊作品：《怪獸與牠們的產地》、《穿越歷史的魁地奇》（收益贈予Comic Relief基金會和Lumos基金會），以及《吟遊詩人皮陀故事集》（收益贈予Lumos基金會），並以《怪獸與牠們的產地》為靈感創作了電影劇本。\n　　二○一二年，羅琳成立Pottermore數位公司，讓書迷得以在網站上閱讀她的新作，沉浸於魔法世界中。她也為成人讀者寫書，例如《臨時空缺》，以及以筆名「羅勃．蓋布瑞斯」發表的犯罪小說。\n　　除了獲頒「大英帝國勳章」以表揚她對兒童文學的貢獻外，羅琳也獲得了無數獎項與榮譽，包含法國「榮譽軍團勳章」與「國際安徒生大獎」。', '千呼萬喚！霍格華茲圖書館鎮館之寶開放收藏！\n ★亞洲唯一！Pottermore版專屬書封，特別加贈收藏書盒！\n　　●霍格華茲圖書館借閱率最高的3本經典課外讀物，非看不可！\n　　●全新版由知名插畫家托米斯拉夫．湯米克特別繪製上百幅精美插圖！\n　　●《怪獸與牠們的產地》全新版首度揭露美洲魔法世界鮮為人知的六隻全新怪獸，並特別收錄紐特‧斯卡曼德本人的全新自序！\n　　●想要知道魁地奇的比賽球具、護具、場地、各隊的隊徽和隊服，以及精采的比賽戰況？就絕對不能錯過《穿越歷史的魁地奇》全新版！\n　　●想要一窺鄧不利多校長的辦公室，鳳凰、分類帽、半月眼鏡、葛來分多寶劍……長什麼樣？那就一定要看《吟遊詩人皮陀故事集》全新版！\n　　●英、美、法Amazon書店所有巫師、麻瓜讀者一律★★★★★完美評價！【怪獸與牠們的產地】\n　　這是魔法動物學家紐特．斯卡曼德研究多年的心血結晶，記錄了近百隻怪獸的來源、習性、產地，更重要的是牠們的危險程度以及被攻擊時的治癒方法。\n　　猴蛙閃閃發亮的膿皰每每讓麻瓜以為是聖誕節的裝飾；食童怪會將無辜的小孩從大人身邊騙開；彩鳴鳥唱的歌很悅耳，但聽久了會瘋掉……本書為數個世代的巫師讀者帶來無窮樂趣，同時也是了解魔法世界不可不讀的入門書籍。\n　　全新版特別增加了紐特為巫師們所寫的全新自序，也首度揭露美國魔法國會原本禁止對麻瓜公開的六隻秘密怪獸：幻影鬼、紅眼怪、角蛇、鳥形龍、雷鳥和貓豹，其中更包含了美國伊法魔尼魔法與巫術學校的學院代表獸。麻瓜們並將有機會一窺雷鳥的棲息地、胖胖球最愛的食物，以及為什麼閃亮亮的物品都該放得離玻璃獸遠一點。【穿越歷史的魁地奇】\n　　「金探子」到底是打哪兒來的？「搏格」是怎麼產生的？維格城流浪者隊的隊袍上又為什麼繡了把菜刀？\n　　如果你對這些感到好奇，那麼《穿越歷史的魁地奇》將是你絕對不可錯過的一本書！這本書介紹了魁地奇源遠流長的歷史，從飛天掃帚在形式和速度上的演變、金探鳥到金探子的發明、球賽規則、世界各地魁地奇隊伍的介紹，乃至球賽作弊的方式……等等。\n　　這本書將能幫助你更了解魁地奇的發展，配合《哈利波特》中關於魁地奇世界盃的精采比賽過程來看，更能增添無窮樂趣！【吟遊詩人皮陀故事集】\n　　《吟遊詩人皮陀故事集》是魔法世界最著名的童話故事書，也是鄧不利多留給妙麗的遺物。本書由妙麗親自翻譯，並在霍格華茲校長檔案室的慷慨許可下，特別收錄鄧不利多教授對這些故事所作的獨到註解，同時還加入了J.K.羅琳的引言與註釋。\n　　全書收錄的五篇故事充滿想像力，有冒險、機智、犧牲、慾望，當然也一定有魔法。其中〈三兄弟的故事〉曾在《哈利波特》第七集《死神的聖物》中出現，這則故事揭示了哈利波特的最後任務，同時也是毀滅佛地魔分靈體的關鍵線索。\n★亞洲唯一！Pottermore版專屬書封，特別加贈收藏書盒！', '皇冠', '2017-07-31', '繁體中文', '文學小說', 'http://im2.book.com.tw/image/getImage?i=https://www.books.com.tw/img/001/075/83/0010758337.jpg&v=595dbcd9&w=348&h=348', '0000003318256');
INSERT INTO `book` VALUES ('1415', '7', '0010665527', '特殊傳說Ⅱ 恆遠之晝篇 04', '護玄', '　6月2日、雙子座。\n　　老巢：blog.yam.com/windslie（夜貓鳥宿）\n　　職業腐屍。\n　　喜歡音樂、電影、書籍與鳥。\n　　畢生願望就是將自己所想的故事都能寫完。\n\n　　不論哪種創作都是一件很有趣的事情，希望每個人都能愛護自己心中的創作小小人，讓他們茁壯更美好。　　\n　　\n　　護玄作品集\n　　\n　　兔俠（陸續出版）\n　　vol.1強盜與兔子\n　　vol.2瑞比特\n　　vol.3變動的星區\n　　vol.4路程的起始\n　　vol.5背叛者\n　　vol.6分別深藏之心\n　　\n　　因與聿案簿錄（全八冊）\n　　山貓\n　　水漬\n　　彩券\n　　祕密\n　　失去\n　　不明\n　　雙生\n　　終結\n　　\n　　案簿錄（陸續出版）\n　　殺意\n　　惡鄰\n　　掙扎\n　　拼圖\n　　承諾\n　　渡客\n　　寶箱\n　　\n　　異動之刻（全十冊）\n　　卷1約定的開始\n　　卷2被奪與爭奪者\n　　卷3接收者的誕生\n　　卷4牽繫的淵源\n　　卷5隱蔽的道路\n　　卷6背叛者\n　　卷7被遺棄的……\n　　卷8這無理的世界\n　　卷9開戰與第十使者\n　　卷10我們　　\n　　\n　　新版．特殊傳說（學院篇，全十冊）\n　　0.5決戰生死棋\n　　1不存在的學園！\n　　2大競技會的起始\n　　3闇之競賽\n　　4湖之鎮的對決\n　　5水之妖精\n　　6塵封的祕密\n　　7不為人知的故事\n　　8開始一切的序幕\n　　9消逝的重要之物\n　　10那之後⋯⋯\n　　\n　　特殊傳說Ⅱ亙古潛夜篇（全四冊）', '　「亙古潛夜」淚光閃閃完結篇——\n　　成長總在不知不覺中，\n　　這是，屬於我自己的旅程！\n　　\n　　旅程雖有停頓，但遲早會再起步。\n　　浪潮聲、女孩的細語聲，就像某種信號一樣⋯⋯\n　　〈恆遠之晝〉即將到來！\n\n本書特色\n\n　　《特殊傳說》是人氣作家護玄的成名大作。\n　　爆笑又緊湊的情節、青春嗨翻天的想像力與迷人設定，\n　　在不可思議的誇張校園生活中，漸次鋪陳各個角色自我成長歷程。\n　　第二篇章除了收錄全新繪製的內頁插畫及彩圖，\n　　更加上了引人入勝的短篇漫畫，和不定期舉行的茶會實況，\n　　讓人翻開故事，便一頭栽入屬於我們這一代人的特殊傳說！\n　　\n　　漾漾一行人衝入封印之地，\n　　連五色雞都覺棘手的江湖變種妖道角紛紛出籠。\n　　換上黑袍的黑色仙人掌幻武兵器變身後，\n　　一場無差別超強攻擊，連自家人都不放過！！\n　　\n　　封印終究破除，人人均碰不得的陰影，為何漾漾不受影響？\n　　安地爾別有用意的一席話，透露不為人知的祕密——\n　　陰影與妖師，有著很深、很深的關係⋯⋯\n　　\n　　他很黏人，因為好久好久都只有一個人，\n　　他只是怕寂寞，只是想有人陪，為什麼，只能獨自飽嚐冷清？\n　　黑與白只是字面上的相異，\n　　這一次，妖師與陰影少年將選擇不一樣的未來。\n　　成長總在不知不覺中，\n　　這是，屬於我自己的旅程！', '蓋亞', '2017-07-19', '繁體中文', '輕小說', 'http://im1.book.com.tw/image/getImage?i=https://www.books.com.tw/img/001/075/86/0010758600.jpg&v=5964b6c1&w=348&h=348', '9789863191360');
INSERT INTO `book` VALUES ('1416', '8', '0010753523', '擇食聖經：天下無不死之藥，只有養生之道。', '邱錦伶', '曾任：北京同仁堂台北旗艦店養生諮詢師、廖叔叔健康屋健康諮詢師。\n　　在她的職場生涯中，曾經是叱吒一方的女強人，但歷經人生種種挫折與低潮之後，跨領域走入養生這條路上。諮商過無數藝人和商界人士，累積多年養生經驗。\n　　臉書請搜尋\n　　「邱老師擇食同樂會」\n　　www.facebook.com/groups/653209678121750/?fref=ts\n　　邱錦伶講座DVD購買網址：「邱老師養生齋」\n　　www.facebook.com/healthenatasha/?fref=ts', '天王、天后都在做的食療法，你還在等什麼？\n 邱錦伶擇食系列最後一次傾囊相授，\n 獨家收錄「體質自我分析表」等最詳盡的擇食內容。\n 最不費力的養生擇食大法，強勢登場！\n　　你還在節食、用錯誤的方式減肥嗎？\n　　「選擇對的食物」才是美麗瘦身的王道。\n　　針對自己的體質吃該吃的，避開不該吃的，\n　　不但影響你的體形，更深深影響內臟的健康！\n　　你還在被情緒影響生理嗎？\n　　藉著吃發洩壓力、輾轉反側睡不著覺、\n　　趕時間囫圇吞棗吃飯、上網血拼以為得到發洩，\n　　你知道這些心理問題，正在摧毀你的健康與美麗嗎？\n　　跟著邱老師學習調整心靈，由內而外從心出發，一同走上美麗的道路。\n　　邱老師擇食食譜不藏私全部分享\n　　讓體質溫暖、體力變好、體態窈窕、身體輕盈，\n　　照著這些食譜吃，通通做得到！保證美味哦！\n　　邱錦伶老師的重量級著作《擇食》、《擇食貳》改善了無數人的生命品質，許多人經驗了「擇食」才驚訝地發現，原來只要選擇適合自己體質的食物，就可以徹底地擺脫長期困擾身心的不適，同時，身材更緊實、皮膚也更Q彈了，竟然可以越吃越瘦！\n　　這次，邱老師除了集結多年來養生的豐富心得外，更針對多年來眾人對於擇食的疑惑和問題新增了精彩內容，進一步推出《擇食聖經》，只要掌握好原則，你會發現，原來吃是一切健康與美麗的關鍵，吃得好、吃得飽就是「瘦身」的重點啊！　　本書獨家收錄【擇食大補帖】\n　　★ 體質自我分析表：自我檢測簡單有效，了解體質就是擇食的第一步。\n　　★ 邱老師Q&A時間：蒐集最多讀者問的問題，由邱老師親自為你解惑。\n　　★ 擇食番外篇：收錄更多飲食小知識，讓你變成擇食通。\n　　★ 擇食懶人包：各種體質和食物的對照表、食物性質對照表，一眼就瞭解自己該怎麼吃。名人推薦\n　　丹妮婊姐\n　　親身變瘦變美推薦\n邱錦伶擇食系列最後一次傾囊相授，\n獨家收錄「體質自我分析表」等最詳盡的擇食內容。\n最不費力的養生擇食大法，強勢登場！', '時報出版 ', '2017-06-06', '繁體中文', '醫療保健', 'http://im2.book.com.tw/image/getImage?i=https://www.books.com.tw/img/001/075/35/0010753523.jpg&v=59328fd4&w=348&h=348', '9789571367897');
INSERT INTO `book` VALUES ('1417', '9', 'E050015286', '情緒勒索：那些在伴侶、親子、職場間，最讓人窒息的相處', '周慕姿', '諮商心理師／心曦心理諮商所負責人，同時是宇聯心理治療所特約企業講師、企業諮商師；微煦心靈診所兼任心理師；《健康看我》、《醫師好辣》、《大腦先生》等節目的專家群；「風傳媒」專欄作家；「失戀花園」駐站專欄作家。另外，則是歌德金屬樂團「Crescent Lament 恆月三途」的主唱。\n　　畢業於政大新聞系、政大廣電所、國立臺北教育大學心理與諮商所。曾任中崙諮商中心心理師、新店高中輔導老師、台大心輔中心實習心理師等，並擁有阿德勒鼓勵諮詢師講師資格。\n　　從傳播到心理諮商、心理師到金屬樂團主唱，不管在哪裡，似乎都是個「非典型」角色，一路上也面臨許多考驗與自我掙扎。\n　　因此，周慕姿對自己諮商工作的期待，是希望能幫助人看到自己的選擇「是怎麼被困住」，還有「為何被困住」；而後，幫助他們看到「自己擁有的能力」與「其他的選擇」。\n　　她相信：我們擁有「選擇的自由」，以及，若能以「真實的自己」面對生命，我們就能掙脫無形的束縛，獲得真正的自由。\n對她而言，「接納自己，獲得自由」，是人生最重要的事。\n　　個人粉絲專頁，「關於你的心裡事─周慕姿諮商心理師」goo.gl/knIyIh\n　　「心曦工作室」goo.gl/hmGhNQ\n　　周慕姿心理師演講、講座經歷，持續增加中……\n　　台北市靜心中學、台北市逸仙國小、台北市百齡高中、台北市北投親子館、台北市國防醫學院、元培醫事科技大學、高雄醫學大學、宇聯心理治療所、台北科技大學、璞成全人發展中心、台北市螢橋國小、墨墨工作室、嘉義高工、純青基金會、精神健康基金會、高雄公務人力發展中心、基隆百福國中、台北市陽明高中、嘉義中正大學、東吳大學心理系、德明財經大學、全球人壽、亞洲大學、失戀花園inbound.tw、英捷國際、台北三總精神科等。', '「我這輩子的希望都在你身上了……」\n「爸媽難道會害你嗎？」\n「你敢離開，我就跳下去。」\n明明是最愛的家人、伴侶，與信任的朋友、同事，\n但為什麼我們卻總是感到委屈、想逃？\n你未曾覺察的「情緒勒索」，正在你的日常裡，一步步逼你就範。6道關鍵練習，擺脫被情緒勒索，重新掌握人生！\n　　情緒勒索是一種操控，只會讓彼此的關係崩壞。\n　　因為當對方一再屈服與退讓，那是因為懼怕，而不是因為親密、信任與愛。\n　　‧媽媽：「我把這輩子希望都放你身上。你怎麼忍心讓我失望？」\n　　‧婆婆：「你把孩子給保母帶。你真自私，你會毀了孩子的一生。」\n　　‧女友：「如果你敢回公司加班，我們就分手。」\n　　‧上司：「我看你資質不錯，才想讓你多做一點事，栽培你。別忘了，你試用期還沒過。」\n　　以上這些例子，你是否非常熟悉？這些我們習以為常、不以為意的對話，其實就是緩緩掐住我們脖子，讓我們無法呼吸的「情緒勒索」。當你不順對方的意，情緒勒索者開始自憐，或責怪、貶低、在你身上貼標籤，甚至威脅你。於是，你心懷歉疚，也開始自我懷疑，自己是否很糟、不成熟……你深陷在這些情緒裡動彈不得……\n　　情緒勒索最常發生在伴侶、親子、職場、人際間，而在華人社會裡，更常見，且更糾葛，因為我們有根深柢固的孝順文化與對權威的尊崇，以及總是要求孩子「好，還要更好」，而後者，更容易讓人自我價值感低落。\n　　周慕姿心理師以精準且層次分明的角度，剖析情緒勒索的面貌，以及何種人最容易陷入情緒勒索的困境，並且針對華人文化，提出提升「自我價值感」為避免情緒勒索的最主要關鍵。此外，適時建立情緒界限，搭配練習，重新掌握自己的人生，因為，這是你的人生，你不該為滿足別人的需求而活。本書特色\n　　◎台灣第一本由專業的諮商心理師討論「情緒勒索」的專書，內容精準，又條理分明，書中的各個例子，更是讓我們讀來，每一則都心有戚戚焉。名人推薦\n　　陳鴻彬（諮商心理師；《鋼索上的家庭》作者）、楊聰財（楊聰才身心診所院長）撰推薦序\n　　李崇建（台灣青少年教育協進會前理事長）、曹中瑋（諮商心理師）、許皓宜（諮商心理師／作家）、賴芳玉（律師）有感推薦（依姓氏筆劃順序排列）\n　　◎「對一個孝順、乖巧、體貼他人的孩子來說，情緒勒索的餌，毋須是言語，有時單單一個眼神、一聲嘆息，我們都會『上鉤』。因為，我們在乎這段關係，重視關係中的對方。這樣的在乎，或許是源自於原生家庭的成長議題，也可能是害怕失去愛與肯定，但無論原因為何，這份愛與關係，都不應被任何人濫用或消耗，而是被珍視。……慕姿的這本書，構築了一條系統性理解的路徑！不只給了我們「拒絕被情緒勒索的勇氣」，也提升「拒絕給出情緒勒索的自我覺察能力」。──陳鴻彬（諮商心理師；《鋼索上的家庭》作者）\n　　◎這本書的作者不僅很有層次、條理地剖析人生中很重要的一個課題，並且實際地列舉數個實際有用的「重要練習」，這是一本值得閱讀的書。──楊聰財（楊聰才身心診所院長）\n「爸媽難道會害你嗎？」\n「你敢離開，我就跳下去。」\n\n明明是最愛的家人、伴侶，與信任的朋友、同事，\n但為什麼我們卻總是感到委屈、想逃？', '寶瓶文化 ', '2017-02-02', '繁體中文', '心理勵志', 'http://im2.book.com.tw/image/getImage?i=https://www.books.com.tw/img/001/074/23/0010742371.jpg&v=5a326ecd&w=348&h=348', '9789864060788');
INSERT INTO `book` VALUES ('1418', '10', 'CN11466945', '雲上的阿里', '城井文', null, '《馬雲：我的世界永不言敗》全面講述馬雲從出生至今五十年間的奮斗歷程，展現一個商業傳奇人物的精彩故事。詳盡披露馬雲創業前默默跋涉的艱難歲月、鮮為人知的家庭生活，他的喜好、性格，甚至直面其心境。', '親子天下 ', '2017-03-07', '繁體中文', '商業理財', 'http://im2.book.com.tw/image/getImage?i=https://www.books.com.tw/img/001/074/50/0010745023.jpg&v=58a82229&w=348&h=348', '9787213080852');
INSERT INTO `book` VALUES ('1419', '11', 'E050011411', 'Power錕是這樣煉成的：奮鬥才得自由，殘酷才是青春，我的人生思索', '李錫錕', '一九四七年生，美國紐約大學政治學博士，現為臺灣大學政治學系兼任教授。開設「政治概論」課程近四十年，退休後仍以兼任教授的身分繼續執教。擅長以辛辣的觀點融合時事及年輕人流行的語彙，將深厚的政治哲學基礎擴及生活日常，打破許多人對政治學的狹隘想像，也因此深受學生推崇，甚至有畢業生說，這是大學四年裡必修的一堂「人生」課。\n　　「Power錕的紙牌屋」臉書粉絲團為學生自發性蒐羅教授上課精華，透過影片分享，將他的「Power學」持續擴散出去，成立不到半年即破四十五萬，成為動輒萬人按讚，千人轉貼的傳奇高齡網紅。打破了年齡與科系限制，樹立授業解惑的新時代典範！', 'Power錕是如何擁有今日的 Power與智慧？\n　　人氣教授的人生逆襲，從失敗中奮起，煉就超越自我的強大力量！', '圓神', '2017-08-01', '繁體中文', '心理勵志', 'http://im1.book.com.tw/image/getImage?i=https://www.books.com.tw/img/001/075/86/0010758638.jpg&v=5964a8dd&w=348&h=348', '9789861336251');
INSERT INTO `book` VALUES ('1420', '12', '0010758897', '全日本鐵道自由行', '昭文社/編', '日本旅遊專書出版社，對用者的體貼細心，詳盡資料之記錄，深受讀者信賴。', '～一次玩遍全日本！～\n★全日本每年銷售一萬本！\n交通是決定旅行成敗的關鍵！\n日本JR、私鐵、地下鐵、路面電車交通網，\nhold住你的全日本鐵道假期！\n\n　　◎日本自助旅遊中毒者  林氏璧——實用推薦！\n\n　　【使用者大好評！】\n　　．「實用ＮＯ.１！無論你出發前參考多少旅遊雜誌，但上路，只要帶這本就ＧＯ！」\n　　．「手機地圖放大縮小、翻頁連結太麻煩，帶這本解決所有問題！」\n　　．「包含了所有JR公司的鐵道路線，就連民間的鐵道也網羅其中。主線與支線會合的方向、轉乘車站的交叉、附近車站之間的關係都顯示在地圖上！」\n　　．「出門在外，一切以簡便實用為依歸！這本就是道地的行家旅行祕笈！」\n　　．「善用日本完整的公交網路，自由組合出獨一無二，充滿自我風格的旅程！」\n　　．「無論是6~10天的中短期走踏、1個月以上的長期壯遊，這本書通通hold得住！」\n　　．「在緊要關頭派上用場的，非它莫屬！」\n\n　　【決勝內容！】\n　　◆◆【正面】，橫跨全境，折扇式全日本公交大地圖：\n　　日本全線全站全收錄！全國JR、私鐵、地下鐵、路面電車折疊式大地圖！\n\n　　◆◆【背面】，2017全新版，全日本陸海空三大類路線圖：\n　　①日本列島鐵道路線一覽圖\n　　．鐵道路線圖\n　　．首都圈．中京圈．京阪神圈\n　　．地下鐵．路面電車路線圖／札幌．函館．仙台．東京．橫濱．豐橋．名古屋．富山．高岡．京都．大阪．堺．神戶．岡山．廣島．松山、高知．福岡．長崎．熊本．鹿兒島．那霸\n　　②都市交通詳細路線圖\n　　③高速巴士、航空、渡輪導覽圖！\n　　．主要高速巴士路線網\n　　．日本航空路線\n　　．主要長距離船路\n\n　　◆◆【附錄】，鐵道、巴士、飛機、船舶4大工具使用指南：\n　　64頁4大交通工具行前注意事項，票價、費用、購票方式、搭乘規範，\n　　前半部分成「路線」、「列車」、「景點」介紹各地區推薦搭乘的路線、列車以及推薦景點。\n　　後半部則以JR為主，說明票價和費用的規範。\n\n　　【挑戰不同級別的旅行！】\n　　◎入門玩家\n　　善用日本鐵道，選定北海道、四國、本州、九州其中一島規劃6~10天的中短期旅程！\n　　◎中階玩家\n　　善用日本鐵道＋巴士，深入日本內地，規劃12~18天的深度旅遊！\n　　◎進階玩家\n　　運用陸海空三大交通工具自行組合變化，規劃1個月以上的遠距離壯遊，一次認識全日本！\n\n　　★★鐵道旅遊獨家的魅力★★\n　　▌鐵道路線最完善：\n　　用遍佈全日本，號稱最完善的鐵道路線＋小客車，深入大小景點！\n　　▌旅程安排最自由：\n　　日本車程時間準確、車輛速率、種類豐富，免驚迷路，精確計算旅行時間！\n　　▌享受當地限定商品、便當：\n　　享受新幹線、特急列車車內販售服務，蒐集限定商品、鐵路便當、地區名產！\n　　▌蒐集車站紀念章：\n　　JR、私鐵、地下鐵皆會提供「車站紀念章」，設計各有千秋，定期更新！\n　　▌造訪特色鐵道景點：\n　　走訪山頂路線、廢線鐵路、車輛機廠等鐵道特有景點，設計主題旅行。\n\n　　【6大推薦路線＆列車＆景點】\n　　◎北海道．東北：JR宗谷本線、JR富良野線、JR根室本線．石勝線、 JR五能線⋯⋯\n　　◎關東．伊豆：JR外房線、JR鶴見線、伊奈線、舊筑波鐵道、伊豆急行⋯⋯\n　　◎甲信越．北陸：黑部峽谷鐵道、JR中央本線、富士急行、JR小海線⋯⋯\n　　◎東海．關西：名鐵犬山線、長良川鐵道、JR山陰本線、近鐵京都線⋯⋯\n　　◎中國．四國：伊予鐵道、JR木次線、JR瀨戶大橋線、JR土讚線、舊JR大社線⋯⋯\n　　◎九州：JR肥薩線、舊國鐵佐賀線、南阿蘇鐵道、JR豐肥本線、JR日豐本線⋯⋯\n\n　　★★附錄小冊．四大交通工具使用全攻略★★\n\n　　【鐵道篇】：日本全國都鋪設了完善的鐵路網，最方便的交通工具，非鐵道莫屬！\n　　【巴士篇】：比新幹線和特急鐵道更實惠。不需要轉乘，直達鐵道無法通行的觀光景點！\n　　【飛機篇】：遠程旅行的省時選擇！越來越多優惠票種，走空路也能夠便宜實惠！\n　　【船舶篇】：小資旅遊最愛，在海風吹拂下悠閒享受高級艙房的奢華之旅！\n\n　　【鐵路旅行行前須知】\n　　◎各類車票的介紹：特急券、急行券、綠色券、寢台券功能，選擇自己的理想票卷！\n　　◎車票的購買方法：何時買、何處買、怎麼買？了解購票管道，算好時間，買票不NG！\n　　◎票價的優惠方案：來回、學生、轉乘優惠資格，告知符合條件適用的各種折扣優惠。\n　　◎票價的費用計算：特急券、指定席券、綠色券會額外加價，了解各種價格計算方法。\n　　◎車票的取消變更：中斷旅行、坐過站，車票使用前後的退票基準條件。\n　　◎車票相關二三事：便利卡式車票、手提包、背包等隨身行李的攜帶和使用規範。\n\n　　【巴士旅行行前須知】\n　　◎搭乘巴士須知資訊：票價系統和付款、上下車、查詢班次間距、時刻表。\n　　◎車票的購買方法：高速巴士乘車前多需要先行預約，提供預約、取票和聯營班次說明。\n　　◎巴士的搭乘說明：高速巴士的內裝、隨身行李、座位、設備、服務基本說明。\n　　◎中途上下車的方法：介紹中途上下車的注意事項，了解站牌區分、停靠方式。\n　　◎巴士的優惠方案：活用儲值卡＆1日通行票，讓乘車付款更加輕鬆、便利。\n\n　　【飛機旅行行前須知】\n　　◎搭機以前的必備手續：預訂機位和開票、直接訂位、便利商店訂位、網站上訂位方法。\n　　◎各種航空票價一點通：特定航班、早鳥、來回優惠，可優惠至定價的7折！\n　　◎機位的取消變更與候補：一般、優惠票需扣除的手續費、預定候補機位。\n　　◎登機的事前準備：登機手續、隨身行李、報到、托運、嬰兒隨行等程序說明。\n\n　　【船舶旅行行前須知】\n　　◎船票的購買方法：預訂方法、取票方法、票價和優惠，揭開海上之旅序幕。\n　　◎海上旅遊注意事項：抵達港口的交通方式，用餐時間、暈船、交通工具載運費用計算。\n　　◎客房與船內設施：套房、特等、1等、2等臥鋪、餐廳、食堂、運動設施、遊戲區介紹。\n\n本書特色\n\n　　◎一圖統合全國JR、私鐵、地下鐵、路面電車路線：\n　　全日本鐵道總圖＋地區路線圖，將便利的鐵道交通網用到極致，讓旅程效率最大化！\n　　◎以方便背包客「隨身攜帶」為最高設計原則：\n　　9 X 25cm摺扇長型拉頁設計，全書不到250克，比手機更輕巧！\n　　◎4大交通工具實戰攻略，自由組合，用CP值最高的方式一次玩日本：\n　　提供鐵道、巴士、航空、海路4大交通工具行前須知，從買票到搭乘、轉乘一路不NG！\n　　買東西時、品嚐美食時、泡溫泉時……，在日本，還有許多您不知道的大大小小規矩，都在「漫遊日本Q&A！」單元為您做詳細解說，讓您更了解日本，融入當地文化！\n　　\n　　4.收錄日本7大都市電車路線圖，最實用！\n　　收錄「東京」、「大阪」、「京都」、「橫濱」、「名古屋」、「福岡」、「札幌」等7大都市的電車路線圖，另附上中文翻譯，方便您自在穿梭於便捷的電車系統內，暢遊全日本各大美麗城市！\n　　\n　　5.精采齊全的附錄，最多元！\n　　收錄豐富的附錄內容，不但帶您認識日本各個縣市，連日本的各個特殊節慶都為您一一做詳盡的介紹，讓您外出不怕遇到店家關門，隨時趕得上熱鬧的祭典活動，請帶著這本書來場痛快的自助旅行，大玩特玩一番吧！\n　　別擔心，只要手上有這本《帶著日語趴趴走》就萬事OK！', '楓書坊', '2017-07-25', '繁體中文', '旅遊', 'http://im2.book.com.tw/image/getImage?i=https://www.books.com.tw/img/001/075/88/0010758897.jpg&v=596f50cd&w=348&h=348', '9789865639228');
INSERT INTO `book` VALUES ('1421', '13', '0010707010', '世界動物地圖：以互動方式帶你認識全世界的動物（附贈明信片、觀察指南，以及超過250多個貼紙）', '芭芭拉‧泰勒', '著有120多本童書與兒童百科，曾於倫敦自然歷史博物館擔任科學編輯。她曾獲頒美國自然科學協會獎與國家閱讀協會WOW獎', '本書最適合喜歡動物的小讀者們！\n 一起來探索世界上各種令人驚奇的動物吧！\n　　這本內容豐富的地圖書，以鮮明活潑的插圖，介紹了全世界各地區的基本地理知識，包括國家、主要山脈、河流與湖泊。\n　　同時書裡用各種具互動性的方式，讓小讀者們從不同的棲息地找出不同的生物，認識關於全世界的棲息地與特有動物，讓小讀者們覺得非常有趣又好玩，想一翻再翻！\n　　本書並附有250多張貼紙、6張名信以及個人專屬的觀察小指南，讓小朋友可以怎麼玩都不會膩。\n　　小朋友可以利用每頁地圖上的小標示來學習如何看懂地圖、使用地圖，或者可以將貼紙貼到書中的各個動物棲地或自己專屬的觀察小指南，或者將明信片寄給其他人，也可以叢書中的知識小檔案，學習到許多關於動物的有趣知識！本書特點\n　　★以地圖的概念，分區介紹全世界的特有動物，同時也介紹生物群落、地理、氣候、植被\n　　★附有知識小檔案，介紹更多動物相關知識\n　　★附有250多張貼紙，引導孩子在不同棲息地找到不同的動物\n　　★附有個人專屬觀察小手冊，內有各種互動問答，讓小朋友更容易吸收所學到的動物知識\n　　★附有6張明信片與一張全開大海報\n　　★可利用地圖座標及羅盤教導孩子閱讀地圖\n　　★書內插圖由德國得獎插畫家繪製，活潑明亮，以視覺呈現各項知識，可以激發孩子探索的好奇心好評推薦\n　　台北市文化國小　楊志文（102年台北市自然科優良教師）\n　　台北市天母國小　羅文杰（103年台北市自然科優良教師）\n　　這是一本很棒的世界地圖集，非常附有教育性。插圖顏色鮮明又繽紛，同時也呈現豐富的知識。對小讀者們來說，本書透過文字與圖像呈現各項關於動物的知 識，各個小細節都非常有吸引力。書內還包含具有教育性的小活動，介紹了關於地理、國家與生態環境，非常適合做為補充教材閱讀。──English Associations Summer Issue\n　　本書以互動方式，從地圖的概念來介紹全世界的動物，非常適合小讀者閱讀。──Fiona Noble Bookseller Children\'s Preview\n一起來探索世界上各種令人驚奇的動物吧！\n \n　　這本內容豐富的地圖書，以鮮明活潑的插圖，介紹了全世界各地區的基本地理知識，包括國家、主要山脈、河流與湖泊。', '遠流', '2016-02-26', '繁體中文', '童書/青少年文學', 'http://im1.book.com.tw/image/getImage?i=https://www.books.com.tw/img/001/070/70/0010707010.jpg&v=56c2fa79&w=348&h=348', '9789573276869');
INSERT INTO `book` VALUES ('1422', '14', 'E050011352', '房思琪的初戀樂園', '林奕含', '出生於臺南，現居臺北。沒有什麼學經歷。所有的身分裡最習慣的是精神病患。夢想是一面寫小說，一面像大江健三郎所說的：從書呆子變成讀書人，再從讀書人變成知識份子。', '令人心碎卻無能為力的真實故事。\n 性、權力、升學主義──青澀的表皮、變態社會的日常\n 如果這件事情正在發生，我們要怎麼假裝世界上沒有人以強暴小女孩為樂？\n　　「我下樓拿作文給李老師改。他掏出來，我被逼到塗在牆上。老師說了九個字：『不行的話，嘴巴可以吧。』我說了五個字：『不行，我不會。』他就塞進來。那感覺像溺水。可以說話之後，我對老師說：『對不起。』有一種功課做不好的感覺。」痛苦的際遇是如此難以分享，好險這個世界還有文學。\n　　小小的房思琪住在金碧輝煌的人生裡，她的臉和她可以想像的將來一樣漂亮。補習班國文名師李國華是同一棟高級住宅的鄰居。崇拜文學的小房思琪同樣崇拜飽讀詩書的李老師。\n　　有一天李老師說，妳的程度這麼好，不如每個禮拜交一篇作文給我吧，不收妳鐘點費。思琪聽話地下樓了。老師在家裡等她，桌上沒有紙筆。\n　　思琪的初戀是李老師。因為李老師把她翻面，把他的東西塞進去。那年的教師節思琪才十三歲，這個世界和她原本認識的不一樣。\n　　如果這是愛情，為什麼覺得暴力？為什麼覺得被折斷？為什麼老師要一個女學生換過一個女學生？如果這不是愛情，那滿口學問的李老師怎麼能做了以後，還這麼自信、無疑、無愧於心？\n　　這是一部驚人而特別的小說，小說作者既具有高度敏銳的感受力、又是一個近距離目擊者，使這整件事像一個「倖存的標本」那樣地被保留下來。整本書反覆地、用極度貼近被侵害者的視角，直直逼視那種「別人奪去妳某個珍貴之物」的痛苦──且掠奪之人是以此為樂。【Misfits書系】\n　　聚焦於各種底層、邊緣、非主流、格格不入的個人或群體的生命記事。取材自民族誌、生命史、報導文學、陰性書寫、人文研究、社科調查等。書系精神為不渲染浮誇悲歌、不消費廉價溫情、不製造刻板印象、不鞏固傲慢偏見，但求揭露隱蔽、翻轉污名、傳達喑啞者的聲音、體現各種活著的姿態。最終讓人明白，故事的書寫者、故事裡的主人翁，乃至故事的閱讀者，在生命旅程中都可能是misfit。驚心、難捨──各界推薦\n　　「《房思琪的初戀樂園》具足了擲地有聲的雛鳳挺拔之姿。」──張亦絢\n　　「來自於真實世界的故事、惡意，……這本書的書寫，本身就是一種知識傳遞的可能。」──蔡宜文\n　　「這是個恐怖，耽美，像轉動音樂盒那樣各部位小齒鍵，又像無數玫瑰從裂縫伸出，綻放的故事。很像納博可夫和安潔拉．卡特的混生女兒。」──駱以軍\n　　「這本小說乍看談論權力不對等之性與暴力，實際上更直指文學及語言如何成為誘姦與哄騙之物……顯然不只是一本最佳新人等級的作品。」──湯舒雯\n性、權力、升學主義──青澀的表皮、變態社會的日常\n如果這件事情正在發生，我們要怎麼假裝世界上沒有人以強暴小女孩為樂？', '游擊文化', '2017-02-07', '繁體中文', '文學小說', 'http://im2.book.com.tw/image/getImage?i=https://www.books.com.tw/img/001/074/32/0010743217.jpg&v=591ae2be&w=348&h=348', '9789869236478');
INSERT INTO `book` VALUES ('1423', '15', 'F013876135', '刻意練習：原創者全面解析，比天賦更關鍵的學習法', '安德斯‧艾瑞克森,羅伯特‧普爾', null, 'From the world’s reigning expert on expertise comes a powerful new approach to mastering almost any skill.\n\nHave you ever wanted to learn a language or pick up an instrument, only to become too daunted by the task at hand? Expert performance guru Anders Ericsson has made a career studying chess champions, violin virtuosos, star athletes, and memory mavens. ', '方智', '2017-06-01', '繁體中文', '生活風格', 'http://im1.book.com.tw/image/getImage?i=https://www.books.com.tw/img/001/075/27/0010752714.jpg&v=59143d4b&w=348&h=348', '9780544947221');
INSERT INTO `book` VALUES ('1424', '16', 'E050015775', '你的善良必須有點鋒芒：36則讓你有態度、不委曲，深諳世故卻不世故的世道智慧', '慕顏歌', '　一個選擇擁抱世間溫暖的心理諮詢師，一個行走在文字世界裡的靈動舞者，感情細膩、喜歡思考、長期致力於心理研究，著述和譯作頗多。\n\n　　作品包括：\n　　《讓未來的你，感謝現在拚命的自己》\n　　《這一生為自己而活》\n　　《人生有多殘酷，你就該有多堅強》\n　　《你的善良必須有點鋒芒》', '善良，是一種選擇\n但善良不該等同妥協或吃虧\n缺乏標準的善良\n會為難自己，又慣縱了他人\n就因為你很善良，底線應該更高\n你當善良，且有力量', '采實文化', '2017-04-27', '繁體中文', '心理勵志', 'http://im2.book.com.tw/image/getImage?i=https://www.books.com.tw/img/001/075/00/0010750061.jpg&v=58ef5378&w=348&h=348', '9789869452809');
INSERT INTO `book` VALUES ('1425', '17', 'E050010653', '朋友與敵人：哥倫比亞大學╳華頓商學院聯手，教你掌握合作與競爭之間的張力，當更好的盟友與更令人敬畏的對手', '亞當．賈林斯基,莫里斯．史威瑟', '亞當．賈林斯基Adam Galinsky\n\n　　哥倫比亞大學商學院管理組所長、教授。普林斯頓大學博士。\n\n　　主要研究與教學領域包括領導、權力、談判、決策、多元與倫理。研究榮獲科學界無數國際獎項，2016年實驗社會心理學協會「職業生涯獎」得主，該獎每年選出一位「創意出眾、學術生產力卓著，處於或接近科學生涯巔峰」的研究者。Thinkers 50「50大商業思想家」（2015）、 Poets and Quants「全球最佳50位商學院教授」（2012），以及凱洛管理學院與普林斯頓大學教學獎得主。\n\n　　他為全球數百位客戶提供顧問服務，主持領導工作坊，其中包括財星百大企業、非營利組織、地方與全國政府。\n\n莫里斯．史威瑟Maurice Schweitzer\n\n　　賓州大學華頓商學院營運與資訊管理學系教授。華頓商學院博士。\n\n　　研究領域包括情緒、道德決策與談判過程。於華頓主管培訓課程、MBA與大學部教授談判與進階談判課程。數度獲頒教學獎，包括華頓惠特尼傑出教學獎、華頓浩克卓越教學獎。管理學院與國際衝突管理學會最佳論文獎得主。\n\n　　賈林斯基與史威瑟發表過200多篇科學期刊與書籍章節，橫跨管理學、心理學、經濟學等領域。文章散見《經濟學人》（The Economist）、《紐約時報》（New York Times）、《華爾街日報》（Wall Street Journal）、《金融時報》（Financial Times）、《紐約客》（New Yorker）雜誌，並登上全國公共廣播電台等媒體。', '──── 了解人性，你才能創造雙贏 ────\n（並且讓自己多贏一些！）\n\n　　哥倫比亞大學╳華頓商學院聯手，引用最新原創研究\n　　揭開合作與競爭的成功祕訣！\n\n　　◆    競爭與合作不是二選一 ◆\n　　掌握敵友關係的正確平衡\n　　才能在面試、會議、談判等場合，為自己創造有利環境！\n\n　　◤ 為什麼我們應該在面試場合想辦法最後一個上場，買賣房子的時候卻應該第一個喊價？\n　　◤ 為什麼榮獲奧斯卡最佳影片的電影，大多在美國10月至12月間上映？\n　　◤ 為什麼笨手笨腳反而能提升地位與權威？\n　　◤ 什麼時候人才太多反而不是好事？\n　　◤ 如何靠著欺騙建立信任？\n\n　　成功的要素是什麼？有人認為人類天生愛好競爭，追求私利才能出人頭地。也有人指出人類演化上屬於合作的物種，合群最能帶來成功。\n\n　　哥倫比亞大學賈林斯基教授與華頓商學院史威瑟教授則主張：人並非天生愛競爭，也非天生就該合作，而是競爭中有合作，合作中有競爭。\n\n　　不論是同事、朋友、配偶、手足，我們在每一段關係中同時扮演敵友兩種角色。要在最複雜的人類互動中勝出，我們不能將競爭與合作視為二擇一的問題，必須抓到這兩股力量的平衡，才能對外培養長期關係，又達到個人目標。\n\n　　兩位作者引用自家實驗室與社會科學界最新的原創研究，外加真實世界的鮮明例子，教大家靈活遊走於合作與競爭之間，以更聰明的方式決定何時該合作、何時又該競爭。包括：\n\n　　▌如何在面試時展現自信？\n　　│POINT│不論是面試新工作、開口邀人約會、開會時讓主管印象深刻，在許多情境下，我們都可以靠著增加自己「感受」到的權力，取得更大優勢！\n\n　　▌如何成為團隊中被公認的領導者？\n　　│POINT│實驗與實例證明，光是簡單回想自己擁有權力的經驗，促發「權力感」，就能影響短期行為，並且帶來持久效果！\n\n　　▌順利的時候怎麼做才不會招來眼紅？\n　　│POINT│別人或許會恭喜我們，但一般人不會承認自己嫉妒。我們很容易觸發了「社會比較」，謙虛的方法則是分享負面資訊，滿足聽眾的幸災樂禍！\n\n　　▌如何建立信任與修補破碎的信任？\n　　│POINT│跟精神科醫師學習──打翻咖啡，或是講蹩腳笑話，有點笨手笨腳讓他們看起來不那麼完美，比較溫暖、比較可親，能夠在短時間內取得對方的信任！\n\n　　▌如何減少職場紛爭與偏見？\n　　│POINT│要降低互動帶來的焦慮，以及避免刻板印象，「觀點取替」都是理想策略。它可以幫助我們與多元的人建立關係，讓其他人想助我們一臂之力！\n\n　　▌如何在談判過程中達成目標，但也讓相關人士都滿意，樂於繼續與你合作？\n　　│POINT│多數人第一次出價都太客氣了！了解「錨定效應」，提出積極的高價，預留讓步的空間，是讓競爭談判變合作談判的關鍵！\n\n　　當我們在合作與競爭中找到平衡時，才會有最佳表現。在本書中，你將學會同時以朋友身分合作、也以對手身分競爭，在工作與生活中得到最大成就！\n\n■各界推薦\n\n　　★ 呂秋遠｜律師、謝文憲｜企管講師??大力推薦！\n　　★《紐約時報》、《經濟學人》、《金融時報》、《INC》雜誌、歐普拉網??一致好評！\n\n　　呂秋遠｜律師、作家\n　　謝文憲｜企管講師、作家、主持人\n　　安琪拉．達克沃斯｜《恆毅力》作者\n　　亞當．格蘭特｜《給予》作者\n　　艾美．柯蒂｜《姿勢決定你是誰》作者\n　　丹尼爾．品克｜《動機，單純的力量》作者\n　　羅伯特．席爾迪尼｜《影響力》作者\n　　貝瑞．史瓦茲｜《我們為何工作》作者\n　　奇普．希思｜《創意黏力學》共同作者\n　　班．梅立克｜《Facebook》作者\n　　史考特．史塔索｜《我的焦慮歲月》作者\n　　————好評推薦————\n\n　　「好久沒讀到如此精彩的社會科普類書籍，我筆記做得好累！」────丹尼爾．品克／《動機，單純的力量》作者\n\n　　「這本書會讓你變成更棒的同事、更厲害的談判者，以及更好的人！」────貝瑞．史瓦茲／《我們為何工作》作者\n\n　　你紅，朋友就認識你；你潦倒，你就認識朋友。本書將朋友與敵人，從競爭、合作、領導、賽局等不同角度切入，讓我看得欲罷不能、回味無窮。——謝文憲，企管講師、作家、主持人\n\n　　兩位最受敬重的成功學學者解釋，如何才能既合作又領先他人。本書有憑有據又有趣，相當實用！——安琪拉．達克沃斯Angela Duckworth，《恆毅力》作者\n\n　　本書以趣味橫生的方式探討合作與競爭的本質，找出為什麼我們會和自己的臉書朋友做比較、為什麼性別差異其實源自權力差異，以及為什麼在談判時第一個出價通常比較好。——亞當．格蘭特Adam Grant，《給予》作者\n\n　　本書講我們的思考與行為如何受合作與競爭之間的張力影響，讓人想一口氣讀完。——艾美．柯蒂Amy Cuddy，《姿勢決定你是誰》作者\n\n　　好久沒讀到如此精彩的社會科普類書籍，這本書提供太多深入見解與聰明建議，我筆記做得好累！——丹尼爾．品克Daniel H. Pink，《動機，單純的力量》作者\n\n　　這是一本充滿實用資訊與精彩見解的寶庫。我們全都得合作與競爭雙管齊下才能成功，本書提供絕佳建議！——羅伯特．席爾迪尼Robert B. Clialdini，《影響力》作者\n\n　　何時該合作，何時該競爭，不同研究常有不同說法，作者賈林斯基與史威瑟精彩地加以整合，提供所有人都能運用的實用建議。——奇普．希思Chip Heath，《創意黏力學》共同作者\n\n　　令人大開眼界的精彩讀物。這是一本娛樂性十足的獨特指南，引導我們在職場、在家裡、在生活中改善關係與解決衝突。——班．梅立克Ben Mezrich，《Facebook》作者\n\n　　十分精彩的一本書。本書不但集合麥爾坎．葛拉威爾與《蘋果橘子經濟學》的最佳元素，也和自我成長商管書一樣實用。——史考特．史塔索Scott Stossel，《我的焦慮歲月》作者\n\n　　本書新鮮實用的見解，讓人看到將研究成果散布到象牙塔外的好處……兩位作者幫了我們大家一個大忙，掀開學者蓋在與社會大眾最息息相關的研究上的面紗。——《紐約時報》（New York Times）\n\n　　兩位學者是研究讓人們有老大心態的「權力促發」先驅，他們發現，一旦被促發權力感，就連最拘謹的人，行為都會產生極大變化。——《經濟學人》（The Economist）\n\n　　兩位作者提供新鮮有趣又經常違反直覺的例子，協助讀者同時成為有力盟友與難纏對手。若是無法依據情勢遊走於競爭與合作之間，註定會失敗。——《金融時報》（Financial Times）\n\n　　領導者不必釋權，也能打造人人彼此信任的環境……兩位作者分享了數個如何靠小步驟就能辦到的實用範例。——《INC》雜誌\n（並且讓自己多贏一些！）\n\n　　哥倫比亞大學╳華頓商學院聯手，引用最新原創研究\n　　揭開合作與競爭的成功祕訣！', '時報出版 ', '2017-04-05', '繁體中文', '商業理財', 'http://im1.book.com.tw/image/getImage?i=https://www.books.com.tw/img/001/074/74/0010747480.jpg&v=58ca22da&w=348&h=348', '9789571369563');
INSERT INTO `book` VALUES ('1426', '18', '0010745548', '被討厭的勇氣：自我啟發之父「阿德勒」的教導', '岸見一郎,古賀史健', '岸見一郎\n　　暢銷書《被討厭的勇氣》作者岸見一郎動人新作\n　　1956年，生於京都。京都大學文學研究科博士課程修畢（專攻西洋古代哲學史）。現任京都聖高等學校看護專攻科客座講師、日本阿德勒心理學會認可諮商師、日本阿德勒心理學會顧問等職。著有《被討厭的勇氣：自我啟發之父「阿德勒」的教導》（究竟）、《拋開過去，做你喜歡的自己：阿德勒的「勇氣」心理學》（方舟文化）等書。譯者簡介\n黃美蓉\n　　畢業於政治大學新聞學系、日本一橋大學商學研究科。喜好閱讀、攝影及旅遊。', '被討厭的勇氣》人際關係行動版！**\n　　阿德勒說：「所有的問題，都是人際關係的問題。」\n　　是時候，下決心根治長期困擾自己的人際痛症：\n　　戒掉委曲求全、向情緒勒索說不、勇敢為自己發言……\n　　你，最想改變哪一個？\n　　★作品銷量突破155萬本！\n　　★真正解決生活困境，「改變人生」的經典書，終於誕生！\n　　★NHK《早安日本》專題播放，引起廣大日本觀眾熱烈迴響！\n　　★日本亞馬遜暢銷榜書！\n　　困擾我們、阻礙我們人生的，都是生活中的細瑣小事！\n　　百萬日本人高喊：請直接告訴我，我的煩惱該怎麼解決！\n　　「日本自我啟發之父」岸見一郎，\n　　將許多讀者反應有讀沒有懂的「被討厭的勇氣」，\n　　轉化為一看就懂的常理，\n　　教導你如何活用阿德勒心理學，一一破解生活中的大小煩惱。\n　　本書收錄橫跨十歲～八十歲各年齡層、各種工作位階的88個人生提問，\n　　關於沒自信、同儕排擠、工作不順、嫁不出去、老公無能、生不出小孩、婆媳糾葛……\n　　生活中所有的煩惱，你都可以在本書中找到解答。　你的人生當中，是否發生過以下困擾？\n　　■沒自信是一種病嗎？\n　　◎老是擔心別人怎麼看自己，而變得不敢說真話，岸見一郎提醒你：\n　　你並不是沒自信、擔心別人怎麼看，所以不敢說真話。而是以「沒自信、擔心別人怎麼看」為理由，然後「不說出真心話」。只要有一位可以說真心話的朋友就好，你完全不需要對所有的人說真心話。而且，根本就不可能對所有人說真心話。雖然不說話就不會引起風波及產生摩擦，但什麼都不說，對人際關係的長期發展來說，並不是一件好事。因為讓人摸不著頭緒的人，會令人害怕，並漸漸避而遠之。　■流言好可怕\n　　◎好朋友在背後說我壞話，我受到打擊而有了交友傷痕，岸見一郎教你：\n　　實際上你並不知道，朋友有沒有說壞話。如果你想要繼續這段友誼，可以當面問他。你會難過，恐怕是，早在你聽到那些話之前，心中對那位朋友的感覺早已出現變化。請記住，會在背後說別人壞話的只是少數。不要將自己的遭遇視作普遍情形。因為你不想再遭遇一次這樣的事情，所以認為只要逃避人際關係，就可以不再遇到，真的好的人際關係是，反而你要更加積極投入人群，才能正面的、真正的解決問題。■職場好傷人\n　　◎我的主管動不動就罵人，好想離職，不想工作了，岸見一郎這麼解：\n　　職場是工作的場所，如果在意與工作沒有直接關係的人際關係，反而本末倒置。長官會無理斥責下屬的理由是，必須藉由這樣的方式，守住自己的權威。藉由斥責下屬，以獲得優越感，是長官想要的認同渴望，下屬不需要滿足長官的認同渴望。假如長官說了不對的事情，只要針對那一點進行反駁即可。假如這樣做仍無法好好努力下去、不想去工作的話，與其說是因為長官的言行太過無禮，不如說是為了逃避工作而將其作為藉口。　■不討厭別人的勇氣\n　　◎不管到哪裡工作，職場裡總會出現討厭的人，岸見一郎教你：\n　　討厭的人必定存在，在職場上，確實會出現別人對我們做了討厭的事情，或是被說了討厭的話等情況。如果工作順利，即使討厭某人，也不會持續介意。雖然也會有需要和討厭的人一起工作的情況，但並不是要和那個人成為朋友。有可能是，你想要將工作無法順利進展的理由，推到那種人的存在。如果工作可以順利進行的話，漸漸地就不介意了。　■愛情這門學問好難\n　　◎因為我沒有固定的工作，無法跟女友結婚讓她幸福，岸見一郎這麼說：\n　　不是你要讓女朋友幸福，而是兩人同心協力一起變得幸福。結婚，不是幸福的結局，只是開始。如果認為對方是「和這個人在一起，即使發生任何狀況，都可以擺脫」的人，結不結婚都沒關係。所謂還沒有固定工作，而當作是婚姻猶豫不決的理由。其實只是為了將不結婚正當化，而拿固定工作當理由。　■婚姻是幸福還是墳墓？\n　　◎我很後悔早婚，婚後才發現真命天子，好想重新來過，岸見一郎這麼說：\n　　人生無法重新來過，也沒有所謂的「真命天子」。但是，想要一起走人生道路的人，就有可能成為真命天子。雖然妳婚後才遇到真命天子，而讓妳想要人生重新來過，其實是因為妳的婚姻出現問題，所以將那位男性當作理由。只要妳還是認為結婚是一種束縛，不管跟誰，相同狀況一定會再度發生。因為只要活在可能性之中，就不需要面對現實。　■家庭這種病\n　　◎我的父母什麼事都要管，實在很煩，岸見一郎這麼說：\n　　父母擔心孩子絕對是父母的善意，但對孩子來說，便是干涉。不論孩子幾歲了，父母還是當作小孩對待。人際關係的問題，都是因為干涉別人的課題或是被干涉而引起。親子關係也不例外。只要父母感受不到小孩已經長大的事實，就會干涉。在拒絕父母干涉時，請不用「嚴厲話語」。只要平穩地說「沒關係我可以自己來」就好。如果可以說的話，試著說聲「謝謝您的擔心」！　■婆媳一定會糾結嗎？\n　　◎我有一個愛命令別人、插手家事的婆婆。岸見一郎這麼說：\n　　妳婆婆不知道自己會讓妳不舒服，只是她做的事沒有被認可就提不起勁，對於這種特別需要被認可的人，不是要滿足她的認同渴望，而是要協助她具備貢獻感。那些被褒揚方式養育長大的人，會希望藉由自己所做之事獲得認同，如果對方沒注意到，就會不惜做些讓人討厭的事情以獲得認同。請藉由關注婆婆行為的恰當面向，忽視該行為的不恰當面向。我們無法改變過去的事情，所以從現在開始，當婆婆幫忙做家事時，試著說出「謝謝」、「有婆婆真是得救了」。反而可以引導婆婆做妳希望她為妳做的事情。　　　■老年的意義\n　　◎我明年就退休了，很怕自己變成無用的老人，岸見一郎這麼說：\n　　感受到自己歸屬於某個共同體是人的基本需求，所以離開占了大半人生的職場，會讓很多人感到不安。即使沒辦法這個那個都做，也不代表自己沒有價值。即使拚命讓周遭的人知道，自己可以與年輕人一樣，在證明的時候，就已經做得太過火了。不要在可以達成什麼這件事上，找出自己的價值，要認為自己存在著的這件事，本身正是價值所在，並在此基礎上做些可以做到的事情。請試著想想，自己想為自己做些什麼。關於本書\n　　本書分為三部，由個人出發，再由年齡區分，談及人生各階段的困擾。\n　　第一部由個人的煩惱開始，慢慢擴展與朋友的相處問題。第二部依年齡層區分，首先點出青年的煩惱，在歷經求學、求職、戀愛等人生課題。第三部壯年的煩惱：婚姻問題、子女教養、婆媳關係等。最後進入老年階段，老年人面臨退休後的不安、對孫子的教養等問題。\n　　作者站在阿德勒心理學的觀點，一一點出困擾我們人生的生活瑣事中的癥結點，並提供改善的方法，點亮讀者面對人生的勇氣。名人推薦\n　　【感動推薦】　(依姓名筆畫順序排列)\n　　周慕姿 心理諮商師／作家\n　　張德芬 身心靈作家\n　　張國立 作家\n　　黃子佼 多媒體跨界王\n　　貴婦奈奈 諮商心理師\n　　螺螄拜恩 暢銷書人氣作家\n　　阿德勒說：「所有的問題，都是人際關係的問題。」\n　　是時候，下決心根治長期困擾自己的人際痛症：\n　　戒掉委曲求全、向情緒勒索說不、勇敢為自己發言……\n　　你，最想改變哪一個？', '究竟', '2014-10-30', '繁體中文', '心理勵志', 'http://im2.book.com.tw/image/getImage?i=https://www.books.com.tw/img/001/065/31/0010653153.jpg&v=543baa1a&w=348&h=348', '9789869408189');
INSERT INTO `book` VALUES ('1427', '19', '0010756010', '蒙特梭利專家親授！教孩子學規矩一點也不難：淡定面對0～6歲孩子的情緒勒索，不用對立也能教出自律又快樂的孩子【隨書贈：孩子3階段身心發展特色＆教養祕訣提醒】', '羅寶鴻', 'Henry羅寶鴻 老師\n\n　　AMI國際蒙特梭利協會0～3歲、3～6歲翻譯講師，有近20年幼兒教育經驗，在台灣北、中、南等地區舉行過上百場演講、家長講座、及師資訓練課程。多年來在幼兒教育的耕耘獲得許多家長的信賴，面對家長教養煩惱的諮詢，以最親切又專業的態度回覆，其堅定而溫和的文字，總是能療癒每個因為教養而焦躁不安的爸爸媽媽。\n\n　　身為一個4歲男孩的父親，從迎接新生命的驚喜到看著孩子漸漸成長，透過陪伴孩子的親身經驗，印證蒙特梭利教養理論的深奧與偉大。與孩子相處的每一天都充滿了驚喜與感動，同時也促成他以更靈活實用的方式，將蒙特梭利理論實際應用在家庭教育，以愛而不寵的方式，陪伴孩子跟隨內在需求成長茁壯。這些體驗與感觸，還有多年來在教育現場實際協助許多家長的實務經驗，羅老師關於蒙特梭利實踐版教養的精華全濃縮於本書。\n\n　　For the Love of the Child——是羅老師的座右銘，老師期許透過這些分享，能幫助更多父母與家長瞭解孩子：讓他們更能聽到孩子內心的聲音，更能看到孩子真正的色彩……讓孩子都能擁有自己的一片天。\n    \n　　最近，老師更利用臉書進行『羅寶鴻老師：蒙特梭利教育理論FB直播』，希望透過網路突破家長無法現場參加的障礙，將蒙特梭利教育傳播給更多家長，幫助更多家庭。\n\n　　【經歷】\n　　Epoch Casa 誼寶蒙特梭利親子教室 創辦人\n　　Uncle Henry English Tutor 安可美語 創辦人\n　　AMI國際蒙特梭利協會 國際師資培訓課程 翻譯講師\n　　AMI國際蒙特梭利協會 0～3歲、3～6歲國際認證導師\n　　新北市 福樂蒙特梭利雙語幼兒園 教學顧問 \n　　台北市 娃娃家蒙特梭利幼兒園 教學顧問\n　　新竹市 私立蒙特梭利幼兒園 教師指導顧問\n　　中華民國蒙特梭利教師協會 師訓講師\n　　新北市國際兒童教育協會 師訓講師\n　　Uncle Henry English Tutor美語師資培訓師\n　　新竹市 私立同信幼兒園 園長\n　　新竹市 福曼莎幼兒園 園長\n　　新竹市文化中心 美語講師\n　　美國TVB USA電視台 節目主播\n\n　　羅寶鴻老師的FB：Henry羅寶鴻 老師@unclehenrylo\n　　【老師的線上直播】\n　　‧ㄧ歲半到三歲「自我認同危機」或者是「叛逆期」我們給予的教育方式\n　　www.facebook.com/pg/unclehenrylo/videos/?ref=page_internal\n　　‧六個月到一歲「斷奶期」、與「客體化危機」的教育關鍵\n　　www.facebook.com/pg/unclehenrylo/videos/?ref=page_internal    ', 'No.1兼具幼兒發展理論、實際案例、具體教養步驟的\n全方位蒙特梭利教養書\n「爸媽不發飆，孩子輕鬆教」的優雅教養祕訣！\n32則案例28個QA分享 × 73個蒙特梭利專家觀點 × 3階段幼兒教養提醒\n\n　　孩子愛亂碰東西、一意孤行、自我中心、\n　　在餐廳亂叫、推人搶玩具、要玩具不買就哭鬧……\n　　好言相勸被當耳邊風，罵他又不聽，打了又心疼，\n　　最怕的就是他當眾哭鬧……唉～教孩子怎麼就這麼難啊！\n\n　　別擔心！20年幼教經驗的蒙特梭利專家Henry羅寶鴻老師教你——\n\n　　★優雅教養6大祕訣\n\n　　【祕訣1】制定明確規範並堅持態度——確立原則、堅持原則 \n　　【祕訣2】與孩子討論並約定——事前約定\n　　【祕訣3】孩子違反規範時，成人可先採取的措施——提醒四步驟\n　　【祕訣4】幫助孩子建立規範的祕訣——兩個選擇 \n　　【祕訣5】淡定面對孩子的情緒反應——同理但不處理、不要坐以待斃\n　　【祕訣6】正確對待孩子錯誤的方式——秋後算帳\n\n　　★讀懂孩子身心發展特色，教養事半功倍——\n\n　　【8～10個月】愛亂丟東西、跟大人玩你丟我撿\n　　Q. 孩子現在10個月，老愛故意丟手上的東西怎麼辦？\n　　A： 孩子不是頑皮！此時他的手部髓鞘化到達手掌及手指，正處於「有意識釋放手中物品」的發展期，這是孩子在成長過程中，為完美自身動作的必然階段性發展過程，動作精鍊就不會亂丟東西。\n\n　　【1～1.5歲】愛玩日常生活中的易碎品\n　　Q. 孩子1歲2個月，老愛玩爸媽的玻璃杯，怎麼勸都勸不聽……\n　　A： 這時期的孩子處於探索環境期，想探索日常生活環境的內在衝動比後天控制力強，與其不讓孩子碰這些「易碎品」，不如教他如何小心使用，再由大人在一旁觀察監護。孩子在探索的過程中可以滿足內在需求並發展專注力。\n\n　　【1.5～3歲】喜歡說「不要！」、講都講不聽\n　　Q. 孩子2歲半，大人叫他不要做的事情講都講不聽，該怎麼辦？\n　　A： 1.5～3歲的孩子正處於「自我認同危機期」，當他想做一件事被成人阻止，就會有強烈的反抗行為，也開始會跟成人說「不要」，來切割自己與成人。可活用本書的「提醒四步驟」、「兩個選擇」、「同理不處理」，讓孩子體驗做了錯誤選擇後的結果。\n\n　　【1.5～3歲】不要大人幫忙卻又愛生氣\n　　Q.孩子2歲半，玩積木蓋房子做不好，自己生氣又不讓大人幫忙…… \n　　A：在孩子沒有主動要求下，成人不干涉孩子的活動、或協助孩子，否則可能讓他失去了自我修正、自我學習、以及自我完美的機會。培養孩子獨立自主的能力，注意不要給予他不必要的協助。\n\n　　【1.5～3歲】孩子愛推別人、搶別人玩具\n　　Q.孩子2歲8個月，只要覺得其他小朋友會來搶他正在玩的東西，就會動手推人，怎麼辦？\n　　A：這是孩子在2～3歲發展中常出現的行為（尤其是男生），不是他「故意不聽話」或「講都講不聽」。若有需要，家長可以用「溫和、穩定」的態度介入。先安撫受委屈的孩子，就能讓孩子知道冒犯了別人，之後重申規範，確立原則。\n\n　　【4～6歲】做錯事會怪罪別人\n　　Q. 4歲孩子做錯事後一直抱怨：「都是媽媽害的！」「我討厭媽媽！」該怎麼辦呢？\n　　A：在「自我認同危機期」時，成人若沒有做到「給予孩子選擇的機會」，讓他「經驗選擇後的結果」，孩子就不會學到如何做出正確選擇、並為自己的行為負責任。孩子出現這些不尊重的話語時，當下要清楚跟他說明；之後在適當時機跟孩子討論，並約定以後不講這些不尊重父母的話。\n\n　　【4～6歲】不給他買玩具就耍賴、大哭\n　　Q. 4歲孩子到百貨公司吵著買玩具、不給他買就當眾尖叫大哭……\n　　A： 孩子哭鬧時，不要用責備、對立的方式繼續挑釁他的情緒。活用「堅持原則」、「同理但不處理」、「不要坐以待斃」、以及「轉移孩子注意力」的方法，就能解決孩子耍賴的問題。\n\n　　更多精彩案例分享與問題解決方法請見本書……\n\n【本書特色】\n\n　　1. 針對0～6歲，根據幼兒發展特性，以案例和實際教養訣竅呈現的「蒙特梭利家庭教育」教養專書。\n\n　　2. 分三大部分介紹【理論篇：父母最常有的教養盲點！】【實踐篇：教養從讀懂孩子開始！】【心態調整：教孩子，從準備好自己開始！】從教育心法到理論實踐以及心態調整，內容最全面。\n\n　　3. 每一部前均教養情境檢測表或發展特色與常見問題，以及教養觀念實踐SOP圖，簡單易懂好吸收。\n\n　　4. 隨書附【孩子3階段身心發展特色＆教養祕訣提醒】拉頁，最實用的教養提醒祕訣。', '野人 ', '2017-06-28', '繁體中文', '親子教養', 'http://im1.book.com.tw/image/getImage?i=https://www.books.com.tw/img/001/075/60/0010756010.jpg&v=59411074&w=348&h=348', '9789863842118');
INSERT INTO `book` VALUES ('1428', '20', '0010749164', '心智圖單字記憶法：心智圖的聯想記憶法，字根、字首、字尾串聯3000個國際英語測驗必背字', '楊智民,蘇秦', '‧國立台灣師範大學英語學系畢業，英語教學研究所進修\n　　‧歷任台北市立桃源國中英語科召集人、台北市立龍山國中英語科教師\n　　‧現為國立員林家商英語科教師\n　　‧編修高職英文教材，擔任線上解惑教師\n　　‧鑽研英文詞根十餘年，尤其是古印歐詞根與格林法則語音轉換、詞根關聯與字源考據等方面蘇秦\n　　‧兩岸英語學習書暢銷作者\n　　‧鑽研單字教材教法逾二十載\n　　‧曾任國立高雄師範大學、台南大學、南台科技大學單字記憶課程講師', '心智圖的聯想記憶法\n字根、字首、字尾\n串聯3000個國際英語測驗必背字\n　　60個高頻率出題範圍\n　　480個字根、字首、字尾\n　　超過3000個國際英語測驗必背單字\n　　輕鬆應付GRE、SAT、GMAT、托福、雅思......\n　　加贈真人朗讀MP3與讀者限定無料「進階加強版」850字根\n　　暢行全球之路，用心智圖一手掌握！\n　　英語學習書收錄的字彙量再多，如果缺乏記憶策略，就只是一份單字表而已，只靠死背很難進入長期記憶，而且耗時費力。英語字彙有些拼寫冗長，但可拆解，因此熟習字根、字首、字尾等詞素，確實是增進單字量的必修工法。本書所統整收錄的詞綴有益於讀者擴充字彙，甚至舉一反三。\n　　視覺圖像可以讓人印象深刻，幫助記憶與回想，只要能將訊息圖像化便能夠提升記憶效果。那該怎麼做呢？「心智圖」就是能解決這種問題的好工具。本書靈活運用心智圖，把字根、字首、字尾聯想串連起來，單字一個接著一個背，輕輕鬆鬆達到熟記、牢記程度。\n　　使用說明\n　　◎背單字前，先瀏覽單元主題和八大字根，針對每一核心字根聯想相關衍生字。動腦聯想再實際比對本書單字，更可加深印象。\n　　◎細心觀察以粗體字標示出的核心字根，留意字根變形， 例如「spers-」有變體「spars-」，有的字根變體可能多達十多個。\n　　◎背完單字或讀完單元例句後，閉目聯想心智圖樣貌，或用白紙畫出自己的心智圖，顯著提升記憶效果。\n　　◎用手機掃描右上角QR-code收聽單元完整音檔，或用電腦輸入網址加上單元編號，輕鬆下載存檔。邊看、邊記、邊聽，學習效率加倍口碑推薦\n　　江明憲│新北市立新店高中英文教師\n　　吳佩蓉│台中市立西苑高中英文科召集人\n　　楊昌宸│國立彰化高中數學教師\n　　楊瑞濱│台北市立復興高中英文教師兼主任\n　　盧映孜│翻譯工作者\n　　（依姓氏筆劃排序）', '晨星', '2017-04-13', '繁體中文', '語言學習', 'http://im1.book.com.tw/image/getImage?i=https://www.books.com.tw/img/001/074/91/0010749164.jpg&v=58de2fcb&w=348&h=348', '9789864432417');
INSERT INTO `book` VALUES ('1429', '21', '0010743500', '教養的秘密：無效管教Out，科學育兒 In，兒童發展專家王宏哲的新世代教養術（隨書附贈【幸福教養療癒系】便條誌）', '王宏哲', '兒童發展醫學專家 王宏哲\n　　育有兩子。天才領袖教育集團執行長、天才領袖親子網創辦人，國立陽明大學醫學院腦科學研究所博士班在職進修、碩士畢業、長庚大學醫學院畢業，台灣大學醫學院臨床講師，台北市社會局兒童發展顧問，各大保姆協會、幼稚園顧問。現為衛視中文台「一袋女王」節目常態來賓。「王宏哲教養育兒寶典」粉絲團高達30萬人。\n　　著有《孩子的教養，你做對了嗎？》、《教孩子比IQ更重要的事》、《跟著王宏哲，早期教育so easy！》，皆為博客來網路書店教養暢銷書榜首。\n　　◆天才領袖兒童發展中心官方網站：www.leaderkid.com.tw/', '35大教養秘密，超過100種的科學育兒妙招！\n 50年來的傳統育兒迷思，一本書全部破解\n 原來孩子心裡想的是這個，爸媽、阿公、阿嬤全都搞錯了\n 30萬粉絲期待，最適合新世代父母的育兒秘笈\n　　關於育兒與教養，新世代父母總有許多的迷思及焦慮，無論是百歲千歲派、狼爸虎媽派、極端教養派、親密育兒派……，都有不少追隨者。\n　　但是世界上有多少人，就有多少種個性。孩子也是一樣。如果想要用一種方法，就要教育我們所有的下一代，那就是「逃卡派」（頭殼壞）。\n　　暢銷親子書專家、兒童發展教育專家王宏哲，十多年來始終堅持「科學育兒派」。本書參考最新的醫學、心理、行為等科學研究，將最新的育兒知識、父母最頭痛的疑難雜症，用科學方法加以完整且輕鬆解讀，幫助爸媽走出教養的困境！　　最適合新世代父母的育兒秘笈\n　　．為什麼總是調皮搗蛋？ 孩子不是討罵，而是在討玩。\n　　．跟你最像的孩子，就是最難教的孩子。想要改變孩子，父母先改變自己。\n　　．媽媽們，不是妳不夠好。是太累了！該停止自責的負能量　　最科學的教養法則\n　　．小孩還小不用教？從小就要培養受挫力。父母要善用自身的經驗，幫孩子在逆境看到自己的進步。\n　　．不打招呼≠沒禮貌。可能孩子還沒準備好，又或是他不見得對每個對象都那麼喜歡，若用強迫的方式，最後會讓他更反感、更討厭社交。\n　　．最難教的孩子，其實個性跟你最像！想要懂孩子，父母要先懂自己；想要改變孩子，父母要先改變自己。\n　　．孩子講不聽？固執，將來更有機會成大器。但父母要幫助孩子把「固執」用在對的方向，轉換成「擇善固執」，像是願意與他人分享、接受彈性的意見、不要太過度的自我中心。\n　　．飯一定要吃完最後一口？還餵得下就代表沒吃飽？吃完飯就給點心當獎勵？錯誤的飲食教養迷思，會造成健康危機。本書特色\n　　1.35幅教養情境漫畫，王老師一針見血「神回覆」，點破爸媽的管教歧見與育兒迷思。\n　　2.內容圖文並陳、表格分析，重點原則清楚標示，適合忙碌的現代爸媽閱讀。\n　　3.將十六年來評估過超過十三萬人次兒童身心發展的精華予以濃縮，涵蓋父母最關心的教養問題，從學齡前到學齡後的孩童都適用。\n　　4.附贈50張幸福教養療癒便條誌，寫下夫妻溝通的意見、孩子今天的好表現。好評推薦\n　　★知名女主持人嚴立婷\n　　★網路紅人Nico品筠&Kim京燁 【那對夫妻】\n　　★暢銷親子作家 彭菊仙、陳安儀、張美蘭(小熊媽)\n　　★人氣小兒科醫師 黃瑽寧、黃立心', '時報出版', '2017-02-21', '繁體中文', '親子教養', 'http://im1.book.com.tw/image/getImage?i=https://www.books.com.tw/img/001/074/35/0010743500.jpg&v=5a4b7b4b&w=348&h=348', '9789571368924');
INSERT INTO `book` VALUES ('1430', '22', '0010759709', '乒乓全五冊套書（首刷限量贈品版）', '松本大洋', '松本大洋　Matsumoto Taiyo\n\n　　1967 年出生於東京。\n\n　　1987 年以《STRAIGHT》進入講談社《Afternoon》雜誌四季賞的秋季賞準入選，從此出道。\n\n　　長篇漫畫作品包括：《STRAIGHT》、《ZERO》、《花男》、《惡童當街》、《乒乓》、《GOGO　Monster》、《No. 吾》、《竹光侍》、《Sunny》。另著有短篇集、畫冊，以及繪本等。\n\n　　其中《竹光侍》獲得第15 回手塚治虫文化賞漫畫大賞，《Sunny》獲得第61 回小學館漫畫賞、2017年第20回日本文化廳Media芸術祭Manga部門優秀賞。', '◎ 首刷限量贈品：台灣限定「PING PONG」球1顆（漫畫Logo、主角Peco、Smile三款圖樣隨機出貨）。\n　　◎《惡童當街》、《Sunny》作者松本大洋天才之作！台灣首次出版！\n　　◎ 套書內容：彩色典藏盒裝＋《乒乓》1-5全＋彩稿卡片3張＋作品全介紹海報。松本大洋乒乓彩圖一網打盡！物超所值！\n　　◎ 贈品乒乓球尺寸：約直徑4CM。\n　　◎ 每集皆收錄初版卷頭彩頁4P。\n　　◎ 台灣版收錄松本大洋後記＋《桌球王國》編輯部中川學特別解說。\n　　◎ 台灣版由「Mangasick」副店長黃鴻硯翻譯、旅日動漫達人馬世儀日文審定、愛爾達體育台主播吳昇府桌球專業術語審定、漫畫家力本手寫字、香港「松本大洋的外星分部」及「紙本分格」撰寫全介紹，匯集各界死忠鐵粉達人超熱血製作！\n\n　　◎松本大洋：\n　　「我非常喜歡《乒乓》這部作品，連自己都厚臉皮地覺得：竟然能畫出這麼好的漫畫啊！」\n\n　　◎《航海王》作者尾田栄一郎：\n　　「看到《乒乓》這部作品時，很吃驚的感覺到『這世上有天才』，而且還覺得光靠努力是無法畫出那種作品呢。」\n\n　　◎日本《桌球王國》編輯部中川學：「空前絕後的桌球漫畫！」\n\n　　◎2002年曾改拍成電影（窪塚洋介主演）、2014年拍成動畫（湯淺政明執導），兩者也都是經典！\n\n　　《乒乓》描述兩位同樣熱愛乒乓的天才中學生——活潑熱情、零食不離嘴的Peco（星野裕），和冷淡低調、手中老把玩魔術方塊的Smile（月本誠），遇上乒乓精英學校「海王學園」主將Dragon（風間龍一）、中國留學生China（孔文革），和兒時玩伴惡魔間Akuma（佐久間學）的挑戰；勝者為王，敗者未必為寇。才能的殘酷，考驗著青春無悔的友誼。\n\n　　本書從故事到分鏡作畫都大受好評，是松本大洋描繪對決性運動出類拔萃之作。漫畫中有許多比賽場面，壓迫感和速度感十足，讓人熱血沸騰！每場比賽的分鏡都十分出色，松本大洋在2D的畫面中呈現非常驚人的時間和空間張力，畫面有時切割、有時滿版、有時充滿狀聲詞、有時留白無聲，可說是「神之分鏡」。連松本大洋自己都覺得要超越此作很不容易。\n\n　　雖說以「乒乓」為主題，但此作絕非「運動漫畫」可一言蔽之。呼應松本大洋歷來作品中一冷一熱的主角Smile和Peco，從小一起長大，從一面倒的單向崇拜和壓抑，演變成勢均力敵的對手。次要角色也都性格鮮明，每個人的心事和掙扎都巧妙點出，引人共鳴。青春校園中、運動賽事場上，對才華的欣賞和嫉妒，選手間的惺惺相惜，學長弟間崇拜和被崇拜的情感考驗，都讓書中的男子情誼讓人動容。最末的兩場對決尤其令人感動。\n\n　　1996年在日本初版的《乒乓》，2002年改編成同名真人電影，由曾利文彥執導、鬼才宮藤官九郎編劇，窪塚洋介、ARATA、李燦森、中村獅童主演。2014年，日本天才動畫師湯淺政明改拍成電視動畫《乒乓 THE ANIMATION》，勇奪2015年東京動畫獎（TAAF）年度最佳電視動畫大賞，也是許多人「跪著看完」的經典。\n\n　　《航海王》作者尾田栄一郎視松本大洋為偶像，在畫集《ONE PIECE COLOR WALK 5~SHARK~》中邀松本對談時說：「我一直認為『這世上沒有天才』。而且認為不管是哪個成功的人，都是因為比別人更加努力的關係。但是在看到《乒乓》這部作品時，很吃驚的感覺到『這世上有天才』，而且還覺得光靠努力是無法畫出那種作品呢。」盛讚的同時，也呼應了書中情節。', '大塊文化', '2017-07-31', '繁體中文', '漫畫', 'http://im2.book.com.tw/image/getImage?i=https://www.books.com.tw/img/001/075/97/0010759709.jpg&v=596f42bd&w=348&h=348', '9991060725020');
INSERT INTO `book` VALUES ('1431', '23', '0010758823', 'Sweet Pig黃沐妍 寫真', '黃沐妍', '暱稱：小豬\n　　生日：7/18\n　　血型：O\n　　星座：巨蟹座\n　　身高：165\n　　體重：45\n　　三圍：30D/23/33\n　　興趣：武術、日本拔刀道、中國劍、唱歌、看電影、射箭\n　　小豬最愛：粉絲們&吃東西、我愛吃甜食、我愛吃豬頭肉\n　　粉絲專頁：黃沐妍-小豬\n', '★21×28大開本，更加貼近黃沐妍！★呆萌女神——黃沐妍籌備半年的第一本個人寫真書！「你心中的黃沐妍是什麼樣子呢？」\n　　小豬黃沐妍，不只有可愛的臉蛋以及性感的身材，在許多綜藝節目上更經常可見小豬努力的演出，也因此吸引到許多的粉絲的支持。\n　　為了回饋一直聲援小豬的粉絲，籌備企劃半年，小豬的第一本個人寫真書終於誕生！\n　　為了這次的作品，小豬努力健身、運動保持身材，也在造型上突破自我，嘗試了居家、日式、嘻哈、韓風，以及從沒有過的大尺度性感、壞壞街頭風，只為了呈現給大家最完美的樣子，讓大家感受到小豬對粉絲們的重視。\n　　拍攝上萬張照片後，精選兩百多張精華！居家可愛、慵懶性感、青春洋溢等數種不同造型風格的小豬盡收本書，你會喜歡哪個呢？等你一窺究竟！', '水靈文創', '2017-07-28', '繁體中文', '生活風格', 'http://im2.book.com.tw/image/getImage?i=https://www.books.com.tw/img/001/075/88/0010758823.jpg&v=5965fa41&w=348&h=348', '9789869426770');
INSERT INTO `book` VALUES ('1432', '24', 'E050019234', '生酮治病飲食全書：酮體自救飲食者最真實的成功告白', '吉米．摩爾,艾瑞克．魏斯特曼', '在2004年戲劇性地成功減重82公斤，讓他成為深受各界歡迎的〈過著低碳水化合物生活〉部落格負責人，也是幾個iTune健康類podcast節目〈過著低碳水化合物生活〉的主持人。\n　　但僅僅只是低碳水化合物生活，卻讓他復胖、昏昏欲睡、時時感到疲勞，令其相當困擾；之後獲知生酮飲食，便毅然決然於2012年親身實驗生酮飲食對自己的影響，其結果令人驚奇，他成功擺脫高膽固醇、高血壓、呼吸問題用藥，不僅躍升為健康界的名人，更成為生酮飲食的代言人。\n　　在他的podcast節目中，訪問了超過900位世界各地的頂尖健康專家，全心投入傳播最佳資訊，希望讓大家能夠在健康方面做出最佳的決定。\n　　目前他和妻子克莉絲汀居住在南加州的斯帕坦堡，在自家前院裡玩飛盤高爾夫。想進一步了解吉米．摩爾及其志業，請造訪www.livinlavidalowcarb.com。艾瑞克．魏斯特曼 醫師（Dr. Eric C. Westman）\n　　醫療與財務管理碩士\n　　為杜克健康企業醫學院副教授暨北加州德蘭杜克生活醫學診所主任，是長期研究生酮飲食的醫學專家。\n　　他是一位內科醫師，結合了臨床研究以及臨床生活型態治療，用於治療肥胖、糖尿病、菸癮患者，目前為美國美國內科減肥醫師協會的主席，以及肥胖協會與一般內科醫學會成員。\n　　他是《膽固醇聲明》的作者之一，也是《肥胖：評估與治療要點》、《新阿金飲食法：獻給全新的你》（《紐約時報》暢銷書）的作者之一。\n　　魏斯特曼醫師看診之外的時間，喜歡參加舞蹈課程。', '終於等到了！台灣生酮界最盼望的一本生酮飲食書！\n全世界唯一持續一年嚴格的酮體親身驗證，\n至今已持續四年以上的生酮飲食生活！\n完全擺脫高血壓、高膽固醇，成功減重82公斤，\n並有全球23位醫學專家的共同見證！\n連專家都拍手叫絕，迫不及待想投入酮症的境界！', '柿子文化', '2017-04-27', '繁體中文', '醫療保健', 'http://im2.book.com.tw/image/getImage?i=https://www.books.com.tw/img/001/074/91/0010749139.jpg&v=58de2fcb&w=348&h=348', '9789869431224');
INSERT INTO `book` VALUES ('1433', '25', '0010759011', '閉起雙眼你最掛念誰', 'Middle,林夕', '香港寫作人，\n　　喜歡寫，但不喜歡為寫而寫，\n　　總是很忙，但享受忙裡偷閒。\n　　讀者遍及香港、台灣、澳門與星馬等地，\n　　不過即使只得一個人有共鳴，他就已經心滿意足。\n　　著作包括小說《在我們忘記之前》、《永遠的平行線》、《十二首歌》，\n　　散文集《等心息》、《曾經，有一個這樣的你》等。\n　　臉書：www.facebook.com/MiddlePage\n　　網誌：mid810.mysinablog.com\n　　E-mail：mid810@gmail.com\n　　Instagram：mid810林夕\n　　畢業於香港大學文學院，主修翻譯，\n　　曾任港大中文系助教、快報編輯、亞洲電視節目部創作主任／節目部副經理、音樂工廠創作總監／總經理、商業電台廣告創作及製作部主管／商業電台創作顧問／商業電台顧問。現全職寫字', '總有一個人，不必提起也會憶起，\n 總有一句詞，不必哼起也會念起，\n Middle的文，你的故事╳林夕的詞，你的心事。　　「在Middle筆下這十七個故事，應該有許多我寫詞時沒意想過的內容，設計不來的感動。」──林夕\n　　匆匆那年，我們見過太少世面，只愛看同一張臉，\n　　春風也一樣，沒吹進凝固的照片，徘徊在似苦又甜之間，\n　　還沒有開始，才沒有終止，不怪那吻痕還沒積累成繭。\n　　就像那年匆促刻下，永遠一起，那樣美麗的謠言──\n　　就算我對她越來越好、跟她越來越親近，\n　　但仍然不能讓她淡忘某一個人的影子、\n　　那些曾經有過的開心或傷心片段……\n　　有時我會覺得，自己連一個回憶都贏不了，\n　　又憑什麼可以讓她得到幸福。\n　　其實我掛念的，是很喜歡我的那個他，\n　　是那一個我最初喜歡上的他、認識未深的他；\n　　但那個他，是已經不會再出現的了，\n　　那我何必過份執著一定要擁有，\n　　為什麼不可以簡單一點，純粹地喜歡下去？　　誰沒愛過幾個勉強讓你愛一愛的人？兜兜轉轉如輪迴幾趟後，誰不曾如大夢初醒驚覺：「原來你就在這裡，怎麼是你在這裡？」\n　　是的，只要問問：「閉起雙眼你最掛念誰？眼睛張開身邊竟是誰？」\n　　單單那一個「竟」字，足以開展每個人不一樣的故事。──林夕', '春天出版社', '2017-07-20', '繁體中文', '文學小說', 'http://im2.book.com.tw/image/getImage?i=https://www.books.com.tw/img/001/075/90/0010759011.jpg&v=59674bb9&w=348&h=348', '9789869507714');
INSERT INTO `book` VALUES ('1434', '26', '0010759771', '虛像的丑角', '東野圭吾', '東野圭吾\n\n　　1958年生於日本大阪市，大阪府立大學工學部電氣工學科畢業。曾在汽車零件供應商擔任工程師，1985年以處女作《放學後》獲得第31屆「江戶川亂步賞」後，隨即辭職，專心寫作。1999年以《秘密》一書獲得第52屆「日本推理作家協會賞」，2006年則以《嫌疑犯X的獻身》榮獲第134屆「直木賞」和第6屆本格推理小說大賞，更憑此作入圍2012年由美國推理作家協會主辦的「愛倫坡獎」年度最佳小說，不僅成為史上第一位囊括日本文壇三大獎項的推理作家，更是第二位入圍「愛倫坡獎」年度最佳小說的日本作家。2012年，他又以《解憂雜貨店》榮獲第7屆「中央公論文藝賞」，該書並連續4年蟬連台灣各大書店排行榜，創下空前銷售佳績。\n\n　　他早期的作品以校園青春推理為主，擅寫縝密精巧的謎團，獲得「寫實派本格」的美名。後期則逐漸突破典型本格，而能深入探討人心與社會議題，兼具娛樂、思考與文學價值。其驚人的創作質量與多元化的風格，使得東野圭吾成為日本推理小說界的超人氣天王。另著有《徬徨之刃》、《美麗的凶器》、《異變13秒》、《黎明破曉的街道》、《偵探俱樂部》、《天空之蜂》、《假面山莊殺人事件》、《在大雪封閉的山莊裡》、《學生街殺人》、《十字屋的小丑》、《同級生》、《操縱彩虹的少年》、《平行世界的愛情故事》、《人魚沉睡的家》、《白金數據》等書，其中多部作品並已被改編成電視劇、電影或漫畫。\n', '自以為是主角，會不會其實只是丑角？\n自以為的真實，會不會其實只是虛像？\n\n暌違5年！「伽利略」終於回歸！\n理性與感性交織的最強短篇7連發！', '皇冠', '2017-07-31', '繁體中文', '文學小說', 'http://im2.book.com.tw/image/getImage?i=https://www.books.com.tw/img/001/075/97/0010759771.jpg&v=596f42bf&w=348&h=348', '9789573333173');
INSERT INTO `book` VALUES ('1435', '27', 'E050027084', '高敏感是種天賦：肯定自己的獨特，感受更多、想像更多、創造更多', '伊麗絲‧桑德', '心理治療師，丹麥奧胡斯大學神學碩士，碩士論文以卡爾．榮格與齊克果為主要研究。身為高敏感族的一員，更了解高敏感族的心情與苦處。接受各類心理療法的專業訓練，現為丹麥心理治療學會會員，並在丹麥國家教會擔任教區牧師近十一年，現從事心理諮商督導、培訓講師、專業講者與心理諮商師。', '丹麥心理治療師伊麗絲‧桑德擄獲全世界敏感族的心理課\n全球美、日、韓、德、法18 國語言版權狂銷！\n拯救全球15億人口的心靈之書\n每5人中就有1人的「高敏感族」，你也是其中之一嗎？\n　　為什麼常覺得自己事情做不好、在人前丟臉？\n　　大家都說我太敏感、玻璃心、想太多！這是我的問題嗎？　　丹麥心理治療師教你，用19 個方法面對自己、向外溝通，\n　　你就是你，勇敢享受與眾不同的天生才能！\n　　你是否常有下列這樣的心情↓↓↓\n　　*不愛給人添麻煩\n　　*曾為他人眼中的小事深受打擊\n　　*只要周邊發生衝突就想躲起來\n　　*容易有罪惡感\n　　*面對大量資訊時，特別容易焦慮\n　　*討厭到人多的地方\n　　*覺得自己做不好事情敏感，不一定只會為你帶來限制，也能為你開啟新的可能。什麼是高敏感族？\n　　「高敏感族」一詞，是由美國精神分析學者伊蓮艾融博士（Dr. Elaine Aron）在1996年所提出。根據艾融博士的描述，高敏感族很容易因為外在環境刺激而出現不適感，而且幾乎所有不舒服的感覺都會被放大。例如，他們待在太多刺激的環境中就想逃離、對於短時間內要應付很多事感到煩躁、很容易被別人的情緒影響、不喜歡犯錯、容易自責等等。\n　　由於反應出來的行為較為纖細，也因此，常常會被周遭人說「想太多」「瞎操心」「太脆弱了吧」，因為現在的社會普遍喜愛活潑外向、樂觀進取的人。\n　　但，這是高敏感人的錯嗎？你是最獨特的、也是最好的\n　　身為高敏感族，同時也長期為高敏感族做諮商輔導的丹麥心理治療師──伊麗絲‧桑德，特別將她多年來的輔導案例、個人經驗匯集成書。\n　　不僅為社會大眾詳細解釋什麼是高敏感族，更點出高敏感族的才能其實勝於一般人，因為心思細膩，所以可以體會到比大眾更多的訊息。同時她也實際整理出19個方法，教導高敏感族如何與外界不瞭解自己的人相處、面對不瞭解自己的該如何調整心態。\n　　出版不到一年就獲得世界18國家的推崇，讓經常否定自己、總是自覺不如人的高敏感族驚覺，原來自己並不奇怪，自己的天生個性是好的、是受神寵愛的天生能力。也更有勇氣面對自己、面對大眾！\n　　敏感不是缺陷，只是神賜給你的最特別的禮物。\n　　勇敢開啟這獨特的獨特接收器吧！本書特色\n　　1. 丹麥心理治療師伊麗絲‧桑德首本中文著作，身為高敏感族的她，解開世人對高敏感族的疑惑。\n　　2. 特別設計的「高敏感族自我檢測量表」，方便讀者確認自己的敏感指數。\n　　3. 詳列高敏感族常有的心理問題並提供解決之道，另整理出19個方法教導高敏感族對外溝通、向內相處。\n　　4. 書末收錄「好點子清單」，教導高敏感族善用各種活動經營生活、自我放鬆。★台灣名人理解推薦！\n　　《嬰兒與母親》雜誌總編輯 江桂香\n　　兒童文學工作者 李貞慧\n　　科普心理作家 海苔熊\n　　親職專欄作家 陳安儀\n　　家庭醫學科主治醫師 劉晏孜\n　　精神科醫師 鄧惠文\n　　《媽媽寶寶》雜誌社長 鄧懿貞\n　　理解推薦（依姓氏筆劃排序）　　‧高敏感是與生俱來的氣質，究竟會成為孩子的弱點或是優點，父母的教養方式非常重要。─《嬰兒與母親》雜誌總編輯 江桂香　　‧這本書不該只推薦給高敏感的人，同時也適合推薦給這幾種人：高標準的人、自尊很低的人、無法拒絕別人的人、總是感覺到罪惡感的人、害怕生氣就會失去關係的人。─科普心理作家 海苔熊　　‧這本書讓我們由腦至心完成療癒。─家庭醫學科主治醫師 劉晏孜★各地讀者跨國按讚！　　‧如果我可以早點看過這本書，小時候就不會那麼痛苦。－日本讀者angeko　　‧這本書讓我有超有感受的，以前覺得自己「奇怪」但原來是我的天生能力。－韓國讀者SOOMIN　　‧這本書讓我找回自信，也想給我身邊的親朋好友看。－美國讀者JANCC', '三采', '2017-07-28', '繁體中文', '心理勵志', 'http://im1.book.com.tw/image/getImage?i=https://www.books.com.tw/img/001/075/92/0010759276.jpg&v=596c91df&w=348&h=348', '9789863428510');
INSERT INTO `book` VALUES ('1436', '28', '0010751153', '在咖啡冷掉之前', '川口俊和', '大阪府茨木市人。一九七一年生。劇團音速蝸牛前任劇本家兼導演。代表作有「COUPLE」、「黃昏之歌」、「family time」等。本書原作的舞台劇，1110 Produce公演「趁著咖啡還沒冷」，獲得第十屆杉並演劇祭大獎。本書為作者出道之作。', '拜託了，請讓我回到那一天！\n　　「聽說來這裡，就能回到過去，是真的嗎？」\n\n　　一間能回到過去的咖啡店，一連串奇蹟般的際遇，\n　　所編織出關於──愛與懊悔的故事。', '悅知文化', '2017-05-01', '繁體中文', '文學小說', 'http://im2.book.com.tw/image/getImage?i=https://www.books.com.tw/img/001/075/11/0010751153.jpg&v=58fdd3cb&w=348&h=348', '9789869462518');
INSERT INTO `book` VALUES ('1437', '29', '0010565992', '大家學標準日本語【初級本】（超值組合：課本＋文法解說．練習題本＋東京標準音MP3）', '出口仁', '　部落格、facebook、YouTube點閱率數十萬人次 人氣名師\n\n　　●日本國立筑波大學畢業，並取得「外國語教育教師證照」。\n　　● 2000年開始定居台灣，並展開日語教學，已有10年以上日語教學經驗。\n　　●曾任教於永漢日語，擔任日語教師，並兼任日語教師培訓工作；以及日商HITACHI、大葉高島屋百貨、華碩電腦、阪急阪神國際運通、台灣YKK、三陽工業…等企業日語教師。\n　　●現任新北市婦女學苑、新北市松年大學、台北市靜修女中、台北市政府日文班之日語教師。\n　　●同時透過個人網站進行網路教學及日語家教（包含日語學習、日檢），為全台少見同時具備實體教學&網路線上教學經驗之日語名師。\n　　●作者製作的日語教學影片在YouTube點閱率達97萬人次。透過板書講解，釐清各種文法概念，博得許多日語學習者好評。\n\n　　【出口仁老師個人網頁】sites.google.com/site/deguchijapanese\n　　【facebook出口日語】www.facebook.com/deguchijapanese', '【大家學標準日本語】系列\n由具有「外國語教育教師證照」之日籍老師，\n根據生活、工作、檢定等目的，為各程度量身打造專業課程，\n完整規劃學日語必備的、全系列三冊「127個具體學習目標」！', '檸檬樹', '2012-09-27', '繁體中文', '語言學習', 'http://im1.book.com.tw/image/getImage?i=https://www.books.com.tw/img/001/055/87/0010558794.jpg&v=504f3347&w=348&h=348', '9789866703638');
INSERT INTO `book` VALUES ('1438', '30', '0010759903', '便利店人間【限量作者親簽版】', '村田沙耶香', '1979年出生於千葉縣，玉川大學文學系畢業。\n　　2003年以《授乳》獲得第四十六屆群像新人文學獎優秀獎，出道文壇。\n　　2009年以《銀色之歌》獲得第三十一屆野間文藝新人獎。\n　　2013年以《白色城市，它的骨頭、體溫》獲得第二十六屆三島由紀夫獎。\n　　另有作品《返家之門》（タダイマトビラ）、《殺人生產》（殺人出産）、《消滅世界》等。', '只有擁有完美生活指南的便利店，\n才能讓我得以成為這世界正常的「零件」。\n\n第155屆芥川賞得獎作品\n今年度，最衝擊社會普世價值，\n動搖「正常」與「異常」的人格界線，\n引起媒體熱烈討論，極具話題性的寫實小說。', '悅知文化', '2017-07-31', '繁體中文', '文學小說', 'http://im2.book.com.tw/image/getImage?i=https://www.books.com.tw/img/001/075/99/0010759903.jpg&v=59709442&w=348&h=348', '0010759903');
INSERT INTO `book` VALUES ('1439', '31', '0010758641', '山茶花文具店', '小川糸', '作家。甫踏入文壇，出道作《蝸牛食堂》便成為超級暢銷書，不但於2011年獲得義大利書報亭文學獎，並於2013年獲得法國尤金妮．布哈吉耶小說獎。其他作品包括：《喋喋喃喃》《白色沙灘旁的龜鶴助產院》《趁熱品嚐》《再見了，我》《彩虹花園》《馬戲團之夜》，散文《與企鵝生活》《這樣的夜》《黃昏啤酒》《今天的天空色彩》《這樣就很幸福：小川糸的減少生活29條》，繪本《蝴蝶》《瑪德蓮與魔法糕點》等多部作品。\n　　個人官網：「糸通信」www.ogawa-ito.com', '★超越森見登美彥、西加奈子、原田舞葉等知名作家，榮獲2017本屋大賞TOP4的暖心物語！\n　　★作者小川糸以自己在鎌倉居住的經驗為基礎打造的最新長篇作品！書中附有手繪鎌倉導覽圖與十六封手寫書信，將手寫的溫度與感動表達得淋漓盡致！\n　　★2017年4月，NHK改編為日劇《山茶花文具店──鎌倉代筆人物語》，由多部未華子主演。\n　　★小野（作家）、銀色快手（荒野夢二書店店主）、石芳瑜（永樂座書店店主）、夏琳（南崁1567小書店店主）、張鐵志（作家）、羅素素（晃晃書店店主）　有溫度推薦\n　　★喜歡和風、喜歡文具與書信，也喜歡美食的人必讀的一冊！\n　　★為了用中文展現原書書信之美，公開徵求中文「筆優」，短短10天即有高達250人投稿！\n　　不論是想說出口的「謝謝」，還是說不出口的「抱歉」，\n　　那些無法言說的話語，就由我為您投遞吧──\n　　雨宮家是源自江戶時代、有悠久歷史的代筆人，專為將軍正室與側室代筆書信，且傳女不傳男，代代皆由女性繼承家業。上代是我的外祖母；至於我，當我回過神時，發現自己已莫名其妙變成了第十一代傳人。\n　　現在的代筆人和以前大不相同，舉凡紅包袋、招牌、獎狀、店家的問候明信片，甚至連日式餐廳的菜單都照接不誤。當然，為無法親自寫信的委託人代筆書信，讓他們的心意能順利傳達出去，也是山茶花文具店的業務範圍。\n　　像是那位想讓無緣的舊情人知道「我很好」「希望妳過得幸福」的溫文男士；\n　　為了讓彼此真正自由，而下定決心與對方絕交的匿名小姐；\n　　決定以手寫信函向親友報告離婚一事的男子；\n　　想替亡父寫一封「天國情書」給母親的兒子……\n　　表面上經營的是一家文具店，但是說白了，其實就是和文字相關的打雜工。\n　　然而，對於曾叛逆離家，甚至連上代過世時都不在她身邊的我來說，住在這個家裡經營文具店，心裡其實是充滿糾結的啊……\n　　情書、絕交信、慰問信、來自天堂的信……\n　　身為雨宮家第十一代傳人的鳩子，\n　　今天依舊打開山茶花文具店的大門，接受來自各方的委託。〔名人好評推薦〕\n　　小野（作家）、銀色快手（荒野夢二書店店主）、石芳瑜（永樂座書店店主）、夏琳（南崁1567小書店店主）、張鐵志（作家）、羅素素（晃晃書店店主）　有溫度推薦\n　　【像一杯溫度剛好的茶】　　永樂座書店店主石芳瑜\n　　我也是喜歡寫字的人。雖然現在用著鍵盤打字，可是在閱讀《山茶花文具店》時，總不時興起要拿出紙筆的衝動。想起小學時寫毛筆，磨墨時聞到的香氣，還有握著毛筆認真想把字寫好的記憶，一直到現在，我都還以自己能夠寫出不難看的字為榮。電腦時代，書寫式微，作者小川糸透過「代筆人」這個職業，藉由不同的委託人的故事，讓我們重新體會書寫的溫度。\n　　書中每一個故事，從紙張、用筆（或鉛字）、墨水、下筆力道，到封緘的方式，當然還有最重要書信內容，書中的主角鳩子都一一講究。小川糸對職人的描寫一點都不馬虎，但她的文字卻平實簡單，或許正如她對「代筆人」這個職業的描述：「即使寫得一手靚字，如果別人都看不懂，就稱不上是精粹，反而變成一種庸俗。」簡單明瞭最重要！小川糸或許奉行這樣的文學觀吧。\n　　除了書寫的工具等細節，小川糸對食物也多有著墨，空腹時閱讀，聽得到自己肚子咕嚕叫的聲音。\n　　強調人與人之間接觸的溫度，或許實體書店和「山茶花文具店」也有相同的經營哲學，所以讀這本書，格外令我感動。小川糸簡潔的文字，像一杯溫度剛好的茶，杯子冒著熱氣，握在手中，一口接著一口喝下，身子暖了，心也暖了，許多記憶中的人便像螢火蟲一樣發出小小的亮光，在眼前閃爍。\n　　【如何以書信做為橋梁，才是重點所在】　　南崁1567小書店店主夏琳\n　　一家老舊的文具店，除了販售不起眼的文具，這家文具店歷代老闆還有一項重要的營業項目——代筆。\n　　顧客上門告知書寫內容，代筆人代為捉刀、構思文字內容、書信呈現方式，就連紙質、墨水顏色、郵票年份式樣都有所琢磨和講究。寫字，在今日現代化的日本不是已經人人都會的事，這年代還需要這麼講究，親自手寫嗎?!明明這年頭連拿筆的機率都很少了啊。在鐮倉山邊一隅的山茶花文具店裡，年紀輕輕的繼承人仍堅持傳統，而客人也堅信新一代代筆人必定能為他們完成這項專業工作。\n　　代筆人什麼文字工作都可以接，不管是日式料理店的菜單、離婚信、弔唁信、絕交信，或是鄰居家兒子找工作時的履歷表，都可以做。字要寫得漂亮是基本，如何以一封書信，充分擔任委託人與收件人兩者之間的橋梁，才是重點所在。代筆人的專業、為委託人完成任務時所在意的各項細節、小鎮生活，以及與上代的感情糾葛，形成了一篇篇具有人文深度的溫馨故事，延續小川糸的風格，療癒、恬淡，又蘊涵濃厚情感與溫度，很能輕鬆閱讀的一本書。　　〔讀者好評推薦〕\n　　〔讀者★★★★★推薦〕如詩，如風，距離感剛好，溫度剛好\n　　‧這般如詩的作品，沒有不讀它的可能。\n　　‧書中充滿溫柔的氣息，書中人物對生活的看法、對人事物的思念，全都編織成精心安排的書信傳達了出來。就像一陣清爽宜人的微風拂過心頭。\n　　‧這部作品最大的特色，就是透過一封封親筆書信，將委託人的背景與心境，以及依此而選擇的各種工具、字體、書寫方式全部凝聚在一起。\n　　‧這個故事，由「靜謐」開始，隨著委託人陸續登場，故事的色彩也變得豐富起來，並且帶往讀者料想不到之處。而這些人的出現，也讓主角有機會與自己和解，並成為自己向前邁步的動力，安排真的非常巧妙。\n　　‧不只是療癒，感覺自己的心就像被什麼洗滌過似的，最後還不知為何淚流滿面。在這個什麼都用通訊軟體和電子郵件往來的世界裡，書寫、寄出、等待回覆的這段時間不僅讓人期待、心跳不已，簡直就是種美好的浪費。', '圓神', '2017-08-01', '繁體中文', '文學小說', 'http://im2.book.com.tw/image/getImage?i=https://www.books.com.tw/img/001/075/86/0010758641.jpg&v=596759b9&w=348&h=348', '9789861336275');
INSERT INTO `book` VALUES ('1440', '32', '0010755815', '我們都會好好的：不安沒關係，脆弱與寂寞也沒關係，今天的你會很好，明天也是', '肆一', '◆誠品、博客來、金石堂暨各大書店TOP 1作家\n\n　　男。喜歡電影、音樂與旅行，覺得電影不是真實人生，但有人生縮影；覺得音樂沒有喜怒哀樂，但有人生感受；覺得旅行不只是到遠方，而是看到自己的心。戀愛也是一樣，在愛情裡面我們看到的都是自己的投射。不覺得愛情是生命的唯一，但認為，有愛，生活會更有滋味。覺得世界是深深淺淺的灰，拒絕追求絕對的黑跟白。不是戀愛高手，但身旁都是戀愛動物，相信透過書寫，愛情跟自己都可以更清楚。作品累積銷售超過500,000冊。\n\n　　著作\n　　《想念，卻不想見的人》（三采）\n　　《那些再與你無關的幸福》（三采）\n　　《可不可以，你也剛好喜歡我？》（三采）\n　　《最美的抵達，最近的遠方：五座歐洲首都的一日漫步》（三采）\n　　《寂寞太近，而你太遠》（麥田）\n　　《想念，卻不想見的人：十萬慶功全彩圖文增修版》（三采）\n　　《練習，喜歡自己：一天一點，比昨天更喜歡今天的自己》（三采）\n　　《把星星都點亮》（麥田）\n \n　　．「肆一」粉絲頁：www.facebook.com/fourone4141\n　　．「肆一」部落格：fourone41.pixnet.net/blog\n　　．「肆一」微博：我是肆一\n　　．「肆一」instagram：fourone4141\n　　．聯絡：fourone4141@gmail.com\n \n　　相關著作：《寂寞太近，而你太遠》（限量「寂救包」特別版）', '你是自己的，你要第一個對自己好。本書特色\n \n　　○書封的祕密○\n\n　　逆光下的肆一，象徵著在黑暗中等待幽微天光的我們，也許被負面情緒打倒、也許只看到一片黑暗，但是肆一想要告訴你：「負面情緒沒有什麼不好，那是引領你走進自己心靈的契機，看一看自己真正需要的是什麼。」\n\n　　壓在逆光上的書折，印上書名《我們都會好好的》，彷彿一個提示，色彩輕柔舒壓，牽引我們往更好的前方邁進。\n\n　　而反折的書封更是隱藏巧思，打開後，開展出被隱藏的寬闊視野，代表著「看不到不代表不存在」，別人眼中的缺陷，可以是你眼中的美好，不妨學著與負面情緒好好相處，然後再一起等待變好的可能。\n\n　　在閱讀全書後，重新思考書封意境，餘韻更加令人玩味。\n只有你能決定自己的樣子，學著跟自己好好相處，\n不完美也很好，不妨開始試著做看看吧。\n \n「這本書看完只想大哭一場，但心裡卻充滿溫暖......」\n肆一出道5年最有溫度的書寫。', '三采', '2017-06-30', '繁體中文', '心理勵志', 'http://im2.book.com.tw/image/getImage?i=https://www.books.com.tw/img/001/075/58/0010755815.jpg&v=593fbefe&w=348&h=348', '9789863428558');
INSERT INTO `book` VALUES ('1441', '33', '0010753728', '銀光盔甲：跨國金融家35年的人性洞察', '吳均龐', '德意志銀行前台灣區總經理\n\n　　因養蜥蜴當寵物，而在業界有了「變色龍」之稱。\n\n　　自學校畢業後，即進入跨國金融機構工作，年僅31歲便被委以重任，擔任總經理一職。曾任花旗集團企業金融暨投資銀行台灣區副董事長、富達投資台灣區總裁，並曾任職於美國大通銀行，以及美國信孚銀行的東京、紐約和台灣分行。\n\n　　2017年3月，他自擔任十年之久的德意志銀行台灣區總經理職位退休（德意志銀行為德國最大銀行，且是歐洲資產排名第二大銀行）。\n\n　　出版《銀光盔甲》一書是他退休後的首要計畫，以生動的小說筆法，呈現過往對其影響深遠的人和事。\n\n　　另著有《Money Game──金錢遊戲》。\n ', '　31歲躍升為外商銀行總經理，從紐約到東京，叱吒風雲35年。\n　　跨國金融界高層的「華麗一族」，\n　　在冰冷的數字世界，\n　　掌控一切的其實是人性。\n　　\n　　外商金融機構紛紛撤離台灣，移向對岸，遷往他國，\n　　困守本土的年輕人，還能看見怎樣的世界？\n　　美國人、英國人、日本人、印度人、猶太人……\n　　跨國金融家與世界過招的故事，\n　　流通其間的並非金錢，而是人性。\n　　\n　　．在紐約，他一個孤立無援的金融菜鳥對上了下手快狠準的「惡棍金童」，初次見識到什麼叫事先布局，談笑用兵。\n　　．在東京，擔任外商銀行社長的他接到客戶主動上門，但那是一家年息高達16%的連鎖高利貸公司！然而，在與黑道背景的董事長詳談後，他決定接受……\n　　．他曾在印度同事手上吃悶虧，只因他不像別人那樣使暗棋；更以一本書翻轉僵局，讓愛爾蘭裔面試官卸下心防……\n　　\n　　三十五年來，吳均龐從美商銀行到德籍銀行，三年一調的內規帶著他繞了世界一圈，與不同國籍、文化各異的對象合作。當他再回到台灣，卻發現在全球競爭浪頭上，外商銀行逐步撤守，而一心渴望美好未來的年輕人們，國際視野亦隨之受限。\n　　於是，集畢生跨國流轉的細膩觀察，他寫下個人在跨國金融高層遇到的種種人情世故。一字一句真實歷練，讀來比小說還精采！\n　　而這些在暗潮洶湧的商業操作下映現出的人性智慧，全都是現代台灣年輕人亟需具備的世界觀。\n　　\n本書特色\n\n　　◎從來沒有金融界高層有如此高明文筆，觀察入微細膩，角色刻劃鮮明立體，情節高潮迭起。\n　　◎吳均龐自序：「跨國金融界的人們，每一個人都有著一幅銀光閃閃的盔甲，應付內部的傾軋，面對外部割頸的競爭。過去的這些日子，我能夠有這麼多采多姿的金融生涯，靠的不是銅臭銀兩的算計與撥弄，而是學習如何與人相處，如何剖析人性，進一步去洞察對方内在深層的思維。」\n　　◎劉奕成推薦：「作者一方面對著明鏡娓娓道出自己的想法與看法，另一方面也不遮掩地讓你我追看他的方法及做法，這當中成功的、失敗的、自信的、自嘲的兼而有之，在季節與容顏的變化下，呈現不同的風景。最後你我不僅看得到閃閃發亮的銀光盔甲，看得到戴著銀光盔甲、不可一世的金融豪傑，也看得到盔甲之下，平凡無奇的人性。」', '寶瓶文化', '2017-06-05', '繁體中文', '商業理財', 'http://im1.book.com.tw/image/getImage?i=https://www.books.com.tw/img/001/075/37/0010753728.jpg&v=5922cbc8&w=348&h=348', '9789864060917');
INSERT INTO `book` VALUES ('1442', '34', '0010758283', '我是誰：找回快樂與自由的隨身練習', '楊定一', '著有《真原醫：21世紀最完整的預防醫學》、《靜坐的科學、醫學與心靈之旅》、《螺旋舞》(DVD+書)、《全部的你》、《神聖的你》、《不合理的快樂》，以及《等著你》、《重生：蛻變於呼吸間》、《蛻變．重生》一日共修營實錄DVD，與《你，在嗎？》、《光之瑜伽》、《真實瑜伽》音聲作品專輯。', '「宇宙不會犯錯，一切都剛剛好」\n　　啟動心靈自癒力的14個生活練習，\n　　陪伴你我隨時隨地找回自己，\n　　成為真正快樂的自由人。', '天下生活', '2017-07-26', '繁體中文', '心理勵志', 'http://im2.book.com.tw/image/getImage?i=https://www.books.com.tw/img/001/075/82/0010758283.jpg&v=595cbfbf&w=348&h=348', '9789869461764');
INSERT INTO `book` VALUES ('1443', '35', '0010744170', '消失的古國：考古學家如何發掘歷史上存在、但地理上消失的36個國家', '胡楊', '本名張燕軍，西北大學歷史學博士畢業，現任教於咸陽師範大學。多年來潛心研究中國傳統文化史，代表作品有：《全檔案系列》、《帝國龍脈：中國二十王朝開國龍脈解密》、《一本書讀通國學常識》等。\n ', '　沉睡千年的樓蘭美女、《鬼吹燈》裡的精絕古城都是絲路重鎮，但消失了。\n　　因「汗血寶馬」而聞名天下的大宛還在嗎？\n　　夜郎國其實有理由自大、建立商朝的其實是胡人、\n　　庸國更算中華文化發源、鮮卑契丹跑哪去了？匈奴後來怎麼了？\n　　金庸《天龍八部》出現的大理國段氏和慕容家，是掰出來的吧……', '大是文化', '2017-03-02', '繁體中文', '人文史地', 'http://im1.book.com.tw/image/getImage?i=https://www.books.com.tw/img/001/074/41/0010744170.jpg&v=589c44fb&w=348&h=348', '9789869413909');
INSERT INTO `book` VALUES ('1444', '36', '0010758598', '股市阿水教你用布林通道抓飆股DVD', '股市阿水', '現職：專職投資人\n　　經歷：竹科外商主管\n　　投資商品：現股（包括延伸的權證及個股期貨）、台指期貨、台指選擇權\n　　FB粉絲團：財經狙擊手-股市阿水\n', '附贈「阿水─布林通道盤中飆股監控」試用14天序號（在講義書的最後一頁）DISC1 片長：約67分鐘\n　　◎善用程式選股，避免錨定效應\n　　2017年台股站穩萬點，你是否覺得股票太貴、買不下手，卻一路看著股價上漲而扼腕？只要利用程式篩好股，就能避開心魔，穩抱好股。\n　　◎觀察布林通道，緊抱完整波段\n　　難以全心看盤的上班族無法投資？阿水教你用10分鐘找買在起漲點、賣在相對高點時機，並用回測驗證「阿水一式」選飆股策略的可行性。DISC2 片長：約75分鐘\n　　◎7大進階選股法，瞄準極度亮眼標的\n　　出現多頭訊號就買進？建立好股名單後，進一步以大盤燈號、個股基本面輔助，更能精準抓住強勢股，還要「留住好員工，辭掉賠錢貨」。\n　　◎解答3常見問題，不用怕被大盤錯殺\n　　股價直直漲，不停利可不可以呢？阿水用親身經歷告訴你，面對飆股更要把握出場原則，才不會「抱上去又抱下來」。\n　　以避免風險。', 'Smart智富', '2017-07-24', '繁體中文', '商業理財', 'http://im1.book.com.tw/image/getImage?i=https://www.books.com.tw/img/001/075/85/0010758598.jpg&v=59660846&w=348&h=348', '4710961335481');
INSERT INTO `book` VALUES ('1445', '37', '0010749583', '搭配詞的力量Collocations：名詞篇', '王梓沅', '‧創勝文教（New Triumph Education）共同創辦人\n　　‧紐約哥倫比亞大學師範學院應用語言學碩士\n　　‧賓夕法尼亞大學碩士學程一年（主修第二語言習得）\n　　‧日本早稻田大學學士\n　　‧紐約哥倫比亞大學英語中心英文教師（教授高階英語課程）\n\n　　Facebook粉絲團：\n　　Alexander Wang王梓沅英文（www.facebook.com/AlexanderWangEnglish/）\n　　搭配詞的力量（www.facebook.com/engcollocations/）\n　　創勝文教NTE（www.facebook.com/ntetaiwan/）\n ', '英文程度一直原地踏步，擺脫不了台式英文嗎？\n托福、雅思口說雙料滿分的王梓沅老師，\n用搭配詞教你活用英文，\n改變一生的學習觀念，不再年年學英文，年年從頭學！', '瑞蘭國際', '2017-04-20', '繁體中文', '語言學習', 'http://im2.book.com.tw/image/getImage?i=https://www.books.com.tw/img/001/074/95/0010749583.jpg&v=58f9ed40&w=348&h=348', '9789869434461');
INSERT INTO `book` VALUES ('1446', '38', 'F013662002', 'Deep Work深度工作力：淺薄時代，個人成功的關鍵能力', '卡爾‧紐波特', 'lives in Washington, DC, where he is a writer and an assistant professor of computer science at Georgetown University. He also runs the popular website Study Hacks: Decoding Patterns of Success. This is his fifth book.', 'Deep work is the ability to focus without distraction on a cognitively demanding task. It\'s a skill that allows you to quickly master complicated information and produce better results in less time. ', '時報出版', '2017-07-25', '英文', '商業財經', 'http://im2.book.com.tw/image/getImage?i=https://www.books.com.tw/img/001/075/83/0010758381.jpg&v=595dbcda&w=348&h=348', '9781455563869');
INSERT INTO `book` VALUES ('1447', '39', 'E050011085', '英語每日一滴：IG最夯，學校不教，聊天、搭訕、吐槽都有戲', '阿滴（Ray Du）', '知名YouTuber、英文愛好者、網路教育紅人\n\n　　幼年即留學新加坡，國中時返台就讀美國學校，英語幾乎是他的母語。因為喜歡研究英文，大學也主修英文，還為了教學、熟悉考題，多次參加TOEIC考試，且聽說讀寫次次皆滿分。此外，研究所鑽研多媒體教育也是為了與更多人分享學習英語的樂趣。2015年1月取英文名Ray Du，簡稱RD＝阿滴，在YouTube開設「阿滴英文」頻道，結合新聞時事、流行歌曲、電影、廣告等題材，製作創意、逗趣的教學影片，同時開設臉書粉絲頁，並在IG上以「每日一滴」為名，多管齊下地分享主題式英語教學與介紹生活常用片語。由於選題和例句對話活潑生動，短短時間內就累積數十萬粉絲追蹤與訂閱頻道，2016年更獲選YouTube推廣大使。\n\n　　阿滴英文YouTube頻道，超過80萬名訂閱者\n　　阿滴英文粉絲頁，超過30萬粉絲按讚facebook.com/rayduenglish\n　　每日一滴IG專頁，超過20萬粉絲追蹤instagram.com/rayduenglish', '　阿滴精選實用生活流行語，94要你敢開口！\n　　輕鬆學會有趣、好記的常用片語，會話實力將有如玩遊戲開外掛一般，\n　　旅遊、面試、把妹……樣樣能力大增！', '如何', '2017-06-01', '繁體中文', '語言學習', 'http://im2.book.com.tw/image/getImage?i=https://www.books.com.tw/img/001/075/27/0010752721.jpg&v=59143d4e&w=348&h=348', '9789861364889');
INSERT INTO `book` VALUES ('1448', '40', '0010719426', '一小時學會TED故事文案力 為何他們一上台、Po臉書，就能讓產品暢銷？', '生方正也', '東京大學文學部畢業。曾在日產汽車（Nissan）負責零件製造商的經營分析與指導，在William Manson Mercer（現在的Mercer Japan）從事人事制度改革、組織變革等方面的企業諮詢工作。後來進入GLOBIS，之後自行創業。現在則提供人力資源開發、組織變革相關的企業諮詢服務，指導思考力的強化，並從事寫作。\n    \n　　著作有《讓工作繼續「領先一步」的力量》、《從案例學習解決問題的方法》、《在商業學校學習假說思考與分析力》等。', '你有滿腦子想法和迫不及待實踐的熱忱，\n但開口只能說大道理，最後搞到聽眾昏昏欲睡嗎？\n放心，本書提供「TED演講者說故事」的9大原則與技巧，\n讓你提案、簡報、寫文案，都能輕鬆說服所有人！', '大藥文化', '2016-07-04', '繁體中文', '商業理財', 'http://im1.book.com.tw/image/getImage?i=https://www.books.com.tw/img/001/071/94/0010719426.jpg&v=577a56cd&w=348&h=348', '9789869315005');
INSERT INTO `book` VALUES ('1449', '41', '0010594847', '解憂雜貨店', '東野圭吾', '1958年生於日本大阪市，大阪府立大學工學部電氣工學科畢業。曾在汽車零件供應商擔任工程師，1985年以處女作《放學後》獲得第31屆「江戶川亂步賞」後，隨即辭職，專心寫作。1999年以《秘密》一書獲得第52屆「日本推理作家協會賞」，2006年則以《嫌疑犯X的獻身》榮獲第134屆「直木賞」和第6屆本格推理小說大賞，更憑此作入圍2012年由美國推理作家協會主辦的「愛倫坡獎」年度最佳小說，不僅成為史上第一位囊括日本文壇三大獎項的推理作家，更是第二位入圍「愛倫坡獎」年度最佳小說的日本作家。2012年，他又以《解憂雜貨店》榮獲第7屆「中央公論文藝賞」，該書並連續4年蟬連台灣各大書店排行榜，創下空前銷售佳績。\n \n　　他早期的作品以校園青春推理為主，擅寫縝密精巧的謎團，獲得「寫實派本格」的美名。後期則逐漸突破典型本格，而能深入探討人心與社會議題，兼具娛樂、思考與文學價值。其驚人的創作質量與多元化的風格，使得東野圭吾成為日本推理小說界的超人氣天王。另著有《徬徨之刃》、《美麗的凶器》、《異變13秒》、《黎明破曉的街道》、《偵探俱樂部》、《天空之蜂》、《假面山莊殺人事件》、《在大雪封閉的山莊裡》、《學生街殺人》、《十字屋的小丑》、《同級生》、《操縱彩虹的少年》、《平行世界的愛情故事》、《人魚沉睡的家》、《白金數據》等書，其中多部作品並已被改編成電視劇、電影或漫畫。', '如果你曾踏入《解憂雜貨店》，造訪過《古書堂事件手帖》，\n　　並於《咖啡館推理事件簿》一品濃醇芬芳，\n　　就不能錯過在《時光當舖》享受一個懷舊午後。', '皇冠', '2013-08-05', '繁體中文', '文學小說', 'http://im2.book.com.tw/image/getImage?i=https://www.books.com.tw/img/001/059/48/0010594847.jpg&v=59ba683a&w=348&h=348', '9789571060132');
INSERT INTO `book` VALUES ('1450', '42', 'E050011417', '被討厭的勇氣 二部曲完結篇：人生幸福的行動指南', '岸見一郎,古賀史健', '岸見一郎\n\n　　哲學家。1956年生於京都，居於京都。京都大學研究所文學研究科博士課程結業。除了專攻哲學（西洋古代哲學，尤其是柏拉圖哲學）外，1989年起，開始研究阿德勒心理學，並成為日本阿德勒心理學會認證的諮商師與顧問。自從撰寫暢銷世界各國、堪稱阿德勒心理學的新經典著作《被討厭的勇氣》後，便如同阿德勒生前所做的一樣，為了使世界更臻良善，花費許多精力在日本及海外與許多「年輕人」對話、進行諮商。著作包括《被討厭的勇氣》等多部阿德勒心理學作品。\n\n古賀史健\n\n　　株式會社batons代表。自由撰稿人。1973年出生於福岡。專門以聽寫記錄的方式從事書籍撰寫，參與過許多暢銷商業書刊與紀實文學書籍出版。2014年，因「以商業類書籍撰稿人的身分獲得注目，並讓撰稿人的地位大幅提升」而獲得該年商業書大賞的審查員特別獎。前作《被討厭的勇氣》出版後，由於對阿德勒心理學理論與實踐之間的落差感到困惑，於是再度前往京都探訪岸見一郎先生。經過數十小時的討論，以「勇氣二部曲」完結篇的角度寫就了本書──《被討厭的勇氣　二部曲完結篇》。', '勇敢去愛吧！\n　　去愛的勇氣，就是讓自己變得幸福的勇氣！\n\n　　唯有藉著去愛他人，才能擺脫以自我為中心；\n　　唯有透過去愛他人，才能促成自立；\n　　也因著去愛人，才終於能得到幸福。', '究竟', '2016-11-01', '繁體中文', '心理勵志', 'http://im2.book.com.tw/image/getImage?i=https://www.books.com.tw/img/001/073/21/0010732121.jpg&v=57fcbf48&w=348&h=348', '9789861372273');
INSERT INTO `book` VALUES ('1451', '43', '0010756911', '馬雲：未來已來', '馬雲/唯一授權,阿里巴巴集團/編', '全球主要的互聯網公司之一，由馬雲帶領其他17位創辦人，於1999年在中國杭州創立。\n\n　　阿里巴巴集團經營多元化的互聯網業務，以「讓天下沒有難做的生意」為使命，致力於為創業者和消費者提供全球化的商業平台，打造開放、協同、繁榮的電子商務生態系統。\n\n　　自成立以來，阿里巴巴集團建立了領先的消費者電子商務、網上支付、B2B網路交易市場與雲端運算業務，並且積極開拓無線應用、手機作業系統和互聯網電視等領域。\n\n　　www.alibaba.com', '數位浪潮正席捲全球，\n　　不僅挑戰實體零售經營邏輯、顛覆媒體生態與獲利模式、改變製造生產格局，\n　　更將撼動台灣70萬金融人員金飯碗！\n　　要在這場淘汰賽中存活，本書告訴你不能不知道的遊戲新規則！', '天下文化', '2017-06-30', '繁體中文', '商業理財', 'http://im2.book.com.tw/image/getImage?i=https://www.books.com.tw/img/001/075/69/0010756911.jpg&v=594b9c34&w=348&h=348', '9789861342863');
INSERT INTO `book` VALUES ('1452', '44', 'M010057106', '名偵探柯南(91)', '青山剛昌', null, null, '青文', '2017-07-19', '繁體中文', '原版漫畫', 'http://im1.book.com.tw/image/getImage?i=https://www.books.com.tw/img/CN1/148/61/CN11486170.jpg&v=5ad8457b&w=348&h=348', '9784091274304');
INSERT INTO `book` VALUES ('1453', '45', '0010758611', '誰說疾病一定會遺傳？：劉博仁醫師教您透過營養、運動、改變生活型態，扭轉基因表現，及早擺脫家族病史', '劉博仁', '相信疾病的治療不應只有一種方法，透過初步的醫食同源核心概念，加上進階的功能營養醫學調理，並將精準醫療檢測納入驗證，才是追求健康的不二法則。\n      \n　　現職\n　　台北菁英診所功能醫學抗衰老中心營運長\n　　澄清綜合醫院中港院區營養醫學門診主任、睡眠醫學中心主任、耳鼻喉科主治醫師\n　　台灣基因功能營養醫學會理事長\n\n　　學經歷\n　　中山醫學大學營養所博士候選人\n　　弘光科技大學營養醫學碩士\n　　美國西太平洋大學醫務管理碩士\n　　國防醫學院醫學系\n　　中華民國家庭醫學科專科醫師\n　　中華民國耳鼻喉科專科醫師\n　　台灣睡眠醫學會專科醫師\n　　教育部部定助理教授\n　　台灣保健食品工程師考試及格\n　　國際進階長壽醫學認證醫師(IBALM)\n　　國際螯合療法學會認證醫師（IBCMT）\n　　中華針灸醫學會專科醫師\n　　中國醫藥學院30屆針灸研習班第二名結業\n　　2009年商業週刊百大良醫專刊推薦醫師', '家族遺傳不是命運，用基因找出疾病根源\n　　營養醫學專家、深耕基因功能研究的劉博仁醫師\n　　傾囊相授透過飲食、運動、改變環境和壓力等生活型態\n　　不讓壞基因發作，扭轉DNA缺陷\n　　就此改寫個人疾病史！', '天下生活', '2017-07-26', '繁體中文', '醫療保健', 'http://im2.book.com.tw/image/getImage?i=https://www.books.com.tw/img/001/075/86/0010758611.jpg&v=5964a8dc&w=348&h=348', '9789869515108');
INSERT INTO `book` VALUES ('1454', '46', '0010758362', '教練自己：從球場到職場COSTCO亞太區總裁張嗣漢的工作原則與人生態度', '張嗣漢/著,熊明德/採訪撰文', 'COSTCO亞太區總裁。一九六四年出生於台灣，四歲時隨家人移居美國，從小熱愛籃球，一路加入學校籃球校隊，因表現優異，進入美國加州大學柏克萊分校校隊，並就讀國際經濟系。大三時獲邀回台加入中華隊打瓊斯盃籃球賽，以「強力籃球」的美式球風為台灣籃壇注入新活力，其後每年返台打球。二十五歲時，認為在球場已達成階段性目標，決定高掛球鞋，邁向人生的下一個球場。赴美工作的他，一九九三年在聖地牙哥進入Price Club工作，隔年前往西雅圖COSTCO總部任職，一九九五年被COSTCO派任展店，再度回台，成為將會員倉儲量販制度帶進台灣的第一人。在他的帶領下，COSTCO目前在台灣已有十三家分店，每年營收皆有成長，且在全球七百多家店中，內湖店單店獲利連年排名全球第二，台中店與中和店也都進入TOP10，更創佳績。目前在台灣的會員人數已經超過兩百五十萬人，相當全台每九個人中就有一人擁有COSTCO會員卡。台灣COSTCO發展經驗被全球COSTCO視為典範，於是決定將亞太區總部設於台灣，建立一個以台灣為亞太總部、台灣人才負責亞洲各國展店的新模式。', '在人生這個球場上，有時我們能創造最大價值的角色不是球員，而是教練，甚至是球迷！\n　　一本啟發工作者換位思考，在職場各階段找到自我定位，教練自己成為更好的人之書！', '時報出版', '2017-07-25', '繁體中文', '商業理財', 'http://im1.book.com.tw/image/getImage?i=https://www.books.com.tw/img/001/075/83/0010758362.jpg&v=5968ab49&w=348&h=348', '9789571369723');
INSERT INTO `book` VALUES ('1455', '47', '0010620914', '心靈的傷，身體會記住', '貝塞爾‧范德寇', '著名音樂人、樂評人、專欄作家、攝影作家、生活藝術家，入選文化部1500位藝術家人才庫。26歲即創辦種子音樂，為台灣最年輕唱片公司創辦人。現為豐文創股份有限公司共同創辦人，成為台灣藝術家的新推手。2012年出版發行創作攝影詩集《豐和日麗/愛情與土地的對話》，甫出版即創下同類藝術書籍八版印刷量，連續二個月奪得全台誠品書局、博客來網路書店銷售冠軍輝煌紀錄，創下藝術類書籍銷售紀錄。2013年《豐台灣》簡中版於大陸上市發行，被譽為台灣最美麗的旅遊書。', '他經歷過不美好，於是在夾縫中，更能體會美好的存在。\n　　別害怕，發光吧，我的朋友。──青峰（放簽名檔）\n\n　　感人至深，跌落谷底再重生的真實趨光故事。', '大家出版社', '2017-07-05', '繁體中文', '心理勵志', 'http://im2.book.com.tw/image/getImage?i=https://www.books.com.tw/img/001/075/65/0010756551.jpg&v=59524204&w=348&h=348', '9789573273301');
INSERT INTO `book` VALUES ('1456', '48', '0010758666', '解憂相談室：從情緒整理、轉化想法，找回自信與自在的人生', '林耕新', '商周推選百大良醫、耕心療癒診所院長\n\n　　畢業於台北醫學大學醫學系。曾任高雄市立凱旋醫院社區精神科主任、美國史丹福大學訪問學者、董氏基金會心理健康諮詢委員、高雄市警察局心理諮詢顧問、高雄市心理健康促進會委員、中華忘憂草身心健康促進協會理事長。參與過台灣瀕死體驗個案研究、大愛「人文講堂」演講、商周百大良醫健康網駐站醫師、並於TEDXLoveRiver 2017年會以「正向激勵絕非萬靈丹，它和負面灰暗一樣有殺傷力」為題演說。\n\n　　因為有感於醫療工作的侷限性，離開待了近二十年的醫療工作崗位，全心投入基層心理健康照護，協助更多民眾學會壓力管理和情緒管控。除了在門診協助憂鬱症病人重新檢視與改變自己的生活，也透過演講、專欄、讀書會和大小宣導活動的舉辦，幫助當事人檢視自己的生活型態，找回自信，重新融入社會。\n\n　　耕心療癒診所（官網：www.healing.tw/）\n　　粉絲專頁「耕心療癒診所」', '我們都曾因為心「打不開」，\n　　而錯過了讓自己變得幸福的機會。\n　　\n　　如果你對現狀不滿，期待扭轉未來，首先要做的是，清理你的情緒冰箱，\n　　把腐壞的負面情緒拋開、卸除過度辛辣的勵志面具……認同和接納脆弱、不完美的自己。\n　　唯有自己先改變，才能為自己和他人帶來好的影響。', '如何', '2017-08-01', '繁體中文', '心理勵志', 'http://im1.book.com.tw/image/getImage?i=https://www.books.com.tw/img/001/075/86/0010758666.jpg&v=5964a8de&w=348&h=348', '9789861364940');
INSERT INTO `book` VALUES ('1457', '49', '0010576922', '謝謝你來當我的寶貝', '西元洋', '日本著名的插畫家、繪本畫家。一九四七年生於新潟縣。畢業於新潟大學教育系中等美術科，曾擔任繪本編輯。擅長以色鉛筆創作，風格纖細獨特。\n\n　　曾於一九八三年獲第九屆SANRIO美術獎、二○○○年時以《木天蓼旅行社》（作者：茂市久美子）獲得紅鳥插畫獎。\n\n　　主要作品有《小狐狸阿權》、《小狐狸買手套》（偕成社），《翻跟斗》、《媽媽的眼睛》（□□□書房），「狗狗小圓」系列（□□□□Child），《木天蓼旅行社》（紅鳥插畫獎，學研）、《戴斗笠的地藏菩薩》（童心社），《太陽、月亮，與這個世界》（教育畫劇）等作品。\n\n　　目前居住在神奈川縣。山梨縣的北杜市清里設有「黑井健繪本House」。', '繼《謝謝你來當我的寶貝》之後，\n又一本甜甜柔柔的童書，\n讓你和孩子360度翻轉、遊戲、尋找驚喜……\n圖像配置與迴轉閱讀的空間感，\n帶來絕無僅有的新穎體驗！\n孩子可以仰躺著、翻滾著、趴伏著、倒立著……\n用各種姿態「玩」「讀」這本書。', '大好書屋', '2013-03-01', '繁體中文', '童書/青少年文學', 'http://im1.book.com.tw/image/getImage?i=https://www.books.com.tw/img/001/057/69/0010576922.jpg&v=51139e6f&w=348&h=348', '9789862483596');
INSERT INTO `book` VALUES ('1458', '50', '0010749624', '花甲男孩（增訂新版）', '楊富閔', '一九八七年生，臺南人，目前為臺灣大學臺灣文學研究所博士候選人。研究興趣為戰後臺灣文學、文學寫作與教育。\n\n　　曾獲「二○一○博客來年度新秀作家」、「二○一三臺灣文學年鑑焦點人物」；入圍二○一一、二○一四年臺北國際書展大獎。部分作品譯有英、日、法文版本。寫作《中國時報》「三少四壯」、《自由時報》「鬥鬧熱」、《聯合報》「節拍器」、《印刻文學生活誌》「好野人誌」、《幼獅少年》「播音中」等專欄。\n\n　　出版小說《花甲男孩》、散文《解嚴後臺灣囝仔心靈小史》（共二冊）、《休書──我的臺南戶外寫作生活》、《書店本事：在你心中的那些書店》。編有《那朵迷路的雲：李渝文集》（與梅家玲、鍾秩維合編）\n\n　　喜歡臺語歌、舊報紙、鐵支路。持續努力寫成一個老作家！', '《花甲男孩》是楊富閔創作生涯的首部作品──九篇短篇小說，各自以其跳彈生動的語言文字，極具識辨的敘事腔調，穿搭豐沛充實的土俗情事，拓墾解嚴後臺灣囝仔的心靈疆域，譜寫出了二十一世紀人間百姓的悲喜劇。', '九歌', '2017-05-01', '繁體中文', '文學小說', 'http://im1.book.com.tw/image/getImage?i=https://www.books.com.tw/img/001/074/96/0010749624.jpg&v=5a65d94d&w=348&h=348', '9789864501267');
INSERT INTO `book` VALUES ('1459', '51', '0010643602', '大獲好評！不能錯過的450道秒殺美味料理：一本學會最熱門的館子菜，最受歡迎的團購美食，最道地的風味料理', '熊津編輯部', '熱愛料理，用心生活，擁有無限的創意和豐富的學習力，喜歡一邊看著食譜，一邊和朋友討論製作方法。\n\n　　每當看到家人吃飯吃得津津有味時，心中就滋生出無限的喜悅，廚藝在不知不覺中又提升了。認為煮出好菜和頭腦好壞無關，只要保持快樂的心情用心煮，絕對可以找到訣竅。期許這本食譜會帶給讀者許多烹飪樂趣。即便廚藝不佳也不要氣餒，只要用心，一定能做出美味的料理！', '最熱門的館子菜，\n　　最受歡迎的團購美食，\n　　最道地的風味料理，\n　　在家通通吃得到！', '新文創文化', '2014-07-21', '繁體中文', '飲食', 'http://im1.book.com.tw/image/getImage?i=https://www.books.com.tw/img/001/064/36/0010643602.jpg&v=53c4f49e&w=348&h=348', '9789869054348');
INSERT INTO `book` VALUES ('1460', '52', '0010744932', '只買4支股，年賺18%', '施昇輝', '1960年生於台北，台大商學系工商管理組畢業。曾在雜誌業、百貨業任職，但主要職涯是15年的證券承銷經歷。2003年離開職場，成為專職投資人。2012年底，以首部著作《只買一支股，勝過18%》一舉奪下隔年博客來年度銷售總榜第68名，躋身暢銷作家的行列。本書為他的第八本著作，除最專精的投資理財外，其他作品還包括電影、旅遊和心靈勵志類，為近年既多產又多變，既叫好又叫座的作家。2017年起，他不只寫書，還在「愛播聽書」有聲平台，推出親自錄製的《樂活大叔的10堂理財課》，希望同時滿足讀者和聽眾的雙重需求。\n\n　　想要更認識作者，歡迎上「樂活分享人生」臉書粉絲專頁：www.facebook.com/wherewillispeak/', '從資本市場賺錢的方法百百種，沒有一個像它這麼簡單易行。唯一的遺憾是這方法不是我發現的，而是本書作者施昇輝。」──知名財經專欄作家 黑傑克 專文推薦', '商業週刊', '2017-02-23', '繁體中文', '商業理財', 'http://im1.book.com.tw/image/getImage?i=https://www.books.com.tw/img/001/074/49/0010744932.jpg&v=58a6c2d7&w=348&h=348', '9789869422659');
INSERT INTO `book` VALUES ('1461', '53', '0010744995', '傅科擺：耗時4年！首度根據艾可大師義大利文修訂版全新翻譯！近千則精心譯註！【新譯本＋註解本】', '安伯托‧艾可', '一九三二年出生於義大利皮德蒙的亞歷山卓，現任波隆那大學高等人文科學學院教授與院長。艾可身兼哲學家、歷史學家、文學評論家和美學家等多種身分，更是全球最知名的符號語言學權威。其學術研究範圍廣泛，從聖托瑪斯‧阿奎那到詹姆士‧喬伊斯乃至於超人，知識極為淵博，個人藏書超過三萬冊。已發表過十餘本重要的學術著作，其中最著名的是《讀者的角色──符號語言學的探討》一書。\n\n　　艾可在四十八歲時，才推出第一部長篇小說《玫瑰的名字》，該書自一九八○年出版後，迅速贏得各界一致的推崇與好評，除榮獲義大利和法國的文學獎外，更席捲世界各地的暢銷排行榜，迄今銷量已超過一千六百萬冊，翻譯成四十八種語言，並被改編拍成同名電影。\n\n　　儘管第一本小說就獲得非凡的成就，他卻遲至八年後才出版第二部小說《傅科擺》，也一如各方所料，再度造成轟動。一九九四年他推出第三本小說《昨日之島》，銷量也已突破二百萬冊，中文版並入選《中國時報》開卷年度十大好書和《聯合報》讀書人年度最佳書獎。二○○○年，他的第四部小說《波多里諾》一出版就被國際出版界視為年度頭等大事，義大利文版首刷即高達三十萬冊，對於一本嚴肅的文學作品來說，無疑是十分罕見的天文數字。\n\n　　二○○四年，艾可首度嘗試結合小說和大量圖像的創新形式，推出《羅安娜女王的神秘火焰》，引起世界各地的熱烈討論。二○一○年面世的《布拉格墓園》，義大利出版不到一個月便狂銷四十五萬冊，並已售出四十餘國版權，全球銷量超過二百萬冊！而二○一五年推出的《試刊號》（Numero Zero，暫譯，皇冠即將出版）則是他最後一部小說作品。\n\n　　艾可另著有《植物的記憶與藏書樂》、《倒退的年代──跟著大師艾可看世界》、《別想擺脫書》、《艾可談文學》、《艾可說故事》、《帶著鮭魚去旅行》、《誤讀》、《智慧女神的魔法袋》、《康德與鴨嘴獸》、《意外之喜──語言與瘋狂》、《教皇撒旦至高無上：液態社會的編年史》等雜文、隨筆、評論集和繪本。\n\n　　二○一六年二月逝世，享年八十四歲。\n', '　它的擺動，驗證了地球自轉的真理；\n　　它的不動，說明了神的存在不容質疑。\n　　它的出現，究竟是科學的勝利？\n　　抑或是信仰的勝利？', '皇冠', '2017-03-06', '繁體中文', '文學小說', 'http://im2.book.com.tw/image/getImage?i=https://www.books.com.tw/img/001/074/49/0010744995.jpg&v=58a6d0f2&w=348&h=348', '9789573332886');
INSERT INTO `book` VALUES ('1462', '54', 'E050014323', '心理學如何幫助了我：享受美好人生的八堂生活課', '劉軒', '　哈佛大學學士、哈佛教育學院心理學碩士、哈佛教育學院博士班，目前為暢銷作家、品牌顧問、音樂製作人、廣播節目主持人。身兼數職的劉軒目前活躍於許多專業領域，也擅長各種跨領域的創意製作：從故宮的動畫配樂到時尚品牌發表會；從廣播節目主持到大型舞曲派對的打碟DJ；從《Why Not？給自己一點自由》和《放任心中的一百次流浪》等寫意散文集，到暢銷心理學力作《Get Lucky！助你好運》。也因此，劉軒不願意讓自己以職稱來定位，只希望當個「有用的創意人」。', '面對人際、愛情、自我成長等人生課題\n　　心理學能幫助你找到答案\n　　\n　　每個人都有煩惱，差別只在於多和少。想要過什麼樣的生活、擁有什麼樣的人生，解決這些煩惱的主導權，始終在你自己手裡。', '天下文化', '2017-06-23', '繁體中文', '心理勵志', 'http://im1.book.com.tw/image/getImage?i=https://www.books.com.tw/img/001/075/60/0010756014.jpg&v=5950e25b&w=348&h=348', '9789864792535');
INSERT INTO `book` VALUES ('1463', '55', '0010759295', '像我這樣的一個拉子', '陳雪', '一九七○年生。國立中央大學中文系畢業。〈蝴蝶的記號〉由香港導演麥婉欣改編拍攝成電影《蝴蝶》，二○○四年以長篇小說《橋上的孩子》獲《中國時報》開卷十大好書獎，二○○九年以長篇小說《附魔者》入圍台灣文學獎長篇小說金典獎，隔年同時入圍台北國際書展大獎小說類年度之書與第三十四屆金鼎獎，二○一三年以長篇小說《迷宮中的戀人》入圍台北國際書展大獎小說類年度之書。部分作品獲得財團法人國家文化藝術基金會寫作計畫補助，並翻譯成英文與日文於海外發表。長篇小說《橋上的孩子》於二○一一年由日本現代企劃社發行日文版。著有《我們都是千瘡百孔的戀人》、《摩天大樓》、《戀愛課》、《台妹時光》、《人妻日記》、《迷宮中的戀人》、《附魔者》、《她睡著時他最愛她》、《無人知曉的我》、《天使熱愛的生活》、《只愛陌生人》、《陳春天》、《蝴蝶》、《橋上的孩子》、《愛上爵士樂女孩》、《惡魔的女兒》、《愛情酒店》、《鬼手》等。\n　　陳雪臉書粉絲專頁www.facebook.com/chenxue1970', '現在如果我自稱為「拉子」，這個美麗的詞，已不再是僵固的「血統證明」，不是一個「緊箍咒」，更像是身分認同，是一個我可以選擇、自願穿戴的美麗花環。', '印刻', '2017-08-01', '繁體中文', '文學小說', 'http://im2.book.com.tw/image/getImage?i=https://www.books.com.tw/img/001/075/92/0010759295.jpg&v=596c91d3&w=348&h=348', '9789863871859');
INSERT INTO `book` VALUES ('1464', '56', '0010728405', '跟著達人領隊Choyce 樂遊北海道：走一趟夢幻北國旅程', 'Choyce', '部落格 | choyce.tw\n　　臉書 | www.facebook.com/Choyce.tw/\n\n　　職教養作家Choyce（郭宜亭）突破家庭主婦框框，鼓起勇氣帶著3歲的女兒與1歲半的兒子遠征歐洲、日本、東南亞各地，讓兩個小小孩從旅遊和探索中，學會獨立、相互扶持。10年來，認真記錄旅遊心得，超過13萬網友熱烈迴響，文章點閱率超過4000萬人次。\n\n　　Choyce在部落格經營獲獎無數，觸角延伸至出版、演講授課、並有專欄刊登於報章雜誌，獲邀參與廣播與電視節目，榮獲TVBS《一步一腳印》專題報導、日本NHK與中國湖南衛視《天天向上》專訪。曾擔任 ITF國際旅展公民記者，受邀推廣地方旅行，豐富的旅日經驗屢獲港澳中國與日本各地媒體報導。\n\n　　因帶團與採訪而前往北海道幾十次，與這片土地結下不解之緣，並深深為這裡的壯麗風景、風土民情所吸引，期盼能藉由此書與大家分享北國的美好。\n\n　　●現任 UDN 聯合電子報、蘋果集團爽報執筆作家。\n　　●現役國際外語領隊。\n　　●2016年獲得官方授權，正式成為群馬縣觀光特使與熊本縣外交特使。\n\n　　出版\n　　2012《Choyce體驗式教養，帶孩子自助旅行250天》。\n　　2013《Choyce親子旅行超好玩，從大東京出發 Let\'s GO！》。\n　　2013《玩着長大》簡中版發行。\n　　2014《Choyce全自動教養，會做家事的孩子走向世界更自在》。\n　　2014《Choyce全自動教養，會做家事的孩子走向世界更自在》。', '這是書店裡最讓人興奮的一本北海道旅遊書。\n廉航直飛了！JR也開通了！暢遊北海道就是現在。\n獨有的自然風情、在地人才知道的美食、最實惠的北海道名產、\n四季指南、觀光工廠體驗手作樂趣。', '悅知文化', '2016-09-13', '繁體中文', '旅遊', 'http://im2.book.com.tw/image/getImage?i=https://www.books.com.tw/img/001/072/84/0010728405.jpg&v=57cd4a58&w=348&h=348', '9789869352109');
INSERT INTO `book` VALUES ('1465', '57', '0010565992', '大家學標準日本語【中級本】(超值組合：課本＋文法解說．練習題本＋東京標準音MP3)', '出口仁', '部落格、facebook、YouTube點閱率數十萬人次 人氣名師　　●日本國立筑波大學畢業，並取得「外國語教育教師證照」。　　● 2000年開始定居台灣，並展開日語教學，已有10年以上日語教學經驗。　　●曾任教於永漢日語，擔任日語教師，並兼任日語教師培訓工作；以及日商HITACHI、大葉高島屋百貨、華碩電腦、阪急阪神國際運通、台灣YKK、三陽工業…等企業日語教師。　　●現任新北市婦女學苑、新北市松年大學、台北市靜修女中、台北市政府日文班之日語教師。　　●同時透過個人網站進行網路教學及日語家教（包含日語學習、日檢），為全台少見同時具備實體教學&網路線上教學經驗之日語名師。　　●作者製作的日語教學影片在YouTube點閱率達97萬人次。透過板書講解，釐清各種文法概念，博得許多日語學習者好評。　　【出口仁老師個人網頁】sites.google.com/site/deguchijapanese　　【facebook出口日語】www.facebook.com/deguchijapanese', '【大家學標準日本語】系列由具有「外國語教育教師證照」之日籍老師，根據生活、工作、檢定等目的，為各程度量身打造專業課程，完整規劃學日語必備的、全系列三冊「127個具體學習目標」！　　【初級本】：奠定日語基礎必學的基本課程（42個「具體學習目標」）　　【中級本】：發展日語能力必學的進階課程（44個「具體學習目標」）　　【高級本】：活化日語實力必學的應用課程（41個「具體學習目標」）　　所有的日語變化，都源自於這「127個學習目標」，　　任何的日語問題，都能查詢這「127個學習目標」而獲得滿意解答！　　※本系列同步發行【書籍】及【教學DVD】，另售：大家學標準日本語【高級本】教學DVD　　◆【高級本】：串聯文型文法學以致用，達成「因時、因地、因人」的自然日語！　　本書為《大家學標準日本語》系列第三本。為活化實力的應用課程：　　【初級本】：不需要動詞變化的基本表達　　【中級本】：最關鍵的動詞變化　　【高級本】：表達能力再深造，以「豐富會話層次、融入日本人生活中的常用表達」為目標　　讀完本書，你將學會：　　◎ 日本連續劇、電視節目、歌詞…所使用的「普通體」　　◎ 表達感想、轉達傳聞、解釋說明的「引述表現」　　◎ 授予動作、接受動作的「動作授受表現」　　◎ 尊敬、謙讓、動作好處授受的「敬語表現」　　◎ 考試常考的「 ~ ta me ni、 ~ yo u ni」目的表現　　◎「自他動詞、理由表現、推測表現」用法　　◆每一課都結合實用功能，融入「41個具體學習目標」！　　第25課【普通體】：學習目標為「不同對象該有的待遇表現」──「普通體」和「丁寧體」　　第29課【時點表現】：學習目標為「…的時候要做…、描述動作時點、動作進行階段」的說法　　第30課【動作的授受表現】：學習目標為「授予他人動作好處、接受他人動作好處」的說法　　第34課【推測表現】：學習目標為「有此可能性、確定性高的推測、照道理應該是…」的說法　　第36課【敬語表現】：學習目標為「提高對方地位的尊敬表現、降低自己地位的謙讓表現」　　◆每一種日語的用法，都會解釋原因、解釋為什麼，不會只說「這是日語的習慣用法」！　　本書作者──出口仁老師已有十年以上之日語教學經驗，特別擅長解說抽象的文型文法，以「一定能夠說明原因」的淺顯易懂教學法，在部落格、facebook、YouTube獲得數十萬人次的熱烈迴響。甚至連美、中、港、日等地都有支持者留言表示，透過出口仁老師的解說，總算釐清日語文型的盲點！　　◆精準設定「學習目標」，達成「循序漸進、步步提升」！　　作者以「由簡入繁、由基本到延伸」的概念，安排41個具體學習目標。優先出現的，一定是最基本、最常見的，再依序出現更多元的用法。以日語容易混淆的「動作的授受表現」為例，書中分列五個學習目標，將「動詞te形」結合「不同功能的授受動詞」，引導大家由淺到深，逐一學會「授受表現」：　　【學習目標104】授受表現（1）：A幫B做 ~ 　　【學習目標105】授受表現（2）：A請B幫自己做 ~ 　　【學習目標106】授受表現（3）：別人幫我做 ~ 　　【學習目標107】授受表現（4）：我幫居下位立場者做 ~ （上對下的授予）　　【學習目標127】授受表現（5）：動作授受的敬語表現　　◆明確定義「學習內容」，清楚知道「自己的實力到哪裡」！　　作者解說41個具體學習目標時，將每一個「必學的要點」和「補充的要點」做出明確定義。分別是：　　【要注意！】【一定要會的！】【行有餘力再多學！】【能力足夠要多記！】　　這是四種學習的層次，也是讓自己實力精進的明確方向。在書中以明顯的標題呈現，學習者可以清楚了解，在自己目前的實力階段，什麼是要注意的、什麼是一定要會的，學了這些，如果有餘裕，還要自我要求再多學什麼，才能更進一步提升實力。本書特色　　◆使用日語不會總是「 ~ de su」、「 ~ ma su」結尾，擺脫外國人語感的關鍵一冊！　　學日語時，大家都會先學習有禮貌的「 ~ de su」、「 ~ ma su」丁寧體。可是遇到需要刻意表現尊敬的時候，只用「 ~ de su」、「 ~ ma su」仍顯不足，還得加上「敬語」。　　在生活中面對熟人時，使用「 ~ de su」、「 ~ ma su」又顯得過於有禮貌，會讓人感覺「見外」，所以熟人之間適合使用「語氣坦白又親近」的「普通體」。　　如果忽略對象和場合，完全使用「 ~ de su」、「 ~ ma su」來應對，並非「適時適所」的自然日語。　　本書強調「因時、因地、因人」的「不同應對說法」，必須根據自己和對方的關係、使用場合及目的，恰當地使用「丁寧體」、「普通體」及「敬語」。並將日本人生活中大量使用的「普通體」結合「實用文型」，讓學習者明瞭，什麼是最自然實用的日語，當有需要與日本人溝通時，一定有莫大的幫助。　　◆單字、文型、長篇和短篇對話，面面俱到的學習內容！　　全書25 ~ 36課，每一課包含4個單元：　　1【本課單字】：安排吻合「高級日語程度」的單字，單字內容並符合各課的實用功能。　　2【重要文型】：圖像化的文型解說、文型整理，讓抽象的文型文法，一看就明白！　　3【應用會話】：配合各課功能，融入各課文型，安排「長篇情境對話」。　　4【關連語句】：配合各課功能，補充更多樣話題的「短篇互動對話」。　　◆【課本】+【文法解說．練習題本】，雙書裝超值組合！　　本書為「雙書裝」設計，一本【課本】，一本【文法解說．練習題本】。　　【課本】：第25課 ~ 第36課。　　【文法解說】：彙整全書25 ~ 36課文型文法要點，內容媲美日語文法書，但又更簡單易懂。可隨時查詢，並能有系統地串聯全書的重要概念學以致用。　　【練習題】：以「普通形文型」為中心，規劃「全句式」日語練習題。將中文想法結合所提示的「普通形文型」，從實際運用中複習、並熟練各文型的使用時機，有助於提升日語活用能力。◆日籍專業播音員錄製，最正統的【東京標準音】MP3！　　全書內容全部朗讀，包含單字、文型例文、應用會話、關連語句。都能搭配最道地的【東京標準音】MP3來學習。', '檸檬樹', '2012-11-01', '繁體中文', '語言學習', 'http://im1.book.com.tw/image/getImage?i=https://www.books.com.tw/img/001/056/21/0010562170.jpg&v=5076b234&w=348&h=348', '9789866703638');
INSERT INTO `book` VALUES ('1466', '58', 'E050017754', '救命療法．生酮飲食：德國最新的癌症研究與實證，即使已被宣判不治的病人，都還有重獲新生的機會', '徐拉特樂,柯諾,康美樂', '徐拉特樂博士（Priv. Doz. Dr. rer. nat. Christina Schlatterer）\n\n　　生物學家，研究重點是細胞裡的訊號傳遞過程，目前在康士坦茲大學擔任學科協調合作顧問，已出版多本著作。\n\n柯諾博士（Dr. rer. nat. habil. Gerd Knoll）\n\n　　生物學家和學術顧問，長年著書鑽研癌症和飲食的主題，對粒線體在細胞內所扮演的角色特別感興趣。\n\n康美樂教授（Prof. Dr. rer. biol. hum. Ulrike Kämmerer）\n\n　　生物學家，在烏茲堡大學的婦科醫院與工作團隊一起研究與生殖生物學和腫瘤生物學相關的免疫問題，她是首先發起關於生酮飲食在癌症上應用臨床研究的學者\n', '癌細胞無法利用酮體，但健康的細胞可以。\n　　生酮飲食有類似斷食的效果，但又不會讓病人虛弱，是最適合癌症患者的飲食。', '如果出版社', '2016-07-05', '繁體中文', '醫療保健', 'http://im2.book.com.tw/image/getImage?i=https://www.books.com.tw/img/001/072/05/0010720575.jpg&v=57921fdc&w=348&h=348', '9789866006982');
INSERT INTO `book` VALUES ('1467', '59', '0010725843', '減醣常備菜150：營養師親身實證，一年瘦20kg的瘦身菜', '主婦之友社/編', '日本知名出版社，主要出版食譜、健康、育兒、室內設計等相關書籍，所製作的生活風格類叢書兼具品質與高實用性。', '★ 醣分Off！恢復曼妙體態的好方法 ★\n★ 如果想瘦，那就自己做飯吧！★\n　　結合現今最流行的飲食趨勢：\n　　『減醣瘦身＋常備料理』\n　　先花2週習慣減醣生活，培養易瘦體質，\n　　有效減低身體對碳水化合物的需求，\n　　用最符合自己身體狀況的方式瘦下來。\n　　體質好，氣色佳，皮膚彈滑有光澤！\n　　想吃就吃，瘦身不用餓肚子！\n　　日本營養師‧減醣達人親身實證的瘦身法　　【減醣常備菜的優點】\n　　◆充分利用盤菜計量方法\n　　一半放肉類，一半放蔬菜、海藻與蕈菇類，抓出適合自己的食物份量。\n　　◆善用優質蛋白質與油脂\n　　藉由充分攝取肉、魚與蛋等蛋白質以及油脂，攝取足夠熱量。\n　　◆最省時省力的料理形式\n　　冰箱常備健康減醣菜，材料與調味料一手掌握，想吃就吃，不怕胖。\n　　◆先花兩週測試飲食習慣\n　　瘦下來就在這關鍵14天！只要配合自己的身體狀態，正常吃也不復胖。\n　　◎蔬菜常備菜\n　　不管有多忙都能攝取大量纖維質和維生素。\n　　◎肉類常備菜\n　　大快朵頤卻零醣分，吃飽喝足還能瘦下來。\n　　◎海鮮常備菜\n　　吃下海洋的精華與養分，瘦身兼健身養腦。\n　　◎蛋奶豆腐常備菜\n　　最優質的蛋白質，給身體營養與體力來源。\n　　◎燉煮常備菜\n　　喝湯會胖？！錯！喝對湯，瘦身成功一半！\n　　◎醬料與基底常備菜\n　　富口味變化，讓人忍不住想大快朵頤一番！\n　　◎甜點常備菜\n　　零食也能做成減醣料理？甜點控一定要看。輕瘦推薦\n　　此書是有效的減重食譜工具書，提醒腎臟功能異常與痛風的讀者需諮詢營養師後才能決定是否使用這些食譜，否則，可能因為瘦太快導致痛風發作或是影響腎功能的狀態，需多加注意。－榮新診所營養師．李婉萍\n　　如果你忙到沒辦法餐餐自炊，卻又想要靠限制醣類有效瘦身，那不可或缺的就是「減醣常備菜」。', '悅知文化', '2016-08-18', '繁體中文', '飲食', 'http://im2.book.com.tw/image/getImage?i=https://www.books.com.tw/img/001/072/58/0010725843.jpg&v=57b19a52&w=348&h=348', '9789869337106');
INSERT INTO `book` VALUES ('1468', '60', '0010758675', '一千七百種靠近：免付費文學罐頭 輯Ⅰ(博客來獨家限量簽名版)', '蕭詒徽', '「按樂團」經理兼鍵盤手，餵羚羊工作室企畫文案，繪本創作團體醜天鵝文字作者，個人網誌「輕易的蝴蝶」。私人工作室承接書籍裝禎與內容編輯工作。生於1991。\n\n　　iifays.com\n\n　　2016 第十二屆林榮三文學獎新詩首獎\n　　2016 第十二屆林榮三文學獎散文佳作\n　　2016 臺北文創天空創意節獲獎\n　　2015 第八屆臺北藝穗節參演\n　　2015 第一屆不太乖教育節參展\n　　2014 第十屆林榮三文學獎新詩佳作\n　　2013 第九屆林榮三文學獎新詩佳作\n　　2013 高雄優秀青年文學獎小說優勝選\n　　2011 第三十屆道南文學獎散文佳作\n　　2010 第二十九屆道南文學獎劇本佳作\n　　2009 第六屆台積電青年學生文學獎新詩優勝\n　　2008 第十一屆臺中大墩文學獎小說第一\n\n　　短篇小說、採訪、散文散見《聯合文學》、《幼獅文藝》雜誌、《自由時報》與《聯合報》副刊。', '當社群媒體成為普遍的創作發表途徑以後，文學該如何以不顯尷尬的姿態參與他人的生活，而不只是疏離的生命經驗盈餘？\n\n', '九歌', '2017-08-01', '繁體中文', '文學小說', 'http://im2.book.com.tw/image/getImage?i=https://www.books.com.tw/img/001/075/86/0010758675.jpg&v=5979c0c4&w=348&h=348', '0010758675');
INSERT INTO `book` VALUES ('1469', '61', '0010685102', '冬山河的八十年代：一段人與土地的深刻對話', '謝國鐘', '1965年生，台灣彰化人，成功大學建築研究所畢業。\n\n　　喜愛建築及文學，以建築設計為職業，以旅行來享受生命及閱讀世界，以寫作來表達個人的觀察及體會。\n\n　　著有《隱藏》圖文故事集（方智出版社，2003年），《嬉遊城市光影間》建築及城市散文集（木馬出版社，2005年），《建築桂冠－普立茲克建築大師》建築專文合輯（木馬出版社，2005年），《當代建築第三人稱》談解構及簡約主義（商周出版社，2013年）。', '八十時代的冬山河改造，不只是一條河的改造，更觸發連結一群對土地熱愛的人們，與冬山河日夜深刻對話，那樣的愛戀促成我們現今所看到，可以親近，可以身體感受的河流，改變了台灣河流總是讓高聳土堤阻隔，人與河無法親近，人與土地的分裂狀態。', '九歌', '2015-08-19', '繁體中文', '社會科學', 'http://im1.book.com.tw/image/getImage?i=https://www.books.com.tw/img/001/068/51/0010685102.jpg&v=55d31794&w=348&h=348', '9789869208109');
INSERT INTO `book` VALUES ('1470', '62', 'E050027044', '田安石的低醣廚房：第一本無麥、無米、無糖的超級無麩質烘焙糕點配方！', '田安石', '田安石旅紐約企業管理歸國學人及部落格料理研究家\n法商珠寶集團與美國道瓊成分股公司之中高階主管\n田安石的低醣廚房。安食幫FB社團　　年輕時留學紐約期間隨著濃濃烘焙興趣與打工經驗，接觸各式食材，與烘焙結下不解之緣；回台灣後，無預警的心血管冠狀動脈剝離惡疾隨著長年高血壓血糖的遺傳襲擊家族，更加忐忑謹慎的推促著這縷因緣開花結果，成就了百篇低醣減脂的筆記落稿成書！因為自身迫切需求，在歷經多年反覆研發實作後，更在歐美烘焙的基礎上，創造出大量中西合併的無麩質低醣食譜：無米、麥、糖且低醣（低澱粉），卻又齒頰留香的絕妙作品（即便糖友、三高族群，都能輕鬆享用）。低醣烘焙食譜，確實讓熱愛甜點，但因總總緣由而有所限制飲食的現代飲食男女，開了另一扇簡單、方便的美味法門。而訴求健康飲食、抗發炎飲食者，更能隨興應手地自在烘焙而不逾矩，讓健康烘焙與美食能成為魚與熊掌兼得的雙贏賽局，更成為全家安心享用烘焙美食的快樂選擇！', '你只要學會：不用麵粉、不用糖的烘焙方法，在家就可以自己做，步驟簡單又好吃更不失敗。吃出窈窕的腰線、擺脫被甜食控制的情緒與爆食自責的無間循環、身輕氣爽。', '幸福文化', '2017-04-07', '繁體中文', '飲食', 'http://im1.book.com.tw/image/getImage?i=https://www.books.com.tw/img/001/074/79/0010747998.jpg&v=58d5033a&w=348&h=348', '9789869417426');
INSERT INTO `book` VALUES ('1471', '63', '0010554417', '型男大主廚4(附光碟)', '鄭衍基、鄭堅克、郭主義、吳秉承、三立電視台/合著', '阿基師（鄭衍基）\n\n　　現任：福容大飯店 行政總主廚\n　　阿基師出生於臺灣彰化，廚房經驗數十載，歷各知名飯店主廚，獲獎頗多，曾任蔣經國、李登輝、陳水扁三任總統官邸的御廚，現為電視名廚&烹飪節目主持人，在節目中以不藏私的態度傳授自己一身廚房經驗的撇步給民眾，成為民眾最喜愛的名廚。\n\n詹姆士（鄭堅克）\n\n　　現任：山喜屋（台灣分店）、生蠔酒館負責人\n　　詹姆士是個創意料理達人，以廚師的形象出現在「型男大主廚」、「美食鳳味」、「食在有健康」節目中，更以主持人的身分現身在「美食大三通」、「愛玩客」的節目中，嚐遍世界各大美食，並將所看所學相互融合出不同的創意料理。\n\n郭主義\n\n　　現任：春野新派川菜 負責人\n　　古錐師專精於四川料理，是台灣新派川菜的第一把交椅。當了30幾年的廚師，累積相當豐富的實務經驗，仍持續以孜孜不倦的學習各式料理，研發好菜。在現于「美食鳳味」擔任單元主廚及「型男大主廚」、「食在有健康」擔任客座主廚。因節目中因憨直可愛的形象被稱為「古錐師」，此形象常被主持人捉弄，卻反而因此有自己專屬「MISSION IMPOSSIBLE」的主題歌。\n\n吳秉承\n\n　　熱愛料理的吳師傅，擅長台菜料理與電鍋（無油煙）料理，對於料理的中西變化與組合更是巧思不斷。現于「美食鳳味」擔任單元主廚，亦是「型男大主廚」、「食在有健康」節目中的客座主廚，更是觀眾與婆媽們心目中的帥哥廚師。', '感謝忠實粉絲與讀者，\n　　去年「型男大主廚3豪華旗艦版」上市不到一個月就再版加刷，再成承蒙大家喜愛得到金鐘獎殊榮，\n　　今年庫立馬出版與型男大主廚團隊秉持謙虛的態度，\n　　用更大的誠意，大方公開每道菜的美味撇步來回饋大家，\n　　真心分享更加豐富的書籍內容，希望大家都有滿滿的收穫。', '庫立馬媒體科技', '2012-08-30', '繁體中文', '飲食', 'http://im2.book.com.tw/image/getImage?i=https://www.books.com.tw/img/001/055/44/0010554417.jpg&v=50166680&w=348&h=348', '9789868851207');
INSERT INTO `book` VALUES ('1472', '64', '0010724646', '10000單字，搞定新日檢：N1、N2、N3、N4、N5必考單字，高分合格ポイント（附MP3）', '田中紀子,杉本愛子', '日本大學碩士，從事日語教學多年，喜歡中國文化，足跡遍及兩岸三地和日本各地旅遊景點，並專注於日語學習與考用教材寫作。杉本愛子\n　　日本大學法學博士、大學副教授，課餘時間，專攻編寫日語自學與考用教材。', '       　　1天20分鐘，輕鬆過關，高分合格。\n　　用SOP簡易流程圖，熟記N1、N2、N3、N4、N5必考單字，應付日語檢定考，一定合格。\n　　單字、文法、聽力、模擬例句，新日檢考用書，口碑No.1。\n　　是考前最後衝刺，臨場應急最佳日檢考用書！日檢合格特攻書！三大合格目標與策略：\n　　1. 瞄準：最新日檢應考教戰策略，迅速掌握主考官的出題方向，熟記最常考單字，花最少時間，得最高分數。\n　　2. 攻破：累積最強單字實力，配合例句記單字，加強聽力、單字理解力，言語知識、讀解、聽解考題，全面攻破。\n　　3. 合格：配合MP3，強化日語「聽、說、讀、寫」，及臨場應考能力，方能考一次就合格。日檢合格SOP簡易流程圖\n　　A：開始\n　　1. 進入考試準備階段\n　　B：流程\n　　2. 根據單字出題頻率，決定複習攻略\n　　3. 根據快速記憶法，記住大量常考單字\n　　4. 看例句，順便熟悉句型，加強應考能力\n　　5. 搭配MP3學習，聽力一路提升\n　　6. 來到考前6天的最後衝刺\n　　7. 臨場應考前的最後10分鐘\n　　8. 有看就有分，一次就合格\n　　C：結束\n　　9. 高分合格\n　　●猜題神準：根據歷年考古題，整理出N1、N2、N3、N4、N5最常考單字，每一題都難不倒你！\n　　●滴水不露：配合最新日檢考題，N1、N2、N3、N4、N5重點單字不漏失！\n　　●高分合格：依據新制公布考試範圍，用*號表示出題頻率，*號越多出題頻率越高，迅速掌握N1、N2、N3、N4、N5必考重點單字，一考就合格！\n　　●善用每天20分鐘的零碎時間\n　　1天20分鐘，記住一考再考單字！日師專業錄音，書加MP3搭配學習●用SOP簡易流程圖記單字，考一次就合格\n　　當您下定決心參加日語檢定時，首要工作是「幫自己選擇一套優良的新日檢工具書」，才能讓自己一次就合格！本書<10000單字，搞定新日檢-- N1、N2、N3、N4、N5必考單字>，就是您最正確選擇。佳評如潮，很多讀者及家長來電或來信致謝：「命中率高，一考就合格，真好！我們花最少 的時間，用最輕鬆的心情，省時省力。」\n　　新日檢，簡單的說就是「日語版托福」，共分N1、N2、N3、N4、N5。N5最簡單，N1最難！不過，可依個人能力或需要選擇考試級數，不一定要一級一級考上去，所以考生如果覺得自己實力夠，不妨直接挑戰N2或N1！\n　　日檢不論哪個級數，試題內容均含：言語知識--「文字．語彙」、「聽解」、「讀解．文法」三大項，準備階段可多做模擬考題（考古題也可以），以便「熟悉考試方法和考題方向」，練就一身膽識，英勇上考場，不致於心慌慌，手茫茫。\n　　了解考試方向和題型，可以先穩定軍心。\n　　本書特日籍名師，將各級和各項目新日檢，重點準備方向和提示如下，跟著本書的安排，不論考N幾，考一次就合格最好！\n　　1. 言語知識--「文字．語彙」：文字（單字）及語彙（片語）是構成語言的基礎，學習的要領：除了「背多分」，還是「背多分」！ 對於同為使用漢字國家，「文字．語彙」可說是送分題，稍微努力就可獲得高分，因日檢有無過關，是按總分計算，不論各科高低，身為中國人，這部份佔了很大的 便宜，所以千萬要多加油哦！\n　　日文源於唐朝時期的遣唐使將中文引進日本，學日文就像會晤遠房親戚，同中有異，異中有同！現今使用的日文漢字 中，除沿用中國的漢字，還有部份和製漢字，及外來語。扣除來自中國的漢字、已知的英單字（外來語），要學的只有和製漢字及沒學過的歐美單字和發音了！而且 日檢各級言語知識--「文字．語彙」有其範圍，準備起來真的不是大海撈針！了解其來龍去脈後，您對一考再考的單字，是不是更有把握！\n　　1 「讀解．文法」：「讀解」也就是我們所熟悉的閱讀測驗，閱讀能力好壞和自己所具備的單字、片語量有很大的關係。根據作者的經驗，大量閱讀是很重要的，記得不要怕閱讀，因為文章裡頭，大部份都是漢字，夾雜的日文，您只要根據漢字前後文，都可以猜出整句的意思。\n　　有很多人掙扎「學外語要不要學文法？」這個問題當然是「肯定要學」！不學文法如何正確掌握句子所要表達的意思?!對於華人來說，日文法中最難的恐怕是「五段 動詞變化」了，學習日語五段動詞變化時，記得要發揮自己「化繁為簡」的潛力，不要隨著冗長的文字描述團團轉，建議可將重點自製成表格，這樣才可更迅速、有 條理地裝進腦袋中。其實日文文法要學的不多，無需鑽牛角尖，購買文法書時，只要選擇自己覺得最容易看懂的文法書即可，無需一口氣買好幾本，才不會自己嚇自 己，會的也變不會了！\n　　2 「聽解」：學習日語的四部曲──聽、說、讀、寫中，「讀與寫」可速成，考前臨時抱佛腳，短期內「賺到」好幾分不無可能。但「聽與說」就得靠平時累積，才會 有實力！「說」的部份新日檢不考，在此暫不討論。至於準備「聽解」則別無他法，就是要多聽，讓自己習慣日語的語調。至於要聽什麼？\n　　看電視─因出題者是日本人，考前當然從日本去尋找題材，建議可多聽日本NHK新聞，重要國際新聞、社會時事是命題中心，同樣的新聞可自行錄音，反複多聽幾次，甚至不看畫面，只用耳朵聽也是很好的聽力訓練方式，因為正式「聽解」考試題目，也只是用聽的而已哦！\n　　上網─網路無國界，透過網路─Youtube，google翻譯， Facebook交友都是很好日語學習管道。你也可以收看到很多日本即時新聞節目，此外看看自己喜歡的日劇，聽聽自己喜歡的日文歌曲，唱唱卡拉OK，都能 寓教於樂，讓日語生活化，發現日語可愛之處，才會愛上日語，促使自己繼續學習下去的動力哦！本書特色\n　　新日檢應考教戰手冊！精準掌握出題方向、趨勢。\n　　4個秘技，幫助您一次就合格！\n　　．頻出單字：配合每年二次最新日檢考題，N1、N2、N3、N4、N5必考單字，重點單字不漏失！考前精準掌握出題方向、趨勢。\n　　．非背不可：根據歷年考古題，整理出N1、N2、N3、N4、N5必考單字，出題頻率最高，及最常考單字！\n　　．提升聽力：日籍名師錄製的標準日語MP3，熟悉N1、N2、N3、N4、N5必考單字，考試語調及速度，增強日語聽力！\n　　．高分合格：依據新制公布考試範圍，掌握N1、N2、N3、N4、N5必考重點單字，保證高分合格！', '布可屋', '2016-08-09', '繁體中文', '語言學習', 'http://im1.book.com.tw/image/getImage?i=https://www.books.com.tw/img/001/072/46/0010724646.jpg&v=57a076fa&w=348&h=348', '9789869337021');
INSERT INTO `book` VALUES ('1473', '65', '0010562170', '大家學標準日本語【高級本】（超值組合：課本＋文法解說．練習題本＋東京標準音MP3）', '出口仁', '部落格、facebook、YouTube點閱率數十萬人次 人氣名師\n\n　　●日本國立筑波大學畢業，並取得「外國語教育教師證照」。\n\n　　● 2000年開始定居台灣，並展開日語教學，已有10年以上日語教學經驗。\n　　●曾任教於永漢日語，擔任日語教師，並兼任日語教師培訓工作；以及日商HITACHI、大葉高島屋百貨、華碩電腦、阪急阪神國際運通、台灣YKK、三陽工業…等企業日語教師。\n\n　　●現任新北市婦女學苑、新北市松年大學、台北市靜修女中、台北市政府日文班之日語教師。\n\n　　●同時透過個人網站進行網路教學及日語家教（包含日語學習、日檢），為全台少見同時具備實體教學&網路線上教學經驗之日語名師。\n\n　　●作者製作的日語教學影片在YouTube點閱率達90萬人次。透過板書講解，釐清各種文法概念，博得許多日語學習者好評。\n\n　　【出口仁老師個人網頁】sites.google.com/site/deguchijapanese\n　　【facebook出口日語】www.facebook.com/deguchijapanese', '　　【大家學標準日本語】系列\n　　由具有「外國語教育教師證照」之日籍老師，\n　　根據生活、工作、檢定等目的，為各程度量身打造專業課程，\n　　完整規劃學日語必備的、全系列三冊「127個具體學習目標」！', '檸檬樹', '2012-12-06', '繁體中文', '語言學習', 'http://im1.book.com.tw/image/getImage?i=https://www.books.com.tw/img/001/056/59/0010565992.jpg&v=50aa1ce2&w=348&h=348', '9789866703621');
INSERT INTO `book` VALUES ('1474', '66', '0010734945', '1分鐘變鷹眼 3D立體視力回復法：最有趣的視力訓練法！散光、近視、老花、眼睛疲勞、乾眼症統統OUT！', '栗田昌裕', '昭和26年生於日本愛知縣。畢業於東京大學理學院。在同所大學修完碩士課程（專攻數學）、後畢業於醫學院。留學美國加州大學。醫學博士及藥學博士。現在是群馬パース大学校長（設立在日本群馬縣高崎市的私立大學，英文名稱是：Gumma Paz College）、SRS研究所所長、兼任東大醫院內科醫師（專長為臨床醫學）。為日本文部科學大臣管轄的生涯學習開發財團認定的唯一速讀大師。也是「玩轉手指體操（指回し体操）」的創作者。\n\n　　主要著作：\n　　「謎の蝶アサギマダラはなぜ海を渡るのか」（PHP研究所）\n　　「3D写真で目がどんどん良くなる本　アメリカ旅行編」（三笠書房）\n　　「本がいままでの10倍速く読める方法」（三笠書房）\n　　「脳と頭に効く指回し教室」（廣済堂出版）\n　　「記憶力がいままでの10倍よくなる法」（三笠書房）', '哇！華麗的3D圖浮現了！\n最有效又有趣的視力訓練法！\n散光、近視、老花、眼睛疲勞、乾眼症\n統統OUT！\n　　追劇集、滑臉書、抓寶貝……整天盯緊螢幕，你的眼睛累了嗎？\n　　點眼藥、戴眼鏡、做雷射……既花錢又受罪、又可能有副作用！\n　　眼球操、按穴道、做運動……聽起來很簡單，但是做起來好無聊喔！\n　　這本既有效又有趣的視力回復書，不花時間不花大錢，更不用其他工具，只要打開書本，全神貫注，就可一次解決您的困擾，真正做到「愛眼不礙眼」！　\n　　栗田昌裕是日本醫學博士及速讀大師，有名的「栗田式潛能開發法」發明人。他根據嚴謹的醫學理論，研發出神奇的「3D立體視覺訓練」，練習後證明有以下幫助：\n　　改善視力，看遠看近都清楚。\n　　活躍大腦，提昇記憶力、想像力。\n　　開闊心境，湧現希望和勇氣。\n　　35張華麗的特殊圖片是經過栗田博士精挑細選，書中有詳細地教學祕訣，讓你學會運用輔助點，用交叉法或平行法任一種方式觀賞，就能看到3D圖像浮現眼前，你將立即體驗到什麼叫做「清晰明亮」，什麼叫「鮮豔逼真」，絕對讓你意猶未盡，一看再看！\n　　PS：使用本書回復正常視力後，敬請更加注意呵護眼睛喔，不要長時間使用３C產品，更重要的是要持續進行「3D立體視覺訓練」喔。本書特色\n　　◎每天1分鐘的鍛鍊就有成效。\n　　◎35張華麗的3D圖片，有神祕的謎底隱藏在其中，整個解謎過程超好玩。\n　　◎藉著3D立體視覺訓練，第一步改善眼球階段的變形或緊張；第二步進階改善腦部階段，逐步回復視力。\n　　◎全書的初級篇、中級篇，附有輔助點，方便初學者入門學習。熟練了之後再挑戰沒有輔助點地上級篇吧！\n　　◎卷末附有「視力檢查表」，提供給您看圖前與看圖後的視力檢測，一定讓你驚呼「miracle」！\n　　◎省時省力又不用藉助工具，懶人最愛！\n　　◎學生族、上班族、銀髮族統統都適用！　　【知識篇】\n　　3D立體視覺訓練，有哪五大訓練效果呢？\n　　◎第一個是「自律神經調和效果」。\n　　這是將左右視線的角度藉由各式各樣的移動，經由瞳孔或其他反射神經到達自律神經，再朝著自律神經調整的方向前進的效果。\n　　◎第二個是「眼部肌肉的均等使用效果」。\n　　這是藉由均衡地使用上下、左右、對角的3對眼部肌肉、改善眼球肌肉的變形，有改善眼睛疲勞、肩頸酸痛、頭痛的效果。\n　　◎第三個是「視野的均等使用效果」。\n　　這是藉由想像的方式將視野擴大，讓大範圍的情報進入腦部、活化腦部的運作，有提高身體或精神活動的效果。\n　　◎第四個是「內部空間的確立效果」。\n　　這是將處理立體影像的腦部區域活性化，讓腦部生成更高次元的運作，有提高影像描寫能力與空間直觀能力的效果。\n　　◎第五個是「內部空間的擴大效果」。\n　　這是在腦中已經確立的立體空間上，再將精神活動的空間「擴大充實」，讓心境變得更加延伸、情感沉著、未來的展望更加開闊，有湧現出希望與勇氣的意欲效果。使用者體驗心得\n　　以前就看過3Ｄ圖，但不知道還可以訓練視力，練習後真的有恢復疲勞，以後要多練習囉！──近視學生\n　　終於看到浮現的圖像時，忍不住歡呼「好清楚啊！」就像HD畫質一樣！──Hana(22歲)\n　　第一次學看3D圖，剛開始有點難，掌握訣竅後，每一張都可以迅速進入狀況！很有成就感──阿哲　(35歲)\n　　看圖很好玩，猜謎也很有趣，真的覺得眼睛和心情放鬆不少！──張先生(45歲)　\n', '瑞昇', '2016-11-20', '繁體中文', '醫療保健', 'http://im2.book.com.tw/image/getImage?i=https://www.books.com.tw/img/001/073/49/0010734945.jpg&v=581b11f3&w=348&h=348', '9789864011261');
INSERT INTO `book` VALUES ('1475', '67', '0010756525', '白金數據', '東野圭吾', '1958年生於日本大阪市，大阪府立大學工學部電氣工學科畢業。曾在汽車零件供應商擔任工程師，1985年以處女作《放學後》獲得第31屆「江戶川亂步賞」後，隨即辭職，專心寫作。1999年以《秘密》一書獲得第52屆「日本推理作家協會賞」，2006年則以《嫌疑犯X的獻身》榮獲第134屆「直木賞」和第6屆本格推理小說大賞，更憑此作入圍2012年由美國推理作家協會主辦的「愛倫坡獎」年度最佳小說，不僅成為史上第一位囊括日本文壇三大獎項的推理作家，更是第二位入圍「愛倫坡獎」年度最佳小說的日本作家。2012年，他又以《解憂雜貨店》榮獲第7屆「中央公論文藝賞」，該書並連續4年蟬連台灣各大書店排行榜，創下空前銷售佳績。\n　　他早期的作品以校園青春推理為主，擅寫縝密精巧的謎團，獲得「寫實派本格」的美名。後期則逐漸突破典型本格，而能深入探討人心與社會議題，兼具娛樂、思考與文學價值。其驚人的創作質量與多元化的風格，使得東野圭吾成為日本推理小說界的超人氣天王。另著有《徬徨之刃》、《美麗的凶器》、《異變13秒》、《黎明破曉的街道》、《偵探俱樂部》、《天空之蜂》、《假面山莊殺人事件》、《在大雪封閉的山莊裡》、《學生街殺人》、《十字屋的小丑》、《同級生》、《操縱彩虹的少年》、《平行世界的愛情故事》、《人魚沉睡的家》等書，其中多部作品並已被改編成電視劇、電影或漫畫。', '愛一個人的心情，\n也是由DNA決定的嗎？　　日本幻冬舍文庫20年間暢銷排行榜第2名！\n　　熱賣突破170萬冊！已改編漫畫！\n　　我知道DNA決定了我的容貌和思緒，\n　　但我不知道，DNA能不能決定我和你之間的關係。\n　　我愛你，還是我恨你？\n　　我們是戀人，還是陌生人？\n　　他一直相信，感情只會讓事情充滿變數，無法解決任何問題。\n　　只有冷靜的推理，才能讓這個世界擁有合理的秩序。\n　　但他以理性築成的高塔，卻被穿著一襲白色洋裝的女孩闖進。\n　　如果他不認識她，她出現時的熟悉感是從何而生？\n　　如果他崇尚理性，她消失時的惆悵感又是自何而起？\n　　沒有一樁犯罪逃得過「DNA偵查系統」的監控，科學家神樂龍平對此深信不疑。他不費吹灰之力，藉著這套系統一次次揪出兇手，成功破案。而他的最終目的，是讓全日本國民的DNA資料都納入系統之中，讓所有犯罪無所遁形。\n　　然而就在夢想即將實現之際，該系統的開發者卻慘遭殺害。神樂採集遺留在現場的可疑毛髮，用他心中「完美無缺」的偵查系統進行比對，沒想到螢幕上跳出的兇手名字竟然是——神樂龍平！\n　　破案天才轉眼變成了通緝犯，篤信科學的神樂開始懷疑自己或許正是那個最「不科學」的存在，因為他的身體裡還住著另一個「他」，而那個「他」或許知道命案的真相，以及自己與那個陌生女孩之間的關係……　　【書封設計概念說明】\n　　書衣採用200磅進口凝雪映畫紙雙面精印，兩面不同設計。書衣前摺口特別開刀模軋出黑色人物剪影，反摺後與封面的白色人物剪影相疊，隱喻主角神樂龍平的「一體兩面」。書衣正面如萬花筒般層層交疊的飛蛾，象徵著相信感性的「隆」；反面則以類似電腦數據的日文書名，象徵崇尚理性的「龍平」。打開前摺口，封面上的白色人物剪影也是一個「錯視」圖案，同時呈現人物的側面和正面，也暗示著主角的雙重人格，別具巧思。名人推薦\n　　【作家】馬欣專文導讀！【《哈日劇》粉絲頁版主】Kaoru、【作家】橘子、【杜克－新加坡大學醫學院助理教授】謝伯讓 注定推薦！●依姓名筆畫序排列', '皇冠', '2017-07-03', '繁體中文', '文學小說', 'http://im2.book.com.tw/image/getImage?i=https://www.books.com.tw/img/001/075/65/0010756525.jpg&v=5947a8ce&w=348&h=348', '9789573333111');
INSERT INTO `book` VALUES ('1476', '68', '0010746277', '力量：重生之後', '王薀', '一位深諳古典美學的藝術創作者；一位古董藝術收藏家；一位雅好品茗的茶藝家，曾是台灣早期開創茶藝文化先進之一，共創立三家當代茶藝文化中心的品茗家；一位精通天文曆算、陰陽術數的追求者， 精通及了解各類失傳的命理占卜之學，包括《易經》、占星學、塔羅牌占卜和奇門遁甲，還有各類卜算法...... ；一位修學各路門派武學的功夫愛好者，從十四歲起追隨道家師父修學形意、八卦、太極拳、螳 螂拳、鶴拳、少林彈腿、槍、棍、流星錘......各家流派武學 ；一位致力保存傳統音樂薪傳的倡導者，創辦國樂——樂府雅韻和南管樂社—— 梵音雅集。\n　　為了承續宇宙繼起生命，有使命地開辦創立了多處行動組織，包含：中國人文生命科學永續發展協會、中華國際摩佛教發展協會、生命力文創教育基金會、中華度眾協會、薄伽梵有限公司及拾慧文化創意有限公司。\n　　老師更是一位傳承佛教八宗思想的在家修士——擁有來自各派傳承，從印度、中國、不丹、尼泊爾諸法王上師中獲得口訣傳承，足跡踏遍美國、中國、澳洲和歐洲等不同地方，傳授弟子數萬人，遍及海外二十五個國家，再傳弟子為數甚眾。在尋訪心靈導師的學習路途上， 遇到不同的奇人異士，包含隱居方外的道長、中國禪林的高僧...... ； 也是一位經常受邀於各國各種團體、古剎、學術機關和學院，不斷舉辦講座、演講、開示的弘法者。\n　　老師宛如電影小說般不世出的隱士，是融合東西方文化傳統精髓及現代西方世界觀的心靈導師。從出生開始便經歷且擁有不同於他人的生命歷程，因此造就了化外出世及種種不凡的體驗與覺受。其所經歷的真實人生故事恰如現代版驚世傳奇般激勵及撼動人心！\n　　老師素愛閱讀各類書籍，從東方的孔孟儒家學說、仙道之學、佛家的三藏十二部經典，以及西方的心理學、哲學和文化歷史各皆深入研習探究，並於各項技藝方面，包含東西洋等各式繪畫技巧、書法、瑜珈、健身都有非常深入淺出的研究，也曾受聘為諸多企業之管理顧問。\n　　在其三十多年的教學生涯中，觀察到現代人身心上充斥著各種不同的困擾及需求，所以總是夜以繼日地運用他多年來不同的人生體悟及知識分享給有緣大眾，並且很生活化地將艱澀難懂的經典理論結合於生活之中，讓更多人能夠更實際地去體會、發現、開展更多的創意， 使其能活用在日常生活之中。\n　　老師總是超越眾人眼光的突破及創見，時時刻刻準備著更多能夠解開我們心靈枷鎖的配方良藥，針對現代不同人的需求給予對症下藥的妙方，相信終有一天世界上的人們，能夠在每個心靈的角落找到屬於自己的淨土。\n　　著作：《回不去了》、《發現生命的曙光》、《重生——生命中都必須有一次》、《靜坐——這一檔子事》、《隱藏在心經背後的故事》、《靜坐——這一檔子事2導引功法》、《力量——重生之後》、《心經旁引》系列1-4冊、《現代人的藥師經》系列1-7冊等三十餘本，以深入淺出的文字鼓舞現代人心。\n　　王薀老師相關資訊：\n　　官方網站：goo.gl/toQI6T\n　　痞客邦：goo.gl/LMHSS1\n　　臉書粉絲團：goo.gl/YYRZIg\n　　Instagram ：teacheryun777\n　　LINE@： 拾慧文創\n', '『可以為你療癒的人，就是你自己！\n 可以正確鼓舞自己的人，還是你自己！\n 自己，就是力量！\n 生命既然可以存活於天地之間，\n 就是每一個人自然有他的潛力！』\n　　●王薀老師繼2015心理勵志類冠軍書《重生-生命中都必須有一次》後，帶給每個人最強大的一股『力量』。當你的人生碰到挫折、沮喪或痛苦，絕不能錯過這本心理勵志大作--『力量，重生之後』！\n　　●一本讀通人生課堂的必修課程！自己，就是力量！\n　　●王薀老師親自分享激勵人心的真實故事！本書內容觸及各行各業，引發人們最深處的心靈思考。透過轉念帶領你迎向正面的人生！\n　　●最耳熟能詳的東西方名人們、為你帶來一則又一則，最感人、勵志的『力量』故事！並時時提醒著人們活、在、當、下。\n　　●一本任何族群都能輕易閱讀的書籍，故事內容包羅萬象，包含：創業、愛情、運動、音樂、藝術、宗教……絕對讓你愛不釋手！\n　　●與過往心理勵志書籍最大的區別！本書擁有豐富的知識性內容，引經據典，東西方史實詳盡說明，讓你療癒身心的同時，又能增長各類知識！\n　　●黃金60句喚醒生命的力量法則，讓你能夠找到內在的那股『力量』。2017年最給力的文章，最能展現「力量」的一本書\n　　全球暖冬酷熱的氣候異常、美國總統大選產生不可測度的世界局勢、英國脫歐的局勢影響、國內年金改革、勞資因一例一休而衝突……，每日都有不同的「黑天鵝」徘徊在我們的週遭，世界似乎變得越來越不可預測，彷彿脫韁之馬，奔騰倏忽地駛離我們生命原有的道路。\n　　事實上，這本是生命原本的無常樣貌，我們以為的平凡安穩只是心執著於不變所孕化的錯覺。每個人都曾無力過，尤其是需要自己面對自己的那時刻。在《力量-重生之後》這本書中，王薀老師摘錄了古今中外的名人軼事，也拾取了你我身旁小人物的人生故事，讓我們看到一段段從人生低谷重新獲得「力量」而重新崛起的故事。\n　　有為子女奉獻一生，卻孤苦終老的老婦人，因為了解了：「改變命運最好的方法，便是積陰德和改變負面的情緒，讓自己的心情整天保持在愉快的狀態下，這是很重要的。」之後如獲至寶，彷彿在她的生命中又點燃了一盞希望之燈，而獲得向上向善的動力，不但重拾天倫之樂，臨終時猶能安定而平靜地說出：「感謝給我力量，讓我能夠堅持到最後」。\n　　在書中也可以看到來自於蘇格蘭的演唱者蘇珊‧波以爾(Susan Magdalane Boyle)─她日後被戲稱為蘇珊大嬸，一位外貌不起眼、亞斯博格症的患者，在她未參加2009年「英國達人秀」(Britain\'s Got Talent)之前，她的人生幾乎都是賦閒在家，處於待業狀態，父母家人也無可奈何。卻因這個比賽而一鳴驚人，短短數年時間已經累積了超過十億元新台幣的身家！正如這個故事所給我們的啟發：「生命要活得有意義，便是不要浪費時間在別人對自己的觀感或眼光，自在的人生就是處於無任何狡詐、諂媚和矯柔做作之中瀟灑而活，只要你有夢想和抱負，你就毫無畏懼地去衝刺吧！」\n　　「什麼樣的人和什麼樣的格局？才能從在毀謗、中傷和連續的打擊中，還能夠堅守自己的立場和理想？那便是成大事的人，可以從迷失中認識到覺悟所在處！」電學之父法拉第(Michael Faraday)的故事就是最好的例證。因為出身貧寒，法拉第只能自學成家。當他發明了世上第一部馬達時，因為並非出身系統的教育，便被當時壟斷學術界的英國皇家學會所瞧不起，經常詆毀他的學術成就，但他依然安穩地從事自己的研究，故而繼馬達之後，對人類留下了貢獻更大的發明──那就是從電磁感應裡發明了第一部發電機！成就之大，使得英國皇家學會想請他擔任會長，但他推辭了封爵並且兩次拒絕成為會長，風骨可見一般。\n　　以許多動畫電影、主題遊樂園及著名卡通角色聞名於世的華特‧迪士尼(Walter Elias， Walt Disney)，在他風光的背後，有誰知道他曾經遭遇了多少失敗，出身貧困的他，自小便靠著打零工、送報、賣汽水討生活，唯一出色的是他的藝術天份，對於繪畫的執著。也因為對美術的喜好，他始終一頭裁在相關的工作上，但是不是遇到主觀的老闆不賞識他，就是在經營自己的公司時面臨無數的波折及困難，甚至還到合夥人詐騙他的錢財，淪為一文不名的境地。但也在這個時刻，他始終不放棄的決心終於開出了絕美的花朵，自從在火車上創作了米奇──米老鼠，這個角色馬上就擄獲了大眾的心，以他為主角的一系列作品為之爆紅，從此華德‧迪士尼享受到了成功的果實，實現了他的夢想，成就了無比精采的人生。王薀老師也有感而發：「從古以來要活百歲就很難，像迪士尼再怎麼精采也不過到六十幾歲。我常勸一些人把自己的一生加減乘除看看，扣掉懵懂無知的幼年，再除掉體弱多病的老年，剩下的中間時段其實所剩無幾，有時又有陰晴圓缺，有時再加上情緒煩惱，再減掉睡眠、生病、無謂應酬，那人的一生可想而知能有多少，如何不要浪擲寶貴的生命在無謂的事物上，在自己精神最好的時候、體力最好的時候、思想最正確的時候，集中火力做最有意義的事情，卯足全勁，全力開動，為自己寫下黃金的史冊，這是最重要的。」\n　　馬賽洛‧喬達尼、查理斯霍華、泰瑞莎修女、邱吉爾、路易斯‧贊佩瑞尼、無名的老婦人……，或偉大或卑微、或名留青史或籍籍無名，都能在《力量-重生之後》中看到他們的故事，並淬煉出一番力量，重新煥發生命的色彩，為人生再添濃墨重彩的一筆。在2017年讓自己再次見證奇蹟時刻，找出你我內心的《力量-重生之後》！', '拾慧文化創意有限公司', '2017-03-20', '繁體中文', '心理勵志', 'http://im2.book.com.tw/image/getImage?i=https://www.books.com.tw/img/001/074/62/0010746277.jpg&v=58c6752b&w=348&h=348', '9789869445801');
INSERT INTO `book` VALUES ('1477', '69', '0010756108', '最後一次相遇，我們只談喜悅', '達賴喇嘛,戴斯蒙‧屠圖,道格拉斯‧亞伯拉姆', '達賴喇嘛，丹增嘉措（His Holiness the 14th Dalai Lama, Tenzin Gyatso）\n\n　　達賴喇嘛，丹增嘉措（His Holiness the 14th Dalai Lama, Tenzin Gyatso），是藏族人民和藏傳佛教的精神領袖。一九八九年獲頒諾貝爾和平獎，二○○七年獲頒美國國會金質獎。一九三五年出生在西藏東北部貧窮的農家，兩歲被認定為達賴喇嘛轉世。達賴喇嘛長年熱心倡導用世俗方法培養人性基本價值，三十多年來不斷與各領域科學家對話與合作。達賴喇嘛四處遊歷，推廣慈悲、跨信仰理解、尊重自然環境，與世界和平。目前他流亡在外，定居印度達蘭薩拉。\n\n戴斯蒙‧屠圖（Desmond Mpilo Tutu）\n\n　　戴斯蒙‧屠圖（Desmond Mpilo Tutu）南非榮譽大主教，在南非追求正義與種族和解時期成為號召運動重要領袖。一九八四年獲頒諾貝爾和平獎，二○○九年獲頒美國總統自由勳章。一九九四年，受曼德拉指名出任真相與和解委員會主席，開拓新做法，使歷經內戰與壓迫的國家得以向前邁進。他是「長者領袖組織」創辦主席，聚集全球領袖商議和平與人權問題。世人公認屠圖大主教是良心的聲音、道德的指標，也是希望的象徵。他深切關懷世界各地人民，教導愛和慈悲。他現居南非開普敦。\n\n道格拉斯‧亞伯拉姆（Douglas Abrams）\n\n　　道格拉斯‧亞伯拉姆（Douglas Abrams）是作者、編輯，也是出版經紀人。Idea Architects創辦人兼執行長，協助理想家打造更有智慧、健全正義的世界。道格擔任屠圖大主教共同作者和編輯已超過十年。他曾擔任HarperCollins出版集團資深編輯，也曾在加州大學出版社擔任宗教書系編輯。他堅信書和媒體的力量可以催化下一階段的全球文化革新。他現居加州聖克魯斯。\n', '兩位諾貝爾和平獎得主，五天相聚，解答一個永恆的問題\n\n　　經歷痛苦與失去之後，仍能發自內心地快樂嗎？\n　　面對生命中各種無法避免的磨難，該如何超越痛苦，擁抱喜悅而活？\n　　心智與心靈上該要有怎樣的特質與觀點，才容易感受喜樂？\n　　如何讓喜悅從一種稍縱即逝的感受，化為恆久的存在？\n　　人生最終該靠什麼獲得滿足與意義？ \n\n　　上千個來自全球的提問，最多人的問題並非如何找到喜悅，\n　　而是在充滿各種苦難的世界，真的可能活在喜悅中嗎？', '天下雜誌', '2017-06-28', '繁體中文', '心理勵志', 'http://im1.book.com.tw/image/getImage?i=https://www.books.com.tw/img/001/075/61/0010756108.jpg&v=59411e45&w=348&h=348', '9789576938467');
INSERT INTO `book` VALUES ('1478', '70', '0010756794', '一個人的獲利模式：用這張圖，探索你未來要走的路', 'Tim Clark,Alexander Osterwalder,Yves Pigneur', '提姆．克拉克（Tim Clark）\n　　講師、企管教授、創業家、作家。透過BusinessModelYou.com引領及推展個人商業模式。將一手創辦的公司轉手賣給NASDAQ上市公司後，他專心完成了探討國際商業模式可移動性的博士論文，並親自寫作或編輯了五本有關創業、商業模式以及個人發展的著作，包括國際暢銷書《獲利世代》以及這本《一個人的獲利世代》。他往來全球各地，在企業、大學及專業機構演講並教學。亞歷山大．奧斯瓦爾德（Alexander Osterwalder）\n　　創業家、講師以及國際暢銷書《獲利世代》的主要作者，《獲利世代》的共同作者為伊夫．比紐赫及提姆．克拉克，還有來自45個國家的470位參與者的無私貢獻。奧斯瓦爾德經常在財星五百大企業演講，並擔任華頓、史丹佛、柏克萊、IESE及IMD等頂尖商學院的客席講師。擁有瑞士洛桑大學的博士學位，曾協助建立策略軟體公司Strategyzer，以及對抗愛滋與瘧疾的非營利組織The Constellation。伊夫．比紐赫（Yves Pigneur）\n　　比利時那慕爾大學博士，從1984年起擔任洛桑大學資訊管理教授，以及美國喬治亞州立大學、香港科技大學及英屬哥倫比亞大學等校的客座教授。資訊管理學術期刊SIM的總編輯，並與亞歷山大．奧斯瓦爾德共同完成暢銷書《獲利世代》。設計者簡介\n亞倫．史密斯（Alan Smith） 創意總監\n　　受過設計訓練的創業家，工作領域涵蓋電影、電視、出版、活動開發、手機應用，以及管理每天數十億資料點的網頁平台。畢業自約克大學／謝爾丹學院（York/Sheridan）聯合設計學系，參與創辦The Movement，在多倫多、倫敦、日內瓦都設有辦公室，是國際知名的「變革推手」。他是Strategyzer的共同創辦人，提供實用的工具幫助企業實現成長策略。崔栩．帕芭達科（Trish Papadacos）設計\n　　從崔栩把蠟筆放到紙上那天起，她就立志要過一個創造視覺的人生。陸續在加拿大三個頂尖的藝術設計機構求學，又在倫敦取得設計碩士學位。其後創立「你」學院，為不安的專業人員提供職涯成長服務。狂熱的美食家、攝影者、旅人以及創業家，崔栩多年來都與藝術家、廚師和思維領導者合作。編輯者簡介\n梅根．雷禧（Megan Lacey）\n　　擅長語言及推廣跑步運動，梅根是在重新規畫職涯的時候加入Business Model You的工作小組。在出版公司擔任幾年編輯之後，在華盛頓州立大學完成了教學碩士學位。這段期間她還完成三次超馬，並且多了個教學頭銜，在奧瑞岡州波特蘭市的語言學校擔任英文老師。協力製作者簡介\n派翠克．范德皮爾（Patrick van der Piji）\n　　阿姆斯特丹的國際商業模式顧問公司Business Model Inc.的創辦人兼CEO，協助創業家、高階主管及其團隊如何運用視覺、故事軸以及其他工具或技術，設計出更好的商業模式。派翠克也是暢銷書《獲利世代》的協力製作。', '別再談生涯規劃了！填好這張圖，你就是自己人生的CEO！\n TED人氣講師Tim Clark + 獲利世代原班人馬！全球43國328個專家共同參與！\n　　目前的工作讓你身心俱疲，充滿挫折感？\n　　想找份高薪又滿意的工作？\n　　你的個性有哪些特點？你的專長是什麼？\n　　你合適哪種職業？ 該轉行嗎？ 要創業嗎？\n　　「有多少人是靠生涯規劃按部就班，走到了今天? 有多少人毫無頭緒，邊做邊學，摸索到今天? 請舉手!」Tim Clark在TED演講上問觀眾。\n　　結果，幾乎沒有人舉手承認自己有生涯規劃，絕大多數觀眾都是邊做、邊試、邊學。「我們可以跟生涯規劃這四個字說再見了嗎?」Tim Clark說。\n　　回到當年，正在念博士班的Tim Clark原本不知道自己念完後能幹嘛。正好他去聽了《獲利世代》兩位作者Alexander Osterwalder與Yves Pigneur的演講，深深受到啟發，進而發起了這項寫作計畫。透過書中來自全世界超過40個國家、300多位職場高手的經驗分享，引導我們規劃自己的人生藍圖。\n　　這些職場高手都跟Tim一樣，學會將「自己」當作「企業」般經營。想像一下：如果時間是你的商品，才華是你的服務，請問你的「顧客」是誰？你的商品與服務要如何定價？你要如何看待自己人生的「財務報表」？要如何賺取你所需要的「盈餘」？\n　　這本書，透過知名的《獲利模式圖》，帶領大家按照正確步驟，評估自己的職業生涯選擇，找到自己個性、興趣、與能力交會的甜蜜點，希望能幫助你一步步解除困惑、建立自信、獲得滿足。本書特色\n　　V 沒有深奧的理論\n　　V 不談空泛的生涯規劃\n　　V 用「商業模式圖」，step by step帶領你認識自己\n　　V 來自全球43國、300多位專家第一手經驗分享\n　　V 全書彩色圖解，隨翻隨讀，自習與讀書會討論皆宜名人推薦\n　　《一個人的獲利模式》能幫助你思考，找到工作的意義與方向。──Philip Galligan，愛爾蘭\n　　非常創新，能幫助你評估自己的個性、找出強項。──James C. Wylie，美國\n　　這張商業模式圖，為許多企業帶來連續成功。你當然也可以！──Ralf Meyer，德國\n　　一本非常實用、讓人深獲啟發的工具書。──Gary Percy，澳洲', '早安財金', '2017-07-07', '繁體中文', '商業理財', 'http://im1.book.com.tw/image/getImage?i=https://www.books.com.tw/img/001/075/67/0010756794.jpg&v=594a4aab&w=348&h=348', '9789866613890');
INSERT INTO `book` VALUES ('1479', '71', '0010727411', '讓家事更輕鬆！小蘇打+醋の天然清潔妙方：125種無毒、不傷手的無敵清潔法，解決居家環境的各種煩惱', 'Plus小管家', '致力於以最天然、最方便、最輕鬆的清潔方式，維護居家環境清潔，守護全家人的健康。', '　最天然的居家掃除妙方，\n　　零汙染、低刺激、超乾淨！　　食用級小蘇打＋醋，聰明用對無毒清潔劑，打掃居家不費力！\n　　生活中已經有太多的化學物質對人體產生危害，\n　　何苦再為了維持居家環境整潔而傷害自己與家人的健康？　　現在，就讓我們一起來……\n　　‧了解食用級小蘇打粉的清潔原理、使用優點及各種變化法，以及如何搭配其他好用的環保素材一同做居家清潔。\n　　‧跟著書中一目了然的步驟圖，方便實作，超效簡易清潔法stepbystep。\n　　‧利用125個食用級小蘇打粉的天然清潔法，從居家清潔到衣物洗滌，以及溫和清洗寶寶用品、寵物區域清潔等；使用範圍橫跨客廳、廚房、浴室、臥室等基礎空間，讓居家清潔工作更輕鬆。【樂活掃除新主張】\n　　小蘇打粉＝消除貓砂、冰箱、鞋櫃等異味\n　　小蘇打水＝清除咖啡、茶葉黃垢\n　　小蘇打＋醋＝光潔亮麗的玻璃\n　　食用級小蘇打不僅可以是烘焙時的食品添加物，更是居家清潔好幫手！然而，當鹼性的小蘇打粉遇上酸性的醋，酸鹼中和下，將會產生「發泡作用」，讓小蘇打粉原有的清潔效果再升級，幫你輕鬆擊退髒汙與頑垢！　【善用小蘇打＋醋，輕鬆打造無毒、舒適的居家環境】\n　　★能安心烹調食物的廚房\n　　再也不需要用力刷洗，更不怕化學殘留物！瞬間清除集油槽、醬料碟、微波爐、烤箱網架等油汙；擊敗瓦斯爐口、鍋具底部焦黑；恢復流理台、洗碗槽的乾淨樣貌。\n　　★亮晶晶的浴廁空間\n　　澈底擺脫異味與黴菌！立即去除牆壁與地板的瓷磚霉斑、門板汙垢；消滅垃圾桶異味、水痕等，讓衛浴設備煥然一新！\n　　★舒適怡人的客廳\n　　再也不苦惱！輕鬆去除地毯、沙發上的汙漬；保持紗窗、窗框、窗溝的潔淨；澈底清除電風扇、話筒等髒汙；擁有光潔亮麗的玻璃與鏡面。\n　　★整潔舒適的臥室\n　　即刻告別化學清潔劑！迅速去除床單異味、棉被霉味；消除銀飾品氧化發黑處；清除絨毛玩具髒汙，打造讓身心能夠完全放鬆的清爽空間。【特別收錄：小蘇打粉的生活妙用】\n　　‧貓奴們照過來！只要一小匙食用級小蘇打粉，就能澈底去除貓砂異味\n　　家中有飼養貓咪的人，一定都會這樣有深刻的體驗──放在角落的貓砂，只要多放一些時間沒有清理，就會散發出濃厚的排泄物臭味。其實，只要使用食用級小蘇打粉，就能抑制寵物排泄的臭味囉！\n　　‧幫寵物洗澡不再像打仗，輕鬆為怕水的寵物「乾洗」\n　　如果你家中也有「聞洗澡為之色變」的小貓、小狗，該如何做好清潔管理呢？其實，只要使用一點食用級小蘇打粉，就能幫寵物做簡單的乾洗了，而且因為使用的是食用級的純天然清潔劑，所以也不用怕寵物吃進肚子裡唷！\n　　‧臭腳丫走開！迅速去除鞋子裡的悶臭味\n　　早上穿著鞋子出門，晚上回到家時往往會發現鞋子內側濕濕黏黏的，甚至散發臭味。如果隔天還要穿著這雙鞋子出門，那內心一定是非常地糾結啊！其實，想要每天都穿到非常清爽的鞋子一點都不難，只需要利用不傷害環境與健康的食用級小蘇打粉就可以囉！\n　　‧DIY製作純天然身體磨砂膏，便宜、好用、不傷身！\n　　大家都習慣了購買磨砂膏產品，去除身上的老廢角質。其實，小蘇打粉本身就有非常細膩的顆粒，不但能夠除去身上的老廢角質，還能夠吸附毛細孔中的髒汙和油脂，澈底清潔皮膚。\n　　‧你不可不知的小蘇打Q&A\n　　哪裡可以買到食用級小蘇打、小蘇打粉到底有幾種、小蘇打粉有保存期限嗎、使用檸檬酸代替白醋的話，要如何使用呢……眾多關於小蘇打的「疑難雜症」，一次為你詳細解答！\n　　本書特搜125種小蘇打+醋的無毒清潔法，透過上百張親身體驗、實際測試的步驟圖，照著做就對了！現在就利用食品級小蘇打強效清潔力、除臭、抗菌與純天然的特性，澈底擊退髒汙與頑垢，讓惱人的家事變輕鬆！本書特色\n　　★近300張精美圖片，帶你一起實際體驗小蘇打＋醋的超效清潔力！\n　　★最實用的「貼心小提醒」，即時解決你操作時的疑惑！\n　　★為你嚴選125種小蘇打＋醋的無毒清潔法，從居家環境到個人清潔，沒有不好用，只有最實用！\n　　★依空間區分，讓你快速查閱廚房、浴廁、臥室、客廳的清潔方法\n　　★為你守護全家人的健康，就連寵物也不放過！特別收錄寵物及其用品的清潔方法', '和平國際', '2016-09-01', '繁體中文', '生活風格', 'http://im2.book.com.tw/image/getImage?i=https://www.books.com.tw/img/001/072/74/0010727411.jpg&v=57bebac4&w=348&h=348', '9789863710547');
INSERT INTO `book` VALUES ('1480', '72', '0010774982', '人類大歷史：從野獸到扮演上帝', '哈拉瑞', '任教於耶路撒冷希伯來大學歷史系，全球矚目的新銳歷史學家。\n　　1976年出生於以色列海法，2002年在牛津大學獲得博士學位。\n　　最初專研中世紀史和軍事史，發表了許多學術書籍和論文；現在專研世界史和宏觀的歷史進程，《人類大歷史》這本巨著就是最新的研究成果，2012年以希伯來文出版，在以色列成為暢銷書，陸續翻譯成23種語文，代表全球主要文明國家都看重他的作品。\n　　最獨特的是，哈拉瑞給各國的版本都是量身訂做的，書中舉例盡可能選用當地熟悉的史實，顯示他用功之深，知識之淵博。而且，身為人文歷史學者，他也懂人類學、生態學、基因學等等硬科學，蹲馬步的功夫非常扎實。\n　　哈拉瑞的世界史講座系列影片，已被放上YouTube。\n　　目前他也在《應許之地》雜誌，定期撰寫專欄文章。', '《人類大歷史》為什麼能夠在國際暢銷書榜上爆衝？\n　　原因很簡單，它處理的是歷史的大問題、現代世界的大問題，\n　　而且，它的寫作風格是刻骨銘心的生動。你會愛上它！\n　　——戴蒙（Jared Diamond），普立茲獎巨著《槍炮、病菌與鋼鐵》作者\n　　十萬年前，地球上至少有六個人種，\n　　但今日，只剩下一個人種：智人（Homo sapiens），亦即明智的人種。\n　　但是我們真的明智嗎？\n　　從只能啃食虎狼吃剩的殘骨的猿人，到躍居食物鏈頂端的智人，\n　　從雪維洞穴壁上的原始人手印，到阿姆斯壯踩上月球的腳印，\n　　從認知革命、農業革命，到科學革命、生物科技革命，\n　　我們是如何登上世界舞臺、成為萬物之靈的？\n　　從西元前1776年的《漢摩拉比法典》，到1776年的〈美國獨立宣言〉，\n　　從帝國主義、資本主義，到自由主義、消費主義，\n　　從獸慾、情慾、到物慾，從獸性、人性、到神性，\n　　我們瞭解自己嗎？我們過得更快樂嗎？\n　　我們究竟希望自己想要得到什麼、變成什麼？本書作者哈拉瑞希望滿足讀者的是：\n　　「請給我單單一本書，不到五百頁的篇幅，用清晰可讀的散文，不填塞一堆令人暈頭轉向的年份、人名、地名、稱號，就能涵蓋了人類如何崛起、如何被農作物綁架……乃至影響現代生活甚巨的資本主義、一神教、自由人文主義、基因工程……如何興盛的重大脈絡，讓我洞悉其中的關鍵和意涵。」\n　　許多所謂「大歷史」書，標榜要給讀者一個完整的人類歷史輪廓，但很少成功。\n　　通常，描寫文字發明之前的年代，是生物學家、考古學家的專長；但是文字發明之後的年代，則是歷史學家、政治學家和經濟學家的擅場。\n　　至於如何讓這兩大段歷史之間沒有斷層，能夠有一以貫之的宏觀解讀，過去幾乎沒人做得到。許多著名史家的作品，由於欠缺遺傳學或生態學的視野，很多關鍵史事的詮釋，也只是隔靴搔癢。《人類大歷史：從野獸到扮演上帝》，分成四部分來描述人類大歷史：\n　　七萬年前的大腦認知革命（有能力談八卦，想像不存在的事物，讓陌生人開始合作、建立組織）、一萬兩千年前的農業革命（讓我們渴求更多、生產更多，分工分職愈趨細膩）、五百年前的科學革命（帶來快速進步，讓我們擁有上帝的力量，也帶來毀滅）、以及導致全球大一統、人類大融合的關鍵因素——金錢、帝國、宗教。\n　　作者還希望這本《人類大歷史》能填補傳統史書的三個鴻溝：\n　　歷史觀與哲學觀之間的鴻溝（這本書要提供有史實根據的深刻哲學思考）、人類和生態系統之間的鴻溝（這本書要讓讀者多從生態系來思考，而不是只講人類的利益）、集體和個人之間的鴻溝（檢視歷史事件如何影響到當時一般人的生活，例如當時的平民感受如何？有沒有人更幸福或更悲慘？）。\n　　作者認為，讀者若是錯過這樣的觀點和角度，不帶著這些疑問來思考，將會一再錯過歷史中最關鍵、最有意思的部分。\n', '天下文化', '2014-08-27', '繁體中文', '社會科學', 'http://im1.book.com.tw/image/getImage?i=https://www.books.com.tw/img/001/077/49/0010774982.jpg&v=5a41d060&w=348&h=348', '4713510945001');
INSERT INTO `book` VALUES ('1481', '73', '0010715088', '麥肯錫顧問反覆自我練習的順序思考法：老闆提出問題，你一分鐘就找到答案！(圖解範例版)', '西村克己', '現為芝浦工業大學研究所客座教授、管理諮詢顧問。\n　　1982年自東京工業大學經營工學研究所畢業。曾任職於富士軟片公司，1990年進入日本綜合研究所擔任主任研究員，同時兼任民間企業的管理顧問，開辦員工進修課程，並在各處發表研究。2003年起，擔任芝浦工業大學工學管理研究所教授。專業領域包括科技管理、專案管理、管理策略、策略性思考及圖解思考。\n　　著作有《了解經營策略》、《學會邏輯思考法》、《1分鐘強化經營策略力》、《一分鐘讀懂杜拉克》、《1分鐘讀懂麥克‧波特》、《1分鐘讀懂傑克‧威爾許》等。譯者簡介林以庭\n　　文藻外語大學日文系畢，現為專職譯者。推理題材成癮者及資訊焦慮症患者，與一隻黑貓的共同生活邁入第三年。譯作有《孫正義教我的A4工作法》。', '為什麼蘋果、微軟、Uniqulo能站上頂端？請看本書作者告訴你，他們的祕密武器是……　　●5大流程簡單易懂　　45個問題→真實範例→理論答案→重點整理→實用操作　　●5種人可強化專業武器　　寫網誌文案、流程規畫、構思創意、提出簡報、上台演講的人，不可不讀\n　　工作進度一直延宕、提案總是過不了、跟別人溝通卡卡……\n　　如果有這樣的困擾，請在尋找答案前，先想想2個問題：\n　　Q1、北極熊捕捉獵物敏捷，為什麼卻抓不到企鵝？\n　　Q2、在搭公車時感受到：1.車廂內很擁擠、2.掛在置物架上的雨傘或許是某人忘記帶走、3.司機看起來心情不太好，哪一個是事實？\n　　認真思考後，我們一起來看看答案。\n　　A1、「北極」熊當然抓不到「南極」企鵝。\n　　A2、這三個全都是「判斷」，沒有一個是「事實」。\n　　這不是無厘頭的腦筋急轉彎，而是切實的邏輯思考。\n　　我們在工作與溝通時，思考時常陷入這樣的死角。因此，你可以透過本書45個ＱＡ問答，學會麥肯錫的順序思考法，讓自己說話有邏輯、說服他人有力道、提高工作效率！　　◎善用MECE原則，見樹又見林\n　　想要避免重複思考，可以運用MECE原則（無遺漏、無重複）掌握問題全貌。\n　　情境：在麒麟啤酒勢如破竹，大舉提高市場占有率之後，專注提升飲食文化的朝日啤酒，也開始販賣平價發泡酒。\n　　關鍵：「不被單一想法束縛，也不留下任何死角」，避免思考上的遺漏並擴展視野。　　◎掌握邏輯論證的3要素：主張、論據、資料\n　　「邏輯」是條理分明且沒有矛盾的狀態。如果要確認論點是否合乎邏輯，可以從「主張、論據、資料」3方面，檢驗是否成立。\n　　情境：UNIQLO在2014年營業額突破1兆日圓，柳井正將2020年的目標定為5兆日圓，等於是要在5年內擴增4倍以上的營業額。\n　　關鍵：活用「演繹法3段論證」，跳脫現狀、延伸思維，提出營業額的目標予測值。　　◎運用邏輯樹狀圖分門別類，從屬關係變明確\n　　整理大量資料時，用邏輯樹狀圖釐清「獨立關係」與「從屬關係」，工作項目才會具體分明。\n　　情境：行銷部每年舉辦兩次大型促銷活動，但每次活動都更換承辦人，這時可以運用邏輯樹狀圖，交接過去企劃的know-how。\n　　關鍵：發揮專案管理的WBS（工作分解結構）技巧，擬訂工作計畫並建立範本。　　◎遵循３步驟，有效排列優先順序\n　　當資源有限時，要獲得最大的投資報酬率，必須從「選擇、分配、時間」3個角度，確定優先順序。\n　　情境：工作愈是忙碌、愈容易虎頭蛇尾。如果沒有列出「待辦清單」，可能整天瞎忙，卻又一事無成。\n　　關鍵：找出Q C D（品質、成本、交期）之間的平衡關係，顯著提升工作效率。　　◎探詢原因再制定對策，治標又治本\n　　反覆詢問「Why？」並且思考，就能逐步挖掘問題背後的真正理由。\n　　情境：花王不惜重金砸下4千億日圓，收購瀕臨倒閉的佳麗寶。\n　　關鍵：逆向思考「如果花王沒有收購佳麗寶，會發生什麼事？」花王的策略行動不僅可以與資生堂抗衡，更阻止外資併購佳麗寶，防止市場捲入惡性競爭。　　◎建構金字塔結構圖，整體脈絡一目了然\n　　在最上層放入主張，中間擺3個支持主張的論據，最下方配置各個論據的3個佐證資料，建構出紮實的邏輯金字塔。\n　　情境：在一年一度的人事考核，只能用五分鐘口頭報告今年的成果。針對「全公司、所屬部門、主管」三階層個別說明，就能讓聽者產生具體概念。\n　　關鍵：運用金字塔結構圖，由上而下說出有邏輯的論述。本書特色\n　　‧45個ＱＡ問答，讓你實地演練邏輯思考。\n　　‧每小節重點整理，快速複習不易忘。\n　　‧提供超實用36個方法，以及19張表格。\n　　‧圖解簡單易懂，思考途徑一目了然。推薦\n　　悅思捷管理顧問有限公司總經理　柯振南\n　　謀略事業經營顧問公司首席顧問　陳其華', '大樂文化', '2016-05-16', '繁體中文', '商業理財', 'http://im1.book.com.tw/image/getImage?i=https://www.books.com.tw/img/001/071/50/0010715088.jpg&v=573317bc&w=348&h=348', '9789869283250');
INSERT INTO `book` VALUES ('1482', '74', 'F013874998', '為了活下去：脫北女孩朴研美', '朴研美', null, '「這輩子我最感激兩件事，一是我出生在北韓，一是我逃出了北韓。」　　一個長於北韓黑市世代的女孩，歷經苦難終於逃離家鄉，\n　　卻在人口販子的掌控下，度過兩年生不如死的歲月。\n　　這一則活下去的故事。\n　　◆文字工作者阿潑、作家吳曉樂專文推薦\n　　◆已出版法、德、西、日等多國語言。\n　　◆內附歷經幾番波折重新取回的珍貴家族照片。\n　　上學途中看見屍體躺在路邊、肚子餓到只能吃野生植物果腹、鄰居莫名其妙「消失」等等，這些都是朴研美從小到大習以為常的事。她相信「敬愛的領袖」可以看穿她的心，甚至因為她心裡的「壞念頭」而懲罰她。\n　　十三歲那年，飢荒再加上父親入獄，迫使研美一家人不得不冒著生命危險，橫越結冰的鴨綠江，從北韓逃到中國。然而，到了中國之後，她才發現自己已經落入中國人口販子的手中。\n　　她在人口販子的掌控下度過兩年生不如死的歲月，在一個甚至比她逃離的家鄉更殘酷、更危險的地方掙扎求生。後來，研美與母親再一次冒著生命危險想辦法逃亡。她們在漆黑的寒夜橫越戈壁沙漠，跟隨著星星的指引邁向自由。\n　　這是朴研美第一次以無比的勇氣、尊嚴和幽默的語調，完整道出這段驚心動魄的往事。這本書證明了人類精神的強大韌性，以及不計代價追求自由的強烈決心。　　本文取自大塊文化出版《為了活下去：脫北女孩朴研美》\n　　\'I am most grateful for two things: that I was born in North Korea, and that I escaped from North Korea.\'\n　　Yeonmi Park was not dreaming of freedom when she escaped from North Korea. She didn\'t even know what it meant to be free. All she knew was that she was running for her life, that if she and her family stayed behind they would die - from starvation, or disease, or even execution.\n　　This book is the story of Park\'s struggle to survive in the darkest, most repressive country on earth; her harrowing escape through China\'s underworld of smugglers and human traffickers; and then her escape from China across the Gobi desert to Mongolia, with only the stars to guide her way, and from there to South Korea and at last to freedom; and finally her emergence as a leading human rights activist - all before her 21st birthday.', '大塊文化', '2016-07-29', '繁體中文', '人文社科', 'http://im1.book.com.tw/image/getImage?i=https://www.books.com.tw/img/001/072/32/0010723234.jpg&v=5790a42a&w=348&h=348', '9780241973035');
INSERT INTO `book` VALUES ('1483', '75', '0010687126', '沖繩．南島日和散策！： 沖繩×石垣島×竹富島×宮古島．四季的真夏之旅', '照玩誌', '　Google搜尋「沖繩」，一定會看到照玩誌。\n \n　　某次從沖繩旅行回來，因為太過熱愛這個地方，喜歡到開始研究起移居沖繩的資料，並在部落格內大篇幅地介紹沖繩的美食、旅遊、住宿。因沖繩遊記大受好評的關係，從此展開在Blog與大家分享旅遊資訊，撰寫各地的旅遊懶人包的生涯。\n \n　　部落格：hiromishi.com\n　　臉書粉絲團：www.facebook.com/photob4eat', '無論如何都要任性標上「沖繩限定」的印記！\n照玩誌，一年四季都好玩的自助行完整攻略大公開。\n \n美食的沖繩、歷史的沖繩、散步的沖繩、購物的沖繩、踏浪的沖繩……。\n讓碧藍晴天、清澈大海、個性小店和慵懶的南島風情，滿足你對島嶼旅行的所有想望。', '悅知文化', '2015-08-27', '繁體中文', '旅遊', 'http://im1.book.com.tw/image/getImage?i=https://www.books.com.tw/img/001/068/71/0010687126.jpg&v=55d30992&w=348&h=348', '9789865617189');
INSERT INTO `book` VALUES ('1484', '76', '0010692169', '京都慢遊案內所：就算只有一天，也要當一日京都人', 'Marser', '直到大學畢業為止都住在京都，之後也幾乎在京都近郊生活，是一個自出生都一直都以京都為遊樂場的人。\n\n　　目前任職於日本某電子產品製造商，擔任居家產品開發的工作（負責電路及微電腦控制等的設計）。不過，一到週末假日，便會轉換身分，飛奔於京都各處拍攝照片。他拍攝的京都竹林，法國地鐵以高價授權金購買；他拍攝的京都櫻花，在RICOH GR、Flickr萬人點閱按讚。\n\n　　秉持將從小到大對京都的情感，傳遞給喜愛京都的台灣人，因而答應了來自台灣的出書邀約。為了撰寫本書，還特別考取了「京都．觀光文化檢定」的資格。\n\n　　Flickr　   ︱www.flickr.com/photos/marser\n　　facebook︱搜尋「Marser Photography」', '趕時間拼景點的旅遊方式太魯莽，不適合京都，\n　　即便是在此居住很久的人，仍會被這城市的多面魅力給吸引。\n　　京都男子Marser宛如引路人，掀開暖簾，\n　　帶你深入連當地人都不知道的京都。', '悅知文化  ', '2015-10-05', '繁體中文', '旅遊', 'http://im2.book.com.tw/image/getImage?i=https://www.books.com.tw/img/001/069/21/0010692169.jpg&v=560e5d04&w=348&h=348', '9789865617417');
INSERT INTO `book` VALUES ('1485', '77', '0010667213', '從你的全世界路過', '張嘉佳', '一九八○年出生於江蘇南通，作家、編劇。曾任雜誌主筆、電視編導。大學期間多才多藝，發揮自小愛閱讀的文學涵養，自導自演多齣戲劇演出、發表近百萬字的文章。創作多元豐富，二○○五年寫了以大學生活為藍本的長篇小說《幾乎成了英雄》、二○○七年完成網路小說《小夫妻天天惡戰》與《情人書》。二○一一年首次擔任電影編劇，以《刀見笑》榮獲第四十八屆金馬獎最佳改編劇本提名。\n\n　　二○一三年，他隨手在網路上寫東西，晚上八點開始寫，十點前放在網上讓大家睡前讀。這些故事有些是他自己的，大多數是別人的。他將這些題材重新打碎融合，記下來來往往的人們，記下他們在城市裡揮灑汗水，澆灌愛情，用力生活的模樣；他讓所有故事繞著一間酒吧發生，並把胡言、悅悅、管春、毛毛，甚至自己，還有一隻狗寫在故事裡。\n\n　　〈老情書〉把大家逗得又哭又笑，引發最多共鳴、分享；〈我希望有個如你一般的人〉在一個晚上感動上萬讀者，有讀者直呼拍成電影會破十億票房；〈擺渡人〉在第一時間受到王家衛導演青睞；〈初戀是一個人的兵荒馬亂〉則記下了自己學生時代朦朧青澀的幾段感情……這些陪伴大家每一晚的文字，後來集結成短篇小說集《從你的全世界路過》。\n\n　　最近出了一本以愛犬梅茜為視角的創作《讓我留在你身邊》。\n\n　　張嘉佳微博：weibo.com/zhangjiajia', '我希望有個如你一般的人。\n　　如這山間清晨一般明亮清爽的人，\n　　如奔赴古城道路上陽光一般的人，溫暖而不炙熱，覆蓋我所有肌膚。\n　　由起點到夜晚，由山野到書房，一切問題的答案都很簡單。\n　　我希望有個如你一般的人，貫徹未來，數遍生命的公路牌。\n　　即使最後，我只能從你的全世界路過。──張嘉佳', '新經典文化', '2015-03-11', '繁體中文', '文學小說', 'http://im2.book.com.tw/image/getImage?i=https://www.books.com.tw/img/001/066/72/0010667213.jpg&v=5866453e&w=348&h=348', '9789865824365');
INSERT INTO `book` VALUES ('1486', '78', '0010652479', '人中之龍 維新！完全攻略極之書', 'ENTERBRAIN', null, '從各式劇情、戰鬥迷宮到另類人生，\n攻略的極致全都收錄於此!!', '青文', '2014-10-09', '繁體中文', '電腦資訊', 'http://im2.book.com.tw/image/getImage?i=https://www.books.com.tw/img/001/065/24/0010652479.jpg&v=54326f50&w=348&h=348', '4718016010789');
INSERT INTO `book` VALUES ('1487', '79', '0010756922', '我可以心甘情願，但你不能理所當然', '口罩男', '1982年生，台中人，育有一女一子。\n　　與妻子在台北相戀，婚後口罩男仍留在台北工作，妻子則搬到台中，與婆婆同住、獨力帶小孩。在某一次例假回家時，因為妻子一句話：「真的好想回去上班喔！」自此請育嬰假搬回台中，展開了家庭主夫的生活。\n　　為人夫、為人父的他，對於兩性關係有獨到見解，立志追求男女平等，以男性角度捍衛女性主權。沒有華麗偶像劇的背景，他談的都是寫實故事、生活例子，溫柔同理下的犀利敢言，直中天下女人心。一篇為女性發聲，主題為「爸爸日」的文章引起3萬多人分享、10萬多人按讚。\n　　他的「口罩男」FB粉絲團有近33萬粉絲。同時，他也是媽媽經、姊妹淘、女人迷等網站的駐站作家，並在未來Family的數位頻道撰寫「人夫日記」專欄。\n　　●FB粉絲團：【口罩男】\n　　www.facebook.com/gn00357648/', '不要對別的女人溫柔，因為那是對你的女人殘忍；\n 不要對別的男人多情，因為那是對你的男人無情。\n　　◎女王掛名推薦！律師娘（林靜如）專文推薦！\n　　◎「口罩男」33萬FB粉絲，〈爸爸日〉好文3萬多人分享，10萬多人按讚！他說：「老婆為我懷孕，那我替她結紮，其實想想，也挺浪漫的。」\n　　既然夫妻雙方都有節育的共識，那不用多加思考，結紮，當然是男人結。因為憑什麼懷孕、生產，都已經由老婆代替我去受苦了，現在連「避孕」都要讓她代替我去？他說：「避嫌不是絕對就不會偷吃，但不偷吃的人，絕對懂得避嫌。」\n　　愛情故事，只要沒有開始就寫不下去，那些單身的朋友自然會有其他單身的人去守護，我們這些死會到不能再死的人，該做好的一件事就是，好好守護好身邊的伴侶。\n　　從沒有一個男性如此通透地聽懂女性的心聲，因此，妻子及女友往往藉著分享口罩男的文字，期待另一半，多一點點理解自己無處傾訴的心情。\n　　讀著讀著，讓人忍不住要哭了，因為感覺被深深地關懷，讓同理所擁抱──怎麼我們會忘了呢？這一切，不正是我們最珍視的承諾、最渴望守護的初心？這一切，喚醒了我們在議論抱怨的現實中，堅定地保有相愛的恆溫。\n　　這一切的付出，都是我們心甘情願，但有時，被視為理所當然而輕忽了。\n　　親愛的，我們……有多久沒聽彼此說說心裡的話了？有多久沒好好在一起吃頓飯，心思只專注在對方身上？有多久沒跟對方說聲「我愛你」了呢？本書特色\n　　◎竟然有個男人能如此溫柔看見，女人心裡，那個渴愛的小女孩。\n　　◎口罩男給女人的情書：不要愛一個人，愛到失去了尊嚴、驕傲與自我。更不要愛一個人，愛到忘了心疼……自己。\n　　◎口罩男給男人的但書：婚後的女人，要的不過只是一份心意，求的不過是一種，老公始終有把自己放在心底的感覺罷了。\n　　◎談兩性的書籍很多，但這是第一次，由一個男人完完全全地從女人立場思考，為女性說話！\n　　◎律師娘（林靜如）專文特別推薦：「我一直在想，他是如何得知，所有即使當媽的女人們，心目中依舊住著一個小女孩，等著那個當初娶她、說會愛她一輩子的男人，敲開她的心門，牽著那個小女孩走出來；但任憑她們怎麼暗示、呼喊、跺腳、恐嚇，她們的男人就是聽不懂。於是，男人依然說著他的火星語，女人依然說著她的金星語。因此，當有一個男人居然說著金星語時，立刻讓所有其他男人女人都停止了說話看著他，讓他的聲音變得好大好大，讓你不能忽視他。」', '寶瓶文化', '2017-07-03', '繁體中文', '心理勵志', 'http://im1.book.com.tw/image/getImage?i=https://www.books.com.tw/img/001/075/69/0010756922.jpg&v=5953933d&w=348&h=348', '9789864060924');
INSERT INTO `book` VALUES ('1488', '80', '0010713081', '一起來學手寫英文藝術字：各種寫字練習+藝術字體+手作應用，讓你靈感源源不絕，寫出美麗的英文藝術字', '蘿拉‧拉曼德,蓋比‧柯肯多,蕭娜‧潘契恩,茱莉‧曼沃林', '蓋比‧柯肯多\n\n　　蓋比的專長是手寫藝術字，不過創作時也會運用沾水筆和墨水、水彩、混合媒材等。蓋比在美國西北部工作，不過她的藝術作品曾於英國、西班牙、加拿大、紐西蘭、澳洲等地展出。美國設計品牌Threadless等公司以及當地藝廊也曾展出、銷售蓋比的作品。如果你想進一步瞭解蓋比和她的最新創作，請見www.gabrijoystudios.com。\n \n蘿拉‧拉曼德\n\n　　蘿拉擁有藝術學士學位，有幸在許多優秀的老師門下學習英式書法。她的作品曾經被製成賀卡，不少出版商、時尚設計師、音樂家都和她合作過，許多雜誌和部落格也介紹過她的作品。如果想更瞭解蘿拉，請見www.lauralavender.com。\n \n茱莉‧曼沃林\n\n　　茱莉熱愛英式書法，總能在不斷重複的字體和裝飾線中，看見奇異、充滿韻律的美感。出於對文字、藝術的熱情，她創立了自己的客製化手寫藝術字及插畫工作室「花字奇想」（Flourish & Whim）。茱莉的風格獨特，融合了古典和現代──她運用不完美的起伏、螺旋、波浪，卻能完美演繹出優雅的文字之舞。關於茱莉和其作品，詳見www.flourishandwhim.com。\n \n蕭娜‧潘契恩\n\n　　蕭娜是手寫藝術字的藝術家、插畫家，她在佛羅里達大學取得藝術學士學位後，進入當地廣告公司實習，在這裡培養起她對手寫藝術字和插畫的熱情。蕭娜喜歡以藝術字為中心創作系列作品，還有一些給人正面能量的格言藝術字。如果想更瞭解蕭娜，請見：www.shaunaparmesan.com。', '英美最暢銷、超過數十萬讀者最推薦的英文藝術字學習書\n由4位國外專業英文藝術字老師，\n以零距離分解步驟方式，\n從基礎筆畫，到各種變化字型\n教你學會真正的英文手寫藝術字，\n還有不同媒材應用教學！！', '遠流', '2016-04-29', '繁體中文', '藝術設計', 'http://im2.book.com.tw/image/getImage?i=https://www.books.com.tw/img/001/071/30/0010713081.jpg&v=5710c309&w=348&h=348', '9789573277842');
INSERT INTO `book` VALUES ('1489', '81', 'E050017273', '沉月之鑰 外篇 似水流年', '水泉', '因為調養身心所以休息了好幾個月，於是發現稿債已積成山。\n\n　　已出版作品：《風動鳴》系列（全二十冊）、《風動鳴》新版（全二十四冊）、《銀色域》系列（全八冊）、《沉月之鑰》系列（全十四冊）、《逐藍》系列（全三冊）、《異願洛恩斯》系列（全十冊）、《沉月之鑰》第二部（未完待續）\n\n　　個人部落格：\n\n　　黑水蔓延之地\n　　suru8aup3.blogspot.tw/\n\n　　臉書：\n　　www.facebook.com/suru8aup3/\n\n　　噗浪：\n　　www.plurk.com/suru8aup3', '范統的大學生活大揭密！\n　　用念力折斷牙籤、可以一眼預言來生，和能剪斷紅線的同學？！\n　　范統用盡全力，苦讀考上的到底是什麼奇怪的科系啊……\n　　金石堂文學排行榜｜博客來華文年度暢銷作家\n　　華文輕小說天后 水泉X金賞繪師 竹官@CIMIX再次攜手！', '天使出版', '2017-07-19', '繁體中文', '輕小說', 'http://im2.book.com.tw/image/getImage?i=https://www.books.com.tw/img/001/075/84/0010758427.jpg&v=595e1135&w=348&h=348', '9789869497336');
INSERT INTO `book` VALUES ('1490', '82', '0010759308', '奇幻小鎮大發現：【無字繪本視覺思考學習套組】（全三冊）（附贈0~9歲分齡導讀學習手冊）', '亞歷珊卓‧米契林斯卡,丹尼爾‧米契林斯基', '1982年出生的波蘭夫妻，華沙藝術學院平面設計系畢業，大學三年級時兩人共同成立Hippopotamus Studio河馬工作室（hipopotamstudio.pl/#/en/portfolio/all/maps/），設計字型、app程式以及網站。多才多藝且注重細節、完成度，年輕的藝術家不只在波蘭赫赫有名，也因《地圖》迅速售出各國版權，他們也逐漸在國際舞台嶄露頭角。\n\n　　著作：《全世界最奇妙的房子》（先覺）獲得2008年國際兒童圖書評議會（IBBY，又稱國際兒童讀物聯盟）波蘭年度好書獎；《地圖》（小天下）', '★《地圖》作者在台最新力作！★\n風靡歐美的「無字繪本」經典之作\n沒有文字、沒有框架、無限可能、無限聯想、無限樂趣\n孩子，是天生的讀圖高手\n這套精心設計的繪本，一個字都沒有\n卻隱藏了100個小故事\n來吧！看看你與孩子找得出幾個故事？', '采實文化', '2017-07-27', '繁體中文', '童書/青少年文學', 'http://im1.book.com.tw/image/getImage?i=https://www.books.com.tw/img/001/075/93/0010759308.jpg&v=596df151&w=348&h=348', '4713213991282');
INSERT INTO `book` VALUES ('1491', '83', '0010758449', '誠品時光（兩款封面，隨機出貨）', '林靜宜', '國立台北大學企管所畢、國立成功大學醫學院老年學研究所。曾任《遠見雜誌》記者、《30雜誌》主編，現為作家，HCW Architects & Associates 企劃總監。主要作品有《鼎泰豐，有溫度的完美》、《台積電的綠色力量：21個關鍵行動打造永續競爭力》、《捷安特傳奇：GIANT全球品牌經營學》、《時尚是門好生意》、《微笑走出自己的路：施振榮的Smile學，20堂創業、創新、人生課》、《新時代，心王道》、《改變成功的定義：白袍CEO蔡長海的利他願景學》、《愛，讓孩子做自己：我這樣教出季衡與季剛》、《淚光奇蹟：陪伴曉鈴的病床手記》（以上均為天下文化出版）等書，以及策展「造境：陳其寬大師版畫展」。', '★「誠品」唯一授權\n★台灣第一本「誠品」品牌專書\n★深度專訪創辦人吳清友、核心團隊、親友，歷時三年，重磅問世！\n　　誠品，不只是一間書店，\n　　更是一個空間，一個安頓身心的場所，\n　　千萬個心靈在此碰上千萬本書，撞擊出無限的能量。\n　　本書記錄誠品創立二十八年來的初心、挑戰、變革，與核心價值，\n　　以及在每個城市與市民相遇的過程，\n　　每一個誠品時光都珍貴，盼望與讀者分享。\n　　一九八九年三月十二日，台北仁愛路圓環邊，一間質感高雅人文藝術專門書店——「誠品書店」開幕了。充滿優雅文藝氛圍的「誠品」一開幕，便造成台北文化圈轟動，文化人爭相走告。\n　　創辦人吳清友不到四十歲便白手起家，事業有成，財富豐盈，做到了世俗所謂的五子登科。但他並未因此滿足，反而開始自問：為什麼幸運的人會是自己？人生接下來還要拚博什麼？將來該何去何從？自己為何存在？\n　　為了追尋答案，他以書為師，閱讀哲學、心理學、宗教思想相關書籍。他自覺生命因閱讀獲益，書，是人類通往世界的天梯。\n　　在突如其來的大病一場之後，他終於明白，這是生命歸零後的全新旅程，一個生命因閱讀而不再失落，他想要窮盡己力，為生長的這塊土地播下閱讀的種子，分享人與生命、閱讀結合的價值觀。\n　　吳清友逐漸明白，古今中外的任何生命，一生中都會遭遇不同橫逆，人如果能夠因此洞悉生命，會發現這是一輩子的好因緣。吳清友的生命因而轉變，「誠品書店」也由此誕生……', '天下文化', '2017-07-19', '繁體中文', '商業理財', 'http://im2.book.com.tw/image/getImage?i=https://www.books.com.tw/img/001/075/84/0010758449.jpg&v=595f54d2&w=348&h=348', '9789864792658');
INSERT INTO `book` VALUES ('1492', '84', '0010757356', '夢想，在路上：一輛摩托車，100天，3萬公里，一場探索中國四極地的青春長征，一次與自我對話的革命之旅', '尤文瀚', '1989年生，台灣宜蘭人。\n　　熱愛文學與旅行，足跡遍布亞洲。\n　　20歲起，深受切．格瓦拉的影響，堅信「面對現實，忠於理想」的生活準則。\n　　2013年，台灣師範大學東亞系畢業。\n　　2014年，進入北京大學哲學研究所就讀。\n　　2015年，獨自徒步穿越內蒙古庫布其沙漠。\n　　2016年，醫院診斷出罹患家族遺傳性腎癌，他決定展開為期一百天、三萬公里的摩托車環遊中國旅行。', '讓世界改變你，然後，你改變世界！\n　　為夢想長征！台灣版的《革命前夕的摩托車日記》！\n　　《民報》人氣專欄結集！《蘋果日報》、《中國時報》、《聯合報》特別報導！\n　　一個從台灣到北京念書的27歲大男孩\n　　一輛摩托車，100天，3萬公里\n　　一場探索中國四極地的青春長征\n　　一次與自我對話的革命之旅\n　　從台灣來到北京念書的尤文瀚，擁擠的行李箱裡塞進了一本切‧格瓦拉的《革命前夕的摩托車日記》。他鍾愛書裡那份僅屬於青年理想主義者獨有的陣痛與追根究柢的質疑，並夢想有一天也要寫下屬於自己的摩托車日記。\n　　直到他因為罕見的家族遺傳疾病被醫院診斷出罹患腎臟惡性腫瘤，這個壞消息沒有打倒他，反而加速了他騎摩托車環遊中國的計畫，因為「在極其有限的生命裡，我想當一個比任何人都認真生活的人」。\n　　於是，一個人、一輛摩托車，他以整整100天的時間與30000公里的騎行，用兩顆17吋輪框的軸距，丈量了整片中國的土地。從最東邊的撫遠、極北的漠河，一路向西前往最西端的新疆伊爾克什坦，再到國境之南三亞，一路上他獨自穿越中國面積最大的塔克拉瑪干沙漠、翻過海拔平均4000公尺以上的青藏高原，體驗令人脫水的45度高溫、挺過零度以下的嚴寒，在內蒙古草原與牧民們暢快奔馳，在海南島感受原始海洋的衝擊，並在旅程後半段遇見了最好的夥伴──一隻小母雞「尤小巴」。\n　　這場自我放逐式的摩托車之旅改變了他對一切事物的看法，也重塑了他對世界的認識與內在的價值。意義的賦予，來自內心迫切的渴望與源源不絕的好奇，而唯有真真實實經歷過的世界，它的存在才有意義。名人推薦\n　　【NU SKIN臺灣總裁暨大中華區域副總裁】張佩玲、【媒體工作者】楊惠君、【財團法人罕見疾病基金會創辦人】陳莉茵 感動推薦！●依姓名筆畫序排列\n　　比起切‧格瓦拉後來掀起了驚天動地、影響全世界的社會革命，文瀚的摩托車之旅，也許真正被救贖的除了那隻半途出手相救的小雞、只有他自己，但正如他所言：「我們從來無需抱怨任何事情，上帝永遠給了我們很多選擇，而我們總是沒有勇氣去取。」人不一定要活得偉大，但可以不必那麼微小。這是文瀚摩托車萬里長征，真正激昂的意義。──【媒體工作者】楊惠君\n　　憑藉著文瀚的勇氣與智慧分享，讀這本穿越死亡、孤獨，尋求自由及生命意義的獨特旅遊日記，想必為讀者啟發不同的生命省思，進而尋到自己的心理療癒。──【財團法人罕見疾病基金會創辦人】陳莉茵', '平裝本', '2017-07-10', '繁體中文', '心理勵志', 'http://im1.book.com.tw/image/getImage?i=https://www.books.com.tw/img/001/075/73/0010757356.jpg&v=595233f6&w=348&h=348', '9789869379373');
INSERT INTO `book` VALUES ('1493', '85', '0010747235', '別讓現在的壞事，趕走未來的好事', '艾爾文', '一名任性做自己的男子，任性到29歲就可以離開上班族生活，達成不用上班的財務自由夢想。體內具有多種能力：快速察覺人心的觸角、超強邏輯分析的大腦、無厘頭偏執的性格、理性與感性兼具的質地，偶爾還會心思細膩到困住自己。\n\n　　因為遇過一些壞事，所以在心裡積累了許多以淚水與汗水換來的人生體悟。2014年底，開始在網路上分享理財之外的人生感觸，以存有溫度、正面力量的文字，替大家解開現實的無奈，同時也有如知心朋友，一一解答網友面臨人生困境的來信，彷彿一名具有解惑能力的指路者，陪伴大家走過許多無助黑夜。\n\n　　覺得人生就該勇敢不斷向前、實現夢想。現專心於寫作與投資，定期發表文章於個人網站。著有《你的夢想就是最棒的存錢筒》《下班後賺更多》《從零開始穩穩賺》等書。\n\n　　網站  www.17rich.com\n　　臉書  www.facebook.com/richfriend.fans', '★22萬網友齊聲支持的理財作家艾爾文，肉身赤裸迎向現實人生的吐露處女作！★收錄400萬臉書人次閱讀的心情文字！★40篇尖銳又溫暖的「艾語錄」撫慰你心！★別再為難自己！有時任性而為，反而能助你走出一片天！\n　　在多數人還奔跑在忙亂的生活裡時，\n　　艾爾文已提早實現不用上班的財務自由夢想。\n　　他．．憑．．什．．麼？！\n　　憑的是天生植入體內的好奇心與後天停不下來的企圖心，\n　　更重要的是，想讓自己「變更好」的決心。「只要不被打倒，壞事，終究是個過期品！」\n　　面對人生冷不防的襲擊，\n　　卡住的生活、無解的關係、高壓的工作、抱怨的職場、混沌的未來……\n　　你可以正面迎擊，並告訴自己：\n　　唯有把眼前的壞事清出去，好事才可能湧進來！「不要把今天的壞運當作人生的命運，因為壞運通常只是一時的，但一直被它掌管，那就會是一輩子的。」\n　　該放下的就別再握著，\n　　該遺忘的就別再留念，\n　　該拒絕的就不要再讓步，\n　　該出發時請勇敢跨出去。\n　　人生似乎很常遇到壞事，\n　　但其實總會有件好事在某處等著，\n　　懂得不讓壞事趕走好事，\n　　也是跟過去的自己對話，\n　　告訴他，你終於鼓起勇氣往更好的自己前進。◆掏心艾語錄 ◆\n　　「不要費盡所有力氣，卻是成為討厭的自己。」\n　　別花時間去喜歡討厭你的人，他們不會因為你的努力，就停止消耗你；卻會因為你的難過，增加更多所施的力。\n　　「找不到喜歡的工作，但一定能找到喜歡的生活。」\n　　想要離開討厭的環境，你得先離更好的自己近一點。\n　　「沒什麼好比的，每個人都不一樣，都是唯一。」\n　　不要因為人喜好比較的天性，而陷入無法滿足的陷阱裡。你不是活著要來取悅這世界的，成為更好的自己，才是你要在乎的事。\n　　「若把生活視為一條道路，路上遇到的困難，其實是種摩擦力。」\n　　遇到困難別轉身就逃，終有一天，你會發現這些逝去的不爽快，並不是負面的摩擦力，而是推著你不斷往前的最大動力。\n　　「拿出勇氣不合群，至少你會喜歡自己。」\n　　如果不想一輩子過別人設計好的人生，那就用心經營好現在的人生。這世界，有很多的不得已，但不代表未來就只能如此。\n　　「沒有天賦又如何？沒有努力根本不會有天賦。」\n　　所謂的天賦，其實是貴在努力，貴在堅持，貴在即使面對千般萬難的阻礙，仍不放棄去做喜歡的事。這種拚勁，才是最重要的天賦。\n　　「相信你的人，你說的話都當作提醒；不信你的人，你說的話都會先懷疑。」\n　　不論那些人說的話有多難聽、荒謬，你都不需要對他們生氣，更不應該跟自己生悶氣。\n　　「正是因為你如此努力過生活，所以看到那些討人厭的事情很難不生氣。」\n　　與其選擇不放過，倒不如選擇先放下。放下了，你才能把力氣花在有幫助的地方，把專注力重新拉回到正確的方向。\n　　「壞老闆確實存在，但是，這不代表你只能默默承受惡劣老闆的壓榨。」\n　　如果不滿意目前這份工作與薪水，你需要的不是回家用手機玩遊戲或上網購物排解工作壓力，而是盡快規畫出逃脫計畫。\n　　「安逸是好事，但若是發生在老了以後會更好。」\n　　現在的你，應該是要接受挑戰，努力咬牙，然後期待那一份獎賞，享受背後的成就。\n　　人生很長，但沒有長到可以浪費青春！\n　　不滿意現況，就付出努力去做點什麼，別在舒適圈待太久。\n　　勇於發現不一樣的自己，就會看到更多想像不到的世界，\n　　接著你會明瞭，年齡終究只是個數字，而非宿命。\n　　在還沒有停下來之前，\n　　都不能小看人生這條路！', '方智 ', '2017-04-01', '繁體中文', '心理勵志', 'http://im2.book.com.tw/image/getImage?i=https://www.books.com.tw/img/001/074/72/0010747235.jpg&v=58ca77d0&w=348&h=348', '9789861754567');
INSERT INTO `book` VALUES ('1494', '86', '0010719348', '肌筋膜健身全書', '羅伯特．施萊普,約翰娜．拜爾', '德國肌筋膜研究先驅，人類生物學博士、心理學碩士。在烏姆大學擔任肌筋膜研究主任，並在自己開設的羅夫按摩診所擔任徒手治療師。他是物理治療、運動訓練科學、骨療法領域的講師，並與全球的學者與治療師共同做結締組織研究。全球唯一專門的肌筋膜健身協會（Fascial Fitness Association）的技術委員。約翰娜．拜爾Johanna Bayer\n　　科學線記者，德國第一台（ARD）、西德廣播公司（WDR）、Arte電視台電視節目書籍作者與雜誌書作者，固定發表醫學主題如肌肉、運動、飲食、腦科學與人類學，多次在電視與報章雜誌談論肌筋膜研究、肌筋膜對運動訓練、日常生活與疼痛治療的重要性。', '熱銷德國，全球第一本肌筋膜健康與運動專書\n 德國國腳克洛澤、史汪斯泰格\n 好萊塢影后葛妮絲派特洛都在練的健身運動\n　　釋放肌肉壓力、擺脫長期痠痛、回復活力、常保青春、預防老化、避免運動傷害的全新運動自療法\n　　適合所有年齡層與訓練級數\n　　一週2次，每次10分鐘\n　　比瑜伽更簡單，比彼拉提斯更進化的日常保健運動\n　　你知道拉筋很重要，更需要知道，真正要練的其實是肌筋膜。\n　　過去10年來最新研究發現，長久不癒的疼痛、身體僵硬與運動傷害，問題不是出在肌肉、神經或骨骼，而是肌筋膜。只要針對肌筋膜長期、固定地刺激與訓練，便能增進體格健康，改善身體大小毛病。\n　　本書教你6種活化全身肌筋膜線的健康操，還有針對背、頸、手、臀、足問題部位的運動。無論男性、女性、運動員、銀髮族都有一套專屬練習。運動特色\n　　★ 一週2次，每次10分鐘。適合所有年齡層與訓練級數。\n　　★ 提升體能表現、肌肉功能，改善身體靈活度與協調性。\n　　★ 長期保護身體免受傷，消除日常生活中的疼痛與僵直感。\n　　★ 可完美搭配個人的運動練習，增加運動的變化與樂趣。\n　　★ 行動會變得優雅流暢，幫助你維持年輕緊致好身材。適合族群與專治疑難雜症：\n　　◎ 針對一般人與上班族：消除身體局部疼痛、長期累積的痠痛疲勞、久坐的緊繃感。\n　　◎ 針對運動員、重訓與健身：提升運動表現、預防運動傷害、加速運動傷害恢復。\n　　◎ 針對國民病如背痛、肌肉痠痛、發炎、僵硬：可舒緩減輕肌肉痛點，讓全身放鬆。\n　　◎ 針對抗老化：幫助老人恢復獨立活動能力，到高齡依然腰桿直挺、肩膀健壯、雙腿健步如飛。\n　　◎針對美體、塑身：消除水腫與橘皮組織、減緩肌肉老化，讓身體更柔軟更緊繃，姿態優雅靈巧，更顯年輕。名人推薦\n　　國家級運動健護教練甘思元、歐首物理治療所院長胡世銓、德國國家足球隊隊醫克勞斯．艾德Klaus Eder　　肯定推薦', '商周出版', '2016-06-30', '繁體中文', '醫療保健', 'http://im1.book.com.tw/image/getImage?i=https://www.books.com.tw/img/001/071/93/0010719348.jpg&v=576bd64d&w=348&h=348', '9789864770403');
INSERT INTO `book` VALUES ('1495', '87', '0010684235', '色鉛筆的練習帖365：每日10分鐘的達人養成班(增訂版)', '河合瞳', '東京外國語大學俄羅斯語學系畢業。1970年初，開始想以色鉛筆來塗繪細密畫(miniature)。大學畢業後，不管是在辦公室上班還是擔任英文老師，都一邊持續插畫的工作。現於朝日Culture Center(新宿和橫濱)、每日文化中心及東京都和神奈川縣等地區擔任色鉛筆畫課程的講師。\n　　官方網站www.pencil-work.com', '博客來2014年度百大暢銷榜 藝術設計類第1名\n 《色鉛筆的練習帖365》的增訂終極版！\n　　★自學式的色鉛筆畫達人養成班！１天只要花10～30分鐘的時間，照著書中的日曆安排進度，就算是每天無法有固定時間的人，只要搭配本書，就能隨心所欲地開班上1年份的課程！\n　　★全面收錄你不可不知的色鉛筆基礎：需準備的工具、畫紙的選擇、製作色卡、運筆方式、草稿的描繪及轉印方法、光與影子的關係等等。\n　　★採納循序漸進的方式授課，從單色的塗繪開始，到兩色以上的疊塗、呈現出立體感及質感的方法等，在掌握住這些基本的技法之後，後面的章節還有挑戰塗繪各式各樣的圖形及物體，讓色鉛筆畫的世界變得更加廣泛！\n　　★作者因應多數色鉛筆畫的粉絲反應，而特別增加收錄學生的作品畫，並且親自給予指點建議，做出before & after的對照圖，讓讀者可以明白觀察出盲點，來加以檢視自己是否也有同樣的問題點！\n　　本書的特色即內容設定為1年365天的每日練習指南，不管從一年中的哪一天開始都沒關係，每天只要花10～30分鐘，跟著本書的日曆一天一點點地前進，不僅能夠每天享受繪圖的樂趣，還能夠看見自己的進步成長唷！內容從最基本的繪圖基礎到進階的應用練習，都是採循序漸近的方式來教給讀者，非常清楚明瞭、容易學習，相信不久後，你也能夠成為色鉛筆達人！', '邦聯文化 ', '2015-07-24', '繁體中文', '藝術設計', 'http://im2.book.com.tw/image/getImage?i=https://www.books.com.tw/img/001/068/42/0010684235.jpg&v=55af710d&w=348&h=348', '9789869175890');
INSERT INTO `book` VALUES ('1496', '88', '0010755803', '美好的愛，是先給自己幸福', '女王', '1979年生，魔羯座A型。政治大學廣告研究所畢業。\n\n　　作家女王犀利又感性的筆調，寫出許多都會男女愛情故事及新時代女性觀點，深受廣大網友的熱情支持，一針見血的筆調和令人拍案叫絕的兩性觀點，締造個人部落格將近將9000萬的點閱率！\n\n　　也出版多本暢銷書籍《我是女王：那些好女孩不懂的事》《我是女王2：那些壞男人教我的事》《女王i曼谷》《女王力》《愛自己》《謝謝你（不）愛我》《相信你值得幸福》《幸福的味道：煮婦女王的簡單料理和幸福秘方》。\n\n　　女王是難得同時紅遍網路和現實世界的兩性暢銷作家，寫作主題遍及旅遊、生活、女性議題等，也是廣受歡迎的產品代言人，校園演講、活動邀約不斷。\n\n　　女王個人官網：www.iamqueen.tw\n　　女王FB粉絲頁：www.facebook.com/queenfansclub\n　　女王微博：weibo.com/illyqueen\n　　女王IG：illyqueen\n　　女王email：illyqueen@gmail.com\n　　女王經紀人：任月琴0939-131-404（twinstar117@hotmail.com）', '幸福，不是去等待，而是去經營，去創造。當一個「內在堅強、外在柔軟」的女人，擁有內心強大的力量，保有溫柔的姿態，經營自己，讓自己擁有創造快樂的能力。幸福，你要先給自己，才能去得到，去擁有！', '圓神', '2017-07-01', '繁體中文', '心理勵志', 'http://im2.book.com.tw/image/getImage?i=https://www.books.com.tw/img/001/075/58/0010755803.jpg&v=593fbf02&w=348&h=348', '9789861336220');
INSERT INTO `book` VALUES ('1497', '89', '0010756508', '別讓負面情緒綁架你：30個覺察+8項練習，迎向自在人生', '胡展誥', '諮商心理師\n\n　　出生屏東沿海小漁村，從小就喜歡聽故事、騎車到處亂晃。因為喜歡旅行、熱愛這塊土地，所以立志將工作的足跡遍及台灣每一個鄉鎮。\n\n　　畢業於中正大學社福系、屏東教育大學教育心理與輔導研究所。現為新竹市學諮中心心理師、杜華心苑兼任心理師、永齡基金會希望小學委員、家扶中心合作心理師、風傳媒專欄作家。工作之餘熱衷演講與寫作，著有《遇見，生命最真實的力量－一個諮商心理師的修練筆記》（聯經出版）。\n\n　　專長：兒童與青少年諮商、親職教育、遊戲治療、表達性藝術治療、團體諮商\n\n　　演講與工作坊經歷，持續增加中……\n\n　　家扶中心、新移民家庭服務中心、移民署、兒童福利聯盟、衛生局、生命線、永齡基金會、清華大學、新竹教育大學、屏東大學、南華大學、中華大學、元培大學、衛道中學、三民國中、光武國中、北園國中、文賢國中、永康國中、楠西國中、崇明國小、竹蓮國小、新竹國小、香山國小、永信國小……等社會福利與教育單位。\n\n　　FB專頁：遇見嘿狗狗-胡展誥心理師ppt.cc/77E2F', '你是否常因為陷入負面情緒漩渦中而責備自己，\n　　又因無法「馬上好起來」而充滿挫折感？\n　　其實，每一個負面情緒背後，\n　　都曾經站著一個哭泣、內心受傷的自己。', '寶瓶文化 ', '2017-06-28', '繁體中文', '心理勵志', 'http://im1.book.com.tw/image/getImage?i=https://www.books.com.tw/img/001/075/65/0010756508.jpg&v=594baa43&w=348&h=348', '9789864060948');
INSERT INTO `book` VALUES ('1498', '90', '0010730283', '實用英語閱讀大全：務實理解英語必備的300種短文練習（軟精裝，1MP3）', '檸檬樹英語教學團隊', '　具10年以上研發、出版英語學習教材之豐富經驗，以「書籍內容精確、並且為母語人士之自然用法」為一貫目標。出版品內容多元、具便捷的學習方法，屢次獲選為全國高中職、大學院所、社區大學之指定教材。\n   \n　　曾研發《實用英語字彙大全：靈活運用單字必備的500種用法指南》《圖解生活實用英語：人事物的種類構造》《圖解生活實用英語：腦中延伸的人事物》《圖解 生活實用英語：舉目所及的人事物》《專門替華人寫的圖解英語會話》《專門替華人寫的圖解英語文法》《專門替華人寫的圖解英語單字》《讀英語，學英單》《中 英日萬用詞彙【隨身手冊】》《一本搞定！中‧英‧日商用詞彙手冊》《一本搞定！中‧英‧韓萬用詞彙手冊》（檸檬樹英語教學團隊著）；《實用英語單字大全 【MP3革新版】：靈活運用英語必備的15,000單字》《實用英語會話大全：靈活運用英語必備的6000句會話》（王琪老師著）等暢銷書。', '提升英語閱讀有訣竅，掌握要領，任何程度都能翻轉！\n本書提供「六大領域」的「300種短文」，\n一頁一文章，並透過「兩步驟閱讀法」：\n步驟1：涉獵「輔助閱讀的相關字詞」，奠定理解基礎，閱讀不會無頭緒\n步驟2：以字詞為跳板，順暢揣摩句型及文法要素，自然提升興趣及文章理解力\n跟隨本書：大量接觸多元文章，培養耐性及專注，累積字彙量，英語越讀越順暢！', '檸檬樹 ', '2016-10-14', '繁體中文', '語言學習', 'http://im2.book.com.tw/image/getImage?i=https://www.books.com.tw/img/001/073/02/0010730283.jpg&v=57e35e4f&w=348&h=348', '9789869277433');
INSERT INTO `book` VALUES ('1499', '91', '0010732959', '營養師1年瘦20公斤的常備減醣食譜【隨書附】常見食物含醣量速查手冊：不只是食譜，是專業營養師親身實踐10年的減醣心得', '麻生怜未', '管理營養師，低醣料理研究家。曾任出版社編輯和寫手，畢業於服部營養專門學校的營養師科系。現為大企業指定保健指導和營養顧問，更於臨床研究領域監修營養療法，指導6000多人減肥。提倡「利用飲食瘦身，重獲健康」的減肥法，溫和的指導方式也廣受好評。其料理部落格「食療限醣瘦身」的人氣，在各大減肥美體部落格中經常名列前茅。現有的資格分別為管理營養師、日本抗老化醫學會會員、日本機能性減重協會公認顧問、食育營養專業指導者。\n　　reimi-aso.amebaownd.com/\n　　ameblo.jp/reimi-aso/', '★想要持久、成功的減重飲食，就自己做常備減醣便當菜吧！\n★不只是食譜，更是營養師親身實踐的減醣心得\n　　【隨書附贈－常見食物含醣量速查手冊】175種常見食材、調味料、外食&便利商店飲食含醣量表，方便採購及料理時攜帶使用(全彩16頁，尺寸14.8x21cm)　　◎52歲的營養師親身實證：1年瘦20公斤，體重維持15年不變！\n　　〈減醣飲食〉讓人體切換成燃燒脂肪當能量的快瘦模式，是最健康的瘦身飲食法。\n　　〈常備食譜〉自己掌握食材醣分，一次做好3～5天分量，不怕必須外食中斷減醣計畫。\n　　營養師的健康瘦祕訣大公開！聰明減重、不勉強自己的獨家減醣飲食生活！　　◎執行減醣飲食瘦身，做「常備菜」帶便當最好。\n　　常備菜解決了想進行減醣飲食生活時，最容易遇到的三大困擾：（1）能吃的食物有限，（2）每餐都要慎選食物，（3）伙食費不便宜。\n　　準備3~5天分量的常備菜，掌握食材、調味、含醣量，盡情選擇想吃的料理；維持減醣飲食，原來一點都不難。　　◎配合導入減醣飲食三階段，營養師精心設計110道菜單──\n　　‧適應期：每日飲食含醣量小於60克，用11道完全減醣食譜，幫身體快速適應減醣飲食。\n　　‧減量期：維持每日減醣攝取，多樣化食材料理，包含湯品和燉煮，減少醣分但絕不挨餓。\n　　‧維持期：每日攝取量調製為120克以下，可以加入減醣的自製甜點，輕鬆維持減醣飲食。\n　　每道食譜都有「冷藏期」、「含醣量」、「蛋白質」和「熱量」，不只掌握含醣量，也確保每日攝取足夠的蛋白質。　　◎五大類減醣常備菜食譜，營養充分、輕鬆維持減醣飲食！\n　　【含醣量5g以下！】11道適應期專屬的減醣基本常備菜\n　　這11道基本低醣常備菜，幫助你快速進入減醣生活。\n　　【基本常備主食】肉類、海鮮和雞蛋，分量十足的低醣主食\n　　吃再多也不擔心發胖，維持飽足感，補充身體和大腦所需營養。\n　　【常備蔬食‧小菜】步驟簡單的好滋味，隔一夜的獨特美味\n　　不花時間，每天攝取充足的維生素和礦物質。\n　　【冰箱必備的常備醬料】搭配蔬菜、肉類、海鮮，美味加倍\n　　自己動手的沾醬佐料，零含醣量、沒有添加物，吃起來最安心。\n　　【鑄鐵鍋常備燉物料理】最適合煮好就放著常備料理\n　　安心喝湯、大口吃肉零負擔的低醣湯品與燉煮佳餚。\n　　【常備甜點和飲品】使用無醣材料，照樣享受甜食的幸福\n　　稍微改變食材，就能得到風味、口感不變的甜美滋味。　　【減醣X常備料理的獨家特色】\n　　（1）就算很晚下班，也能遵守減醣原則。\n　　（2）不花時間，花一個晚上先做好，接下來只要每天早上把菜裝進便當就好。\n　　（3）肚子餓或嘴饞時，也不怕輕易破戒。\n　　（4）想喝點小酒，還能搭配常備下酒菜。\n　　（5）菜色搭配豐富，輕鬆維持營養均衡。\n　　（6）常備菜一次可做好幾分，減少剩菜又省錢。本書特色\n　　‧營養師親身實踐減醣生活的飲食心得，食譜內容營養均衡、提高代謝力、加速瘦身效果。\n　　‧收錄最多人想知道的減醣QA，營養師一一破解最常見的減醣飲食迷思。\n　　‧特別列出減醣飲食中的禁忌食品，避開地雷食物的基本原則一目了然。\n　　‧必須外食和聚餐、沒時間自炊的時候，營養師提供絕不破功的選擇祕訣。', '采實文化', '2016-10-27', '繁體中文', '飲食', 'http://im2.book.com.tw/image/getImage?i=https://www.books.com.tw/img/001/073/29/0010732959.jpg&v=5807594b&w=348&h=348', '9789869371872');
INSERT INTO `book` VALUES ('1500', '92', '0010784585', '蝠星東來06', ' 藍旗左衽', '誤人子弟髒髒人。\n　　藍旗左衽粉絲專頁：www.facebook.com/pages/藍旗左衽/524682534275200\n　　噗浪：www.plurk.com/leara', '★總銷突破40萬冊！\n ★《妖怪公館的新房客》暢銷作家藍旗左衽 絕版經典華麗回歸！\n　　★書衣質感燙銀設計\n　　★全新未面世萬字番外\n　　★附錄彩頁\n　　學園及特殊生命體界面臨巨大危機，\n　　福星接下任務，要和伙伴找出扭轉情勢的法器，\n　　卻因逆時之術失敗，穿越到三百年前的血腥城堡？！\n　　「不能暴露身分，否則會干擾歷史……」\n　　「我們會被殺掉當成洗澡水嗎？」\n　　「我不想騙你，更不想失去你！」\n　　「你……是這場大戰的關鍵？」\n　　環環相扣的歷史，竟然是真相崩毀的徵兆！\n　　福星能不能回到未來、拯救岌岌可危的友情呢？\n　　「你不是一個人，我們是伙伴啊！」T_T', '三日月 ', '2018-04-25', '繁體中文', '輕小說', 'http://im2.book.com.tw/image/getImage?i=https://www.books.com.tw/img/001/078/45/0010784585.jpg&v=5ad5dacb&w=348&h=348', '9789863615361');
INSERT INTO `book` VALUES ('1501', '93', '0010785024', '夜鴉事典02-丹蒼之臨-', ' 碰碰俺爺 ', '　最為人所知的事蹟為一個人吃掉一盒摳死摳壽司。\n　　歡迎上噗浪或粉絲團找我玩。\n　　噗浪：www.plurk.com/bbb1880\n　　粉絲團：www.facebook.com/ponponmyfather', '巫族和教廷的「白鴉契約」持續生效，神使與男巫間新關係誕生！？\n\n　　立志成為小烏鴉座騎（x）的萊特，\n　　在苦口婆心(死纏爛打)地說服（強迫）教廷後，成功進駐夜鴉宅邸！', '三日月 ', '2018-04-25', '繁體中文', '輕小說', 'http://im1.book.com.tw/image/getImage?i=https://www.books.com.tw/img/001/078/50/0010785024.jpg&v=5ad74860&w=348&h=348', '9789863615224');
INSERT INTO `book` VALUES ('1502', '94', '0010738273', '鬼神君的御用廚娘04(完)', '果寶', '業餘寫手，若初文學簽約作者。\n　　年紀不大不小，性格不好不壞，拖延、糾結、優柔寡斷集結於一身的21世紀小女人一枚。\n　　著眼於細膩，喜歡細水流長的感情、新的事物，鍾愛不知名的兩人偶然而必然的遇見，然後開始我心裡的小故事。文風輕快詼諧，擅長感情戲，尤其偏愛男女主角對手戲。文字極具帶入感，很能觸動人心，立志寫出心中所有愛的故事給喜歡我的人看！', '新秀作家 果寶 Ｘ 亮眼繪師 黑色豆腐 華麗組合──\n鬼畜府君變身霸氣愛妻總裁，\n跪婦小廚娘上位地獄幸福嬌妻──\n　　腦洞很大的「府君愛上我大作戰」達陣封王～\n　　妻：腦公～^O*\n　　夫：幹嘛？\n　　子：陸先生，您的卡被刷爆了!!!\n　　天長地久有時盡，我愛綿綿無絕期──\n　　東西府君上輩子果然有仇，只要西府君對她眨個眼，東府君就馬上給她眼神死，夾在中間的顧綿綿真是難做鬼！\n　　不過這種醋海生波的戲碼再多也沒用，自己都從御用廚娘到御用陪睡了，還是得不到府君的心，那個壞蛋竟然說他不會被兒女私情牽絆，讓她和其他女人共事一夫──\n　　「府君只要賞妳一根骨頭，半句好話，妳的尾巴就翹上天了？」\n　　府君預定正宮的嗆聲簡直不能忍，史上最美小三顧綿綿真心不爽，就此認賠殺出──新娘不是我的婚禮就要舉行，她從陽間醫院病床上一覺醒來，渾然忘了冥界中的一切……\n　　眾鬼曰：萬般皆是命，半點不由鬼。', '長鴻出版社', '2016-12-16', '繁體中文', '輕小說', 'http://im2.book.com.tw/image/getImage?i=https://www.books.com.tw/img/001/073/82/0010738273.jpg&v=58492835&w=348&h=348', '9789864741779');
INSERT INTO `book` VALUES ('1503', '95', '0010784881', '我在家，我創業：家庭CEO的斜槓人生', ' 凱若', '　與德籍夫婿、青春期女兒，及好動的三歲兒子，一家四口旅居德國漢堡。經營「Carol凱若媽咪的教育實驗」臉書粉絲專頁及部落格，並於「未來Family」開設專欄，與讀者分享德國的生活、教育，及創業故事。\n\n　　她是「歡沁婚禮」顧問公司創辦人／CEO、經營電子商務平台、專欄作家、親子教養粉絲團團主，同時是一位全職母親，身分多重，迄今仍不斷探索新事業，相信自己的生命有更多可能性。她從育兒與創業中深刻體悟：「若我不是母親，不會有今日的多重事業發展，更不會是今日的我。」\n\n　　著有《每一天的教養，都為了孩子獨立那天做準備：德國婆婆教我的教養智慧》(天下文化／2017)\n\n　　部落格：carolsworld.tw/\n　　Medium：medium.com/@carolsworld\n　　臉書官方粉絲專頁：www.facebook.com/carolfamily/', '她是個全職母親，同時成功創業；\n　　她陪著孩子成長，又有經濟收入；\n　　在她的人生裡，家庭、事業不需二選一，\n　　多軌人生，完美運行，每一條斜槓都精采！', '天下文化', '2018-04-25', '繁體中文', '商業理財', 'http://im2.book.com.tw/image/getImage?i=https://www.books.com.tw/img/001/078/48/0010784881.jpg&v=5ad9dd4a&w=348&h=348', '9789864794140');
INSERT INTO `book` VALUES ('1504', '96', '0010610753', '少年台灣（青春版）', ' 蔣勳', '祖籍福建長樂，一九四七年生於西安，成長於台灣。中國文化大學史學系、藝術研究所畢業，後負笈法國巴黎大學藝術研究所。一九七六年返台後，曾任《雄獅美術》月刊主編，並先後執教於文化大學、輔仁大學、台灣大學、淡江大學，任東海大學美術系系主任。現任《聯合文學》社長。著有詩作、小說、散文、藝術論評等數十種，近年來更以理性感性兼具、深入淺出的「美學」闡述風靡廣大讀者，作品有《孤獨六講》、《生活十講》、《天地有大美》、《漢字書法之美》、《新編傳說》、《黃公望富春山居圖卷》、《此生：肉身覺醒》、《此時眾生》等。', '蔣勳  孤獨而青春的流浪筆記       \n　　踏進心靈原鄉的美感對話\n　　這本書闔起來，就可以揹起背包，準備出發了。\n　　你，當然就是書中的「少年」。', '聯合文學', '2013-09-24', '繁體中文', '文學小說', 'http://im2.book.com.tw/image/getImage?i=https://www.books.com.tw/img/001/061/07/0010610753.jpg&v=523980f9&w=348&h=348', '9789863230571');
INSERT INTO `book` VALUES ('1505', '97', '0010783197', '特殊傳說Ⅱ【2018珍藏特裝組】', ' 護玄', '　6月2日、雙子座。\n　　老巢：windslie.pixnet.net/blog（夜貓鳥宿）\n　　職業腐屍。\n　　喜歡音樂、電影、書籍與鳥。\n　　畢生願望就是將自己所想的故事都能寫完。\n　　不論哪種創作都是一件很有趣的事情，希望每個人都能愛護自己心中的創作小小人，讓他們茁壯更美好。　', '特殊傳說Ⅱ 【2018珍藏特裝組】\n　　護玄×紅麟　華文輕小說最強天后聯手呈現\n　　《特傳》系列小說最新刊，讓您久等了！', '蓋亞', '2018-04-12', '繁體中文', '輕小說', 'http://im2.book.com.tw/image/getImage?i=https://www.books.com.tw/img/001/078/31/0010783197.jpg&v=5acdf1ba&w=348&h=348', '4715243777560');
INSERT INTO `book` VALUES ('1506', '98', '0010784242', '地獄系列（第十五部）地獄之後（完）', ' Div', '1978年夏天出生，雙子座，喜愛電影和閱讀。\n　　十年前在網路發表第一篇故事後，從此踏上無法回頭的創作之路。\n　　從2009年起，我生命中重要的手，又多了一隻。\n　　我願把所有的故事，都獻給妳們。\n　　網誌：blog.xuite.net/div670528/wretch1\n　　臉書：Div（另一種聲音）', '　完結篇地獄十五，請讓我以最誠摯的心，獻給第一集地獄列車的讀者吧。\n　　暢銷作家Div《地獄》，精采完結！\n　　賀《地獄》系列&《陰界黑幫》系列銷量突破660,000冊！\n　　．蘋果日報暢銷排行榜年度暢銷榜作家Div最新力作\n　　．已售出電影版權\n　　．已售出泰國版版權\n　　．已售出電玩版權\n　　當地獄遊戲破關，那位破關者會擁有一無上限的願望，讓世界完全消失也只是唇齒間的一句話。\n　　只是最後破關者究竟會是誰？\n　　埃及主神伊西斯？\n　　完美強大的黑暗撒旦？\n　　又或，其他人橫刀奪愛？\n　　少年Ｈ，阿努比斯，貓女，吸血鬼女，狼人Ｔ，羅賓漢Ｊ，女神，黑榜群妖，以及數百萬玩家，我們再一次面對「地獄之初」，共同承擔「地獄之後」吧。\n　　歡迎光臨地獄遊戲，讓我們痛快的玩吧！名人推薦\n　　暢銷奇幻作家 星子、御我 聯合推薦\n　　「宛如電影情節般的角色設定和情節段落，一幕幕驚心動魄的畫面自文字間溢出，直接地在讀者腦海中成形跑動。這是一篇畫面感十足的故事。」──星子', '春天出版社', '2018-04-24', '繁體中文', '文學小說', 'http://im1.book.com.tw/image/getImage?i=https://www.books.com.tw/img/001/078/42/0010784242.jpg&v=5acb40c2&w=348&h=348', '9789579609326');
INSERT INTO `book` VALUES ('1507', '99', '0010783762', '地獄系列（第十四部）地獄之初', ' Div', '1978年夏天出生，雙子座，喜愛電影和閱讀。\n　　十年前在網路發表第一篇故事後，從此踏上無法回頭的創作之路。\n　　從2009年起，我生命中重要的手，又多了一隻。\n　　我願把所有的故事，都獻給妳們。\n　　網誌：blog.xuite.net/div670528/wretch1\n　　臉書：Div（另一種聲音）', '獵鬼小組，全員到齊！\n接下來，就讓我們看看，「夢幻之門」的後面，究竟藏著什麼祕密吧？\n暢銷作家Div《地獄》系列，完結前倒數！', '春天出版社', '2018-04-24', '繁體中文', '文學小說', 'http://im1.book.com.tw/image/getImage?i=https://www.books.com.tw/img/001/078/37/0010783762.jpg&v=5abdbd56&w=348&h=348', '9789579609319');
INSERT INTO `book` VALUES ('1508', '100', 'E050026063', '我輩中人：寫給中年人的情書 (電子書)', '張曼娟', '五年級的張曼娟，\n　　是四、五、六年級的文學偶像，\n　　她的散文、小說都有獨特的魅力，\n　　已出版約五十部作品，口碑與銷量屢創佳績。\n　　她也是位真誠的作家，\n　　用創作不斷思索人生，探問存在的意義與價值。\n　　「年過半百，中途而已」，\n　　不失赤子之心，依然充滿好奇、\n　　懷抱夢想、樂於付出，\n　　這就是她所定義的「我輩中人」的美好生活。', '── * 張曼娟首次書寫中年的覺醒．幸福的定義 * ──\n超過260萬人搶讀按讚的文章；\n引發4、5、6、7年級生熱烈討論的專欄。\n從青春無敵的《海水正藍》走向人生半百的《我輩中人》，\n這個不上不下的生命階段，該有什麼樣的風景？\n　　人到中年，常發覺有許多的延宕：\n　　那些要做的事、該說的話；想愛的人，都被延宕了……\n　　已經來到下半場的我們，怎能不好好彌補？\n　　——張曼娟\n　　中年，是歲月的累積；\n　　大人，卻是人生的修為。\n　　中年歲月，其實比想像中更為漫長，\n　　我們將從哪裡出發？\n　　將會抵達哪裡？\n　　中年是家庭的承擔者；中年是老年的起點；\n　　中年有覺醒的力量；中年之愛閃亮激昂；\n　　中年可以通達、自由與自在；中年是走向渡口，尋找一條船──\n　　那條船能穿越歲月的湍急洪流，\n　　使我們成為真正的「大人」。\n　　大人不必討好他人；不必與全世界和解；\n　　不再等待成功；不再追求名利，\n　　因為確實明白，真正重要的是什麼。\n　　睿智、慈悲、雋永；\n　　「大人」的存在，就應該要閃閃發亮。', '天下文化', '2018-03-30', '繁體中文', '文學小說', 'http://im2.book.com.tw/image/getImage?i=https://www.books.com.tw/img/E05/002/60/E050026063.jpg&v=5acc7771&w=348&h=348', '9789864793778');
INSERT INTO `book` VALUES ('1509', '101', '0010747298', '先知之後：伊斯蘭千年大分裂的起源', '萊思麗‧海澤爾頓 ', '英國裔美國記者、作家，現居西雅圖。曾在1966至1979年間為《時代雜誌》駐耶路薩冷代表，也為《紐約時報》、《紐約時報書評》、《哈潑》、《新共和》等雜誌撰寫中東問題相關報導。其後專注於宗教、歷史問題的寫作，作品包括《第一位穆斯林：穆罕默德的故事》（The First Muslim: The Story of Muhammad）、《瑪麗亞：一部有血有肉的傳記》（Mary: A Flesh-and-Blood Biography）與《不可知論：一則靈性宣言》（Agnostic: A Spirited Manifesto）。\n\n　　海澤爾頓總在不同信仰之間徘徊，並堅持對宗教保持開放、懷疑的態度。她形容自己為「曾經想要成為拉比的猶太人，也曾唸過天主教學校、幻想成為修女，最終成為一個懷有濃厚宗教情懷的不可知論者，但不屬於任何組織性宗教。」\n\n　　萊思麗．海澤爾頓曾在TED上進行兩場關於伊斯蘭與宗教問題的演說，累積了超過300萬讀者的點閱。\n\n　　懷疑是信仰的必要部分（The Doubt Essential to Faith）www.ted.com/talks/lesley_hazleton_the_doubt_essential_to_faith?language=zh-tw（中文）\n　　如何閱讀《古蘭經》（On Reading the Koran）www.ted.com/talks/lesley_hazelton_on_reading_the_koran', '穆罕默德突然逝世，誰能繼承他來領導新興的伊斯蘭世界？\n　　近親、愛妻、大臣、新舊追隨者，各有盤算。\n　　為信仰，為生存，也為名利權勢。\n　　先知尚未入土，危機已然爆發。', '八旗文化', '2017-04-07', '繁體中文', '人文史地', 'http://im1.book.com.tw/image/getImage?i=https://www.books.com.tw/img/001/074/72/0010747298.jpg&v=58d2603e&w=348&h=348', '9789869457224');
INSERT INTO `book` VALUES ('1510', '102', 'E050014298', '斜槓青年：全球職涯新趨勢，迎接更有價值的多職人生 (電子書)', 'Susan Kuang', '留美MBA， Linkedin專欄作家，自媒體人。\n　　文章〈「多重職業」成為全球新趨勢〉曾被近千家媒體轉載，是將「斜槓青年」概念引入中國的第一人。關於人在生活中各領域、各種角色的探索，有著豐富的經驗與心得。從研究所畢業後陸續擔任美國州政府的數據分析員、網路公司分析師，她一直利用工作之餘進行不同的嘗試，先後創辦了「思想者小組」（The Thinker Group）論壇和「蘭溪沙龍」女性社群，舉辦過兩次個人畫展，並獨立營運自媒體、撰寫專欄，並創辦《如果生活是一幅畫，你會如何創作》《我的十個基本生活信念》等四本雜誌書，創立兩個教育品牌，並在北京教授百老匯爵士舞蹈，同時是Cross Fit健身課程一級教練。\n　　2015年正式結束職場生涯後，成為一名獨立創業者，實現了生活與工作的完美結合。作為引入「斜槓青年」的第一人，她希望藉由打造一個專業的自我發展空間，幫助人們在豐富生活的同時，迎接更有價值的多職人生。\n　　微信公眾號ID：susankuang2014。', '　除了本業，你還擁有什麼？\n 　　除了職稱，你還有沒有比名片更亮眼的故事？\n 　　席捲全球新風潮！\n 　　不是迫於生存，而是不甘平庸！斜／槓／青／年──Slash是一種生活態度！\n　　共享經濟時代，越來越多人不再滿足於單一職業和身分的束縛，\n　　開始選擇一種能夠利用自身專業和才藝，經營多重身分的多職人生。\n　　這些人都擁有一個共同的名字：斜槓青年／Slash。　對於一個斜槓青年最重要的是：\n　　不是身兼很多種賺錢的方式，而是擁有許多真正熱愛的事物。\n　　透過不同管道，讓你的才華和機會超／展／開！\n　　斜槓青年並不浪漫，但可能精采。\n　　他們投資的不是財富，而是自己人生的故事────\n　　一邊做設計同時開書店、從事攝影也是健身教練、寫程式邊做Youtuber……如今全球斜槓青年的故事已越堆越厚，如果你還未上路，那你該緊張了。\n　　未必要辭職去旅行，\n　　拋棄麵包追逐詩與遠方。\n　　但是你該捫心自問，\n　　除了一份安穩的工作，你還會什麼？\n　　如果世界是精采的，\n　　當你delete人生的其他選擇，自然就沒得選擇。你要做一隻在猴群裡爬樹的魚？還是也同時痛快地游水！\n　　讓現在的業餘愛好，成為你未來謀生的手段！\n　　從今以後，按自己的方式生活！★好評推薦★\n　　這個時代，大家都處於一種不斷變動的焦慮，過去的一招半式闖江湖，一份工作做到底，已經過去了。\n　　現在的經驗法則，就是沒有法則，必須依靠探索和嘗試來瞭解這個「沒有模式的時代」的新規則。\n　　作者這本書以他自身的觀察出發，提供在生活之樂中找到生存之道的思考與路徑，適合仍在理想及麵包兩端心理交戰、期望有所不同的朋友閱讀。——前公務員／《公門菜鳥飛》作者／生態保育NGO／政治工作者林于凱\n　　本書完整解釋了「斜槓青年」一詞的真正來由，也加入許多作者有感於科技蓬勃發展的當下，對比過\n　　往與現今社會而給出的許多應逐漸捨棄或轉換的價值觀建議。\n　　這是一本適合以下兩種人閱讀的書：沒察覺但其實正逐漸成為斜槓青年一份子的年輕人／越來越不懂當下青年到底在想什麼的中生代青年。——Workis創辦人／toetoe共同創辦人／tico及時通訊創辦人楊皓宇Howie', '圓神', '2017-09-01', '繁體中文', '商業理財', 'http://im1.book.com.tw/image/getImage?i=https://www.books.com.tw/img/E05/001/42/E050014298.jpg&v=5a1e8ac0&w=348&h=348', '9789861336312');
INSERT INTO `book` VALUES ('1511', '103', '0010784329', '《從痛苦到痛快》態度決定高度 限量斂財典藏大寶盒', '梁嘉銘', 'FB上學名寶爺，朋友間俗名大寶，小名板橋區大寶法王。\n　　學歷：台北工專（五專）念到三年級上學期被退學，最高學歷止於國中。（羞）\n　　經歷：在電子業紅塵打滾十三年餘，一事無成，身心俱疲。之後轉職商人另謀出路，雖成效依然不彰，但因此重拾家庭價值與微中年歡顏。\n　　特色：擅長慫恿男女信眾放下身段，一起指插鼻孔拍照，看見另一個自己。\n　　貢獻：以淺顯文字分享自身生活中的各項身體及心靈創傷，並佐以輕鬆詼諧（低級？）的態度呈現之，藉此度化苦悶網路眾生。\n　　期許：影響更多人重新看見家庭價值，以幽默戰勝一切。\n　　寶典：著有傳世奇作《寶爺.org》。\n　　◎【FB：梁嘉銘(Tabo)】www.facebook.com/GYTabo', '暌違三年，再度強勢來襲！！！！！\n　　寶粉限定！賣完不補！\n　　限量是殘酷的，手殘手慢的就恕不招待了～～～啾咪\n　　生命就是不斷GG的過程，\n　　但GG只是幾個瞬間的人生片斷，\n　　絕不會是全部！\n　　即使這個世界失去溫度，我們也不可以沒有態度。　　【大寶雙修邪教法王簽名加持書】一本\n　　大寶雙修邪教教徒必備，法王親筆簽名加持，從黑暗跨向光明的那一夜，人生暗黑上菜，度化苦悶寶粉眾生。\n　　《從痛苦到痛快》寶寶親手親身簽名書（全通路限定版）　　【我只是一個純粹的帥哥之文青魂帆布袋】一個\n　　不媚俗，不跟風，不好鬥。\n　　卻始終走在堅持帥的道路上，不偏不倚，不屈不撓\n　　37cm x 30cm，原色帆布材質，厚度8 oz，雙面印刷。　　【外貌極度姣好之寶寶造型手機扣環】\n　　身為一個外貌極度姣好的文青帥哥，人紅，也是剛好而已。\n　　人帥，真好。\n　　壓克力霧光指環架，長5cm', '寶瓶文化', '2018-04-24', '繁體中文', '心理勵志', 'http://im2.book.com.tw/image/getImage?i=https://www.books.com.tw/img/001/078/43/0010784329.jpg&v=5ad88bcc&w=348&h=348', '4715762957856');
INSERT INTO `book` VALUES ('1512', '104', '0010768659', '重生勇者面露冷笑，步上復仇之路2～為夢痴狂的魔術師～', '木塚ネロ', null, '打倒魔王之後，我‧宇景海人遭到所有隊伍成員背叛，最後慘遭殺害──我決心要復仇。「我絕對饒不了你們所有人……！」我帶著遭到背叛者殺害的記憶重生，與獸人少女‧米娜莉絲冷笑著步上復仇之路，出發前往王都。', '東立 ', '2017-10-30', '繁體中文', '輕小說', 'http://im2.book.com.tw/image/getImage?i=https://www.books.com.tw/img/001/076/86/0010768659.jpg&v=59e72d6d&w=348&h=348', '9789864869244');
INSERT INTO `book` VALUES ('1513', '105', '0010771883', '新制多益 NEW TOEIC 單字大全：2018起多益更新單字資訊完全掌握！(附13小時8種版本MP3)', 'David Cho', '　NEW TOEIC 新多益學習書最權威、最暢銷作者！！！\n　　最權威 TOEIC 多益考試訓練中心 Hackers Academia 創辦者！！！\n　　David Cho 老師的多益學習書暢銷著作：\n　　★台灣連續五年暢銷多益聽力參考書、韓國年度不分類百大排行榜第四名\n　　《全新！NEW TOEIC 新多益聽力題庫大全》\n　　★台灣連續五年暢銷多益閱讀參考書、韓國年度不分類百大排行榜第一名\n　　《全新！NEW TOEIC 新多益閱讀題庫大全》\n　　★台灣&韓國新多益聽力模擬考題書第一名\n　　《全新！NEW TOEIC 新多益聽力題庫解析》\n　　★台灣&韓國新多益閱讀模擬考題書第一名\n　　《全新！NEW TOEIC 新多益閱讀題庫解析》\n　　David Cho 老師即將陸續推出的新制多益權威銷著作：\n　　★《新制多益 NEW TOEIC 單字大全》\n　　★《新制多益 NEW TOEIC 聽力題庫大全》\n　　★《新制多益 NEW TOEIC 閱讀題庫大全》\n　　★《新制多益 NEW TOEIC 聽力題庫解析》\n　　★《新制多益 NEW TOEIC 閱讀題庫解析》', '十年淬鍊，百萬考生唯一推薦的新制多益單字書！\n不管題型如何變化，持續更新內容，準確度最高！\n30天激增300分的多益字彙！\n看完本書，許多考生考完後驚呼「裡面的重點有考到」！\n依2018年最新改版多益題型整理編排，\n滿足各種程度需求，學習更有效率！\n　　精益求精，快速掌握最新多益改版狀況！\n　　從選字、出題重點講解、考題，完全依照最新題型更新！\n　　從2007年多益第一次變更題型以來，《新多益單字大全》就是百萬考生的第一選擇，多年來不但在台灣，甚至在韓國也是蟬聯暢銷排行榜。之所以能夠如此，因為這本書是真的全方面照顧到多益考生的需求，而且每當多益考試題目有調整的時候，David Cho 老師都會以最敏捷的速度蒐集資訊，持續推出修訂的版本。這一次多益考題台灣在2018年3月大幅度的修改題型，更是讓 David Cho 老師竭盡所有的情蒐能力，徹底摸透這次新制多益題型大改的狀況，而一切努力都是為了給讀者更好的學習效果、更貼近最新出題趨勢的內容。這次的重大改變如下：\n　　【更新選字】刪減出題頻率較低的單字，增加最新熱門常考單字。\n　　【更新出題重點講解】針對最新題型，分類講解常考語句、易混淆單字、同義詞、文法。\n　　【按改版狀況更新測驗】在段落填空中，按照改版的新制多益新增完整句子的考題。\n　　【用漫畫引導主題】開頭的小故事以漫畫呈現，學習起來更加輕鬆有效率。\n　　【新制多益必考慣用語120】將新制多益最常考的120個慣用語整理出來，集中記憶更簡單。\n　　【新增3種版本MP3】除了之前的5種版本MP3，這次還增加了題目的錄音、120個慣用語的錄音，也就是說，整本書的所有部分都有音檔，就算真的懶得翻書，讀者真的能夠「用聽的」完成全書學習。編排設計，跟以前一樣好學好用！\n　　除了更新的部分之外，以往方便考生的編排設計在本書一樣保留著：\n　　【依單字出題頻率排序】每個單元是按照出題頻率排序，學習時能更快掌握新制多益考試重點。\n　　【最接近考題的例句】書中每個單字的例句內容，都反映最新常考的句型與文法。\n　　【方便好查的單字索引】利用索引，可迅速找出單字所在頁面，複習更有效率。針對不同程度學習需求，依照適合自己的學習計畫，30天達成目標\n　　本書提供檢測自我實力的診斷測驗，學習前可評估自己的程度，從「600～700分」、「800分」、「900分」、「高手級」四種計畫中選擇適合自己的學習深度，任何人都能在30天內達成目標。除了核心單字依照出題頻率排列以外，每單元補充的「新制多益滿分單字」也依照「基礎」、「800分」、「900分」等級別分類，讀者可依照自己的需求選擇性學習。另外，本書更提供「核心單字基本學習」、「核心單字深入學習」、「新制多益滿分單字：基礎」、「新制多益滿分單字：800分」、「新制多益滿分單字：900分、「Daily Checkup」、「實戰Test 1~3」「新制多益必考慣用語120」等8種版本、長達13小時的MP3，絕對能符合各種不同狀況的需求！本書特色1. 依照多益改版的新題型，更新內容\n　　多益考題會隨著時間改變，而2018年新制多益的變動，更不只是題目方向的微調，而是連「怎麼考」的題型都做了改變。本書依照變更後的題型，將不必要的單字替換為最新的熱門單字，並且增加新題型的測驗，全面貼近實際考試內容，讓你在學習過程中自然掌握考題走向。2. 依主題分類的30天單字學習計畫\n　　依照構成新制多益考題的30個主題，如工作、社交、旅遊……等等，分門別類列出相關單字，強化單字之間的關聯性，讓記憶更持久。每天剛剛好的學習份量，讓你不慌不忙、循序漸進，輕鬆提升單字力。3. 依出題頻率排序，可依個人程度選擇性學習\n　　本書以出題頻率排列，每個單元依序列出「故事聯想單字」→「最高頻率單字」→「高頻率單字」→「中頻率單字」，讀者可依照自己的能力和時間安排選擇性學習、複習，使用起來更有效率。4. 全面收錄 7600 個新制多益單字，分門別類一網打盡\n　　針對目標分數較高的讀者，每單元另外列出「新制多益滿分單字」，將其他考試中會出現的單字依照「基礎」、「800分」、「900分」程度排列，並且細分為聽力、閱讀Part 5、6或 Part 7會考的單字，全部學完就有7600個新制多益單字的實力，保證滴水不漏。5. 加強單字出題重點解說\n　　準備新制多益不只要背單字，更要了解新制多益如何考單字。最新版《新制多益單字大全》加強單字的出題重點解說，依照「常考語句」、「易混淆單字」、「同義詞」、「文法」等項目分類講解考試趨勢，讓你面對考試更有信心。6. 提供每日複習與實戰模擬測驗\n　　每單元都提供複習試題，測試當日學習成效；每完成10天份的學習之後，還有模擬多益測驗的實戰考題，讓你熟悉實際考試的內容。7. 按照能力規畫的的高效率學習計畫\n　　開始學習前，可藉由簡短的診斷測驗，判斷自己的能力等級，並且從「600～700分」、「800分」、「900分」、「高手級」四種學習計畫中選擇最符合自己的方案，依照自己的步調實現目標。8. 收錄120個新制多益必考慣用語\n　　除了正規的單字外，在新制多益聽力測驗的Part 3、Part 4與閱讀測驗的Part 7新增的「文字簡訊」的閱讀考題中，會出現母語人士在會話中大量使用的慣用語。David Cho 老師將這裡面最常出現的120個整理起來，列在書後。只要熟悉這120個慣用語，無論對於解題，或是對於理解會話都有非常大的助益。9. 提供方便查尋的單字索引\n　　準備新制多益時，如果遇到不懂的單字，或者想複習在本書中學習過的單字，都可以利用索引迅速找出單字所在的頁面，讓複習更有效率。MP3特色　　13個小時、8種版本MP3，適合不同學習需求\n　　版本1：核心單字基本學習MP3\n　　錄音方式：單字英文發音（美→英∕澳→澳∕英）→中文意義\n　　運用法：針對只想快速學習、複習，不想浪費時間聽例句的學習者，可使用此版本加快學習。版本2：核心單字深入學習MP3\n　　錄音方式：單字英文發音（美→英∕澳）→中文意義→例句（美→英∕澳）\n　　運用法：想徹底了解單字在句子中如何被使用，可使用此版本深入學習。版本3：新制多益滿分單字：基礎MP3\n　　錄音方式：單字英文發音（美→英∕澳）→中文意義\n　　運用法：想要從基本分（500~600）實力再往上加強時，可以聽此版本記憶更多單字。版本4：新制多益滿分單字：800分MP3\n　　錄音方式：單字英文發音（美→英∕澳）→中文意義\n　　運用法：針對要考800分以上考生，設計的單字表的MP3。版本5：新制多益滿分單字：900分MP3\n　　錄音方式：單字英文發音（美→英∕澳）→中文意義\n　　運用法：針對要考900分以上考生，設計的單字表的MP3。版本6：Daily Checkup MP3\n　　錄音方式：每日測驗中的句子唸兩遍（美→英∕澳）\n　　運用法：測驗完後，可以用聽的再重新複習。版本7：實戰Test 1~3 MP3\n　　錄音方式：實戰測驗中的句子唸兩遍（美→英∕澳），文章唸一遍（美）\n　　運用法：測驗完後，可以用聽的再重新複習。版本8：新制多益必考慣用語120 MP3\n　　錄音方式：慣用語英文發音（美→英∕澳）→中文意義\n　　運用法：用聽的加強新制多益必考慣用語的記憶。', '國際學村 ', '2017-12-15', '繁體中文', '語言學習', 'http://im2.book.com.tw/image/getImage?i=https://www.books.com.tw/img/001/077/18/0010771883.jpg&v=5a2531bb&w=348&h=348', '9789864540563');
INSERT INTO `book` VALUES ('1514', '106', 'R030070269', '皇冠 5月號/2018 第771期', null, null, '皇冠雜誌創刊於1954年2月22日，經過半世紀的努力，已發展成一個多元化、多媒體的文化集團。雜誌之稱為『雜』誌，內容應該包羅萬象。我們希望『雜』而不亂，『雜』中有序。', '鑫濤', '2018-04-27', '繁體中文', '文學史地', 'http://im2.book.com.tw/image/getImage?i=https://www.books.com.tw/img/R03/007/02/R030070269.jpg&v=5ae1aa4f&w=348&h=348', '977101937700105');
INSERT INTO `book` VALUES ('1515', '107', '0010697396', '為什麼孩子要說謊？：心理師親授的210個誠實力指南', '王意中', '王意中心理治療所所長、臨床心理師、教育部部定講師、《親子天下》嚴選部落客、《BabyHome》駐站專欄作家，並為《國語日報》及《健康兩點靈》專欄作家。\n　　於宜蘭成立宜蘭縣第一所經衛生主管機關合法立案之心理治療所，目前演講場次已超過1000場，是許多家長與老師心中極為信賴的心理師。\n　　高雄醫學院行為科學研究所第一屆碩士畢業，曾擔任振興復健醫學中心復健醫學部臨床心理師、中華民國過動兒協會諮商師及國軍八○二總醫院精神科臨床心理師，並曾於實踐大學家庭研究與兒童發展學系、經國管理暨健康學院幼兒保育系擔任兼任講師。\n　　合作經歷，包括台北市、新北市、基隆市、宜蘭縣校園系統（輔導諮商及特教服務）、台北市家庭暴力暨性侵害防治中心、幸夫愛兒園、中華民國發展遲緩兒童基金會、社團法人台灣赤子心過動症協會、財團法人赤子心教育基金會及伊甸社會福利基金會等，提供心理專業服務。\n　　於網路上，經營「王意中部落格」，分享早期療育及兒童青少年心理衛生等資訊，部落格的參觀人次，已突破一百萬人次！著作包括《為什麼孩子要說謊？──心理師親授的210個誠實力指南》、《孩子不專心，媽媽怎麼辦？》、《爸媽忘記教我的事？──愛朋友也愛自己，教孩子受用一生的人際力》、《301個自閉兒教養祕訣》、《301個過動兒教養祕訣》、《不吼不叫，激發孩子內在學習力》、《拆解孩子的青春地雷》、《誰讓孩子變成失控小惡魔？──從情緒管理開始，教出講理好孩子》、《標準答案──臨床心理師的大格局教養》、《孩子不敢說的40個成長困惑》。　　●【王意中部落格】blog.xuite.net/atozwyc/blog　　●【王意中的301個過動兒教養祕訣網路讀書會】www.facebook.com/301ADHD', '*****************************************************************************************\n6大關鍵方向，40個親子糾結，210種誠實必需養分！　　我們要從「心」找回，愛與信賴的無可替代。\n　　「怎麼辦？我的孩子開始說謊騙我了！」\n　　寫自修偷抄答案？（我不會寫，可是又不敢說）\n　　老是「忘了帶」聯絡簿回家簽？（老師都在上面告狀，我好怕被罵）\n　　考爛了，不讓爸媽知道？（爸媽都只會看我考幾分……）\n　　明明就是他做的，卻死不認帳？（每次說了實話，都沒有好下場）\n　　發現小孩不老實，你很自然會震驚、暴怒、破口大罵，\n　　但是這樣只會逼他把祕密藏更深……\n　　其實你只需要先去觀察、去理解，接納謊言背後的「真心」。\n　　在王意中心理師的臨床經驗裡，從學齡前的小小孩到處於成長臨界點的青少年，編謊的狀況五花八門：怕被罵，渴望愛，不喜歡，不會做，擔心被阻止……\n　　有時孩子自己無力分辨說謊的動機，需要他最信任的父母從旁拉一把，甚至親身示範給他看。\n　　這個時候，就請你先按住怒氣，深呼吸和緩情緒，向你最珍視的親子關係伸出溝通之手。\n　　你的真誠微笑，將鼓舞孩子卸下武裝，坦然相對，也將能讓你們擁有再一次機會，學習相愛。本書特色\n　　◎「怎麼辦？我的孩子開始說謊騙我了！」發現小孩不老實，你很自然會震驚、暴怒、破口大罵，但是這樣只會逼他把祕密藏更深。其實你只需要先去觀察、去理解，接納謊言背後的「真心」。\n　　◎【說謊，是孩子的生存之道？】對於不喜歡、不會做、不敢做、怕被罵、不想被阻止的事，或是出於想要被重視、渴望被愛，孩子會找到替代的生存方式，讓自己好過一些。而誠實，總是在這些細微的事物中，悄悄質變。\n　　◎【心理師，給你關鍵解決之鑰！】十幾年來遇到的許多個案，觸發王意中心理師寫下這本書，幫助父母和老師從六大方向著手，灌溉給孩子豐富的「誠實」養分：1.激勵面對自我的勇氣；2.提升解決問題的能力；3.遵守規範與界線的智慧；4.擁有真誠與坦然的關係；5.拉近信任與接納的距離；6.建立身教與示範的標準。名人推薦\n　　◎【親職教育專家】李崇建、【親職教育專家】陳安儀、【《寶爺.org》暢銷作家】寶爺（梁嘉銘）強力推薦！', '寶瓶文化', '2015-11-27', '繁體中文', '心理勵志', 'http://im1.book.com.tw/image/getImage?i=https://www.books.com.tw/img/001/069/73/0010697396.jpg&v=564f124a&w=348&h=348', '9789864060344');
INSERT INTO `book` VALUES ('1516', '108', '0010752211', '阿宅的戀愛太難 2', '李芝慧', null, '　隱瞞自己是腐女的成海與重度電玩宅宏嵩正式成為男女朋友。而公司中的另一對情侶小柳和樺倉也是阿宅，四人經常聚在一起喝酒聊天。然而對於即使成為戀人，但完全沒有任何改變的距離感，二人產生了只有阿宅才會遇到的戀愛困境…？', '東立 ', '2017-05-31', '繁體中文', '漫畫', 'http://im2.book.com.tw/image/getImage?i=https://www.books.com.tw/img/001/075/22/0010752211.jpg&v=590b02e1&w=348&h=348', '9789864620982');
INSERT INTO `book` VALUES ('1517', '109', 'E050027213', '我的男孩：影像散文書 (電子書)', '八大電視股份有限公司', '八大電視一直以積極、創新的方式經營家族頻道，期能為台灣媒體產業提供契機，並與亞洲區傳媒進行互動交流合作。\n　　以全方位角度發掘社會百況，超敏銳搶先熱潮，以各種創新的節目製播，引領話題成為風向指標，創造藝能視界的領導品牌。而除了深根台灣外，更抓緊與大陸的兩岸交流，並積極拓展與日本、韓國跨國際合作，從演藝到製作到播出，為台灣戲劇創造更具口碑的市場熱度。\n　　透過最堅強的幕後製作團隊，匯集實力派演員陣容，推出許多膾炙人口的戲劇作品。2017年度大戲《我的男孩》，更是繼推出《我可能不會愛你》、《妹妹》後，又一金鐘編劇徐譽庭經典之作。\n', '請學會閱讀、學會擔當、學會細心、學會品味，不過 ……\n請絕對不要放棄你的天真和善良－－－－《我的男孩》\n　　《我的男孩》為八大電視年度大戲。由徐譽庭編劇，徐輔軍執導，林心如、張軒睿、李李仁、高聖遠領銜主演。劇情描述渴望被愛的女主角總是遇不到對的人，因此失去愛與被愛勇氣，直到遇見男主角才找回自我。甫播出即引發熱議。\n　　★完整集結：徐譽庭編劇台詞金句+經典對白\n　　★獨家收錄：演員專訪內容\n　　★首度公開：影像全紀實+完整幕後花絮\n　　你是什麼樣的男孩，就會擁有什麼樣的愛情\n　　「你想擁有好愛情嗎？」\n　　「想呀！」\n　　「那就成為一個好男孩吧」\n　　《我的男孩》12月22日起每週五晚間十點台視首播\n　　【關於故事】\n　　養成一個好男人，需要良好的家庭教育之外，「愛情」是進階到S版的必要課程。男孩在愛情裡受了傷，於是一點一滴的成熟為一個男人，但，那慢慢癒合的痂大多是醜陋的，它教育了男人怎麼用自私武裝自己的恐懼、以名利成就自己的籌碼。\n　　有一種幸運的男孩，他會遇見生命中的一款貴人。那貴人往往是一位「好姐姐」。關於那些好姐姐教他們的事，是實戰的、非教條的、生動而且造就了一段『美麗的回憶』。', '尖端', '2018-04-26', '繁體中文', '生活風格', 'http://im2.book.com.tw/image/getImage?i=https://www.books.com.tw/img/E05/002/72/E050027213.jpg&v=5ae18a86&w=348&h=348', '9789571080734');
INSERT INTO `book` VALUES ('1518', '110', '0010544658', '風動鳴(15)風飄 之四', ' 水泉', '三日不寫稿，便覺面目可憎。　　已出版作品：《風動鳴》系列（全二十冊）、《風動鳴》新版（未完待續）、《銀色域》系列（全八冊）、《沉月之鑰》系列（未完待續）、《逐藍》系列（全三冊）個人部落格：　　黑水蔓延之地　　blog.yam.com/suru8aup3　　噗浪：　　www.plurk.com/suru8aup3', '所有的無奈，都是因為愛，也是因為恨……在虛妄的假象下，毀滅這個世界的真正理由，竟然是？！　　榮登誠品書店&聯合報票選國人最愛小說TOP20！　　引領奇幻風潮，最受歡迎的華文奇幻小說！　　這實在是個令人無法放下書的有趣故事！－－風聆（第一屆角川輕小說大賽銀賞得主）　　風飄絮落，雲空如畫，你，怎麼會不愛這個世界？　　即便山河再美，映我眼裡仍是黑白，　　即便花葉凋零，於我目中依舊豔麗。　　我的心已有缺陷，我的愛已無剩餘，　　又何來多餘未給予的真情，奉獻給這個世界？　　以一人之力擊潰持仗著黑魔法的邪教，　　神之子的威名令王軍士氣高漲，令叛軍聞風喪膽。　　但這一切仍不能阻止他的計畫，使他停止行動。　　奇襲首都的敵軍，居心暗藏的國師，變數，總存在於看不見的地方。　　未來是否能順著他預想的軌跡行走？　　當事情的最終與預測的結局畫上等號，那是否就是他最滿意的結果……　　即使，沒有人能得到幸福……', '天使出版', '2012-05-08', '繁體中文', '輕小說', 'http://im1.book.com.tw/image/getImage?i=https://www.books.com.tw/img/001/054/46/0010544658.jpg&v=4fa26223&w=348&h=348', '9789865945008');
INSERT INTO `book` VALUES ('1519', '111', '0010773895', '新制New TOEIC閱讀超高分：最新多益改版黃金試題1000題（16K）', ' Ki Taek Lee, The Mozilge Language Research Institute  ', null, '2018多益改制創新升級！\n　　實戰NEW TOEIC閱讀1000題\n　　訓練直覺答題，讀出多益超高分\n\n　　戰勝新多益閱讀的關鍵是什麼？\n　　做題要靠「熟感」，下筆要能快、狠、準！\n　　黃金試題網羅所有經典題型，\n　　1000題模擬練習，打造閱讀滿分！', '寂天 ', '2017-12-29', '繁體中文', '語言學習', 'http://im2.book.com.tw/image/getImage?i=https://www.books.com.tw/img/001/077/38/0010773895.jpg&v=5a3252de&w=348&h=348', '9789863186441');
INSERT INTO `book` VALUES ('1520', '112', '0010783713', '大道無語，善行天下：悟善禪師10年台灣行腳', '李瑋', null, '悟善師父出家20年、在台傳道10年，無論個人或志業，已達值得回顧、沉澱、記錄的時點。\n\n　　本書採報導文學方式，分別訪談師父，及周遭相關人士。最後以第三人稱，客觀敘述師父生平故事，與所懷志業。\n', '萬卷樓 ', '2018-03-29', '繁體中文', '宗教命理', 'http://im2.book.com.tw/image/getImage?i=https://www.books.com.tw/img/001/078/37/0010783713.jpg&v=5abcc03d&w=348&h=348', '9789869631006');
INSERT INTO `book` VALUES ('1521', '113', '0010772144', '新制New TOEIC聽力超高分：最新多益改版黃金試題1000題（16K+1MP3）', 'Ki Taek Lee, The Mozilge Language Research Institute  ', null, '多益改制，這本書題目一定要做過一次！\n2018多益改制創新升級！\n實戰NEW TOEIC聽力1000題\n訓練直覺答題，聽出多益超高分', '寂天 ', '2017-11-28', '繁體中文', '語言學習', 'http://im1.book.com.tw/image/getImage?i=https://www.books.com.tw/img/001/077/21/0010772144.jpg&v=5a17f4f6&w=348&h=348', '9789863186342');
INSERT INTO `book` VALUES ('1522', '114', '0010782227', '一休陪你一起愛瘦身2：最多人問的45天減脂計畫，吃飽還能瘦的美味秘密大公開（附QR Code料理示範影片）', ' 李一休', '原本是飽受肥胖之苦的年輕男子，整整胖了10年，試過各種方法，在減重又復胖的輪迴地獄中掙扎，終於找到正確方法，瘦下25公斤，不僅化身型男，更擁有了甜蜜家庭。他建立臉書粉絲團記錄自己的成功減肥過程，感動、激勵了許多粉絲，不但創下數十萬公斤的鏟肉奇蹟，更重要的是幫助大家重拾自信，獲得幸福！著有《一休陪你一起愛瘦身》，一出版迅速暢銷十萬本！\n　　FB粉絲團「一休陪你一起愛瘦身」：www.facebook.com/yihugh\n　　FB粉絲討論社團：www.facebook.com/groups/412220945593335/\n　　部落格：leeyihugh.com/', '不挨餓，才是減肥成功的王道！\n別懷疑，減肥也可以吃得很飽足、很澎湃！\n　　2014年，瘦身有成的一休，想讓自己的肌肉線條更精實，便嘗試下廚，沒想到越做越有心得，陸續發展出獨門減脂料理，開啟了他的廚男之路，更激勵粉絲們一起吃健康的飲食。三年多來，已經有數十萬人跟著一休「快樂吃努力動」，成功為地球減去了30萬公斤的重量！\n　　一休認為，好的瘦身方式，是要能快樂享用飲食，且長久執行，才不會減了體重失去健康。在這本書裡，一休分享他親自驗證、保證有效的飲食原則和料理方式，更大秀廚藝，示範45天菜單，證明減脂料理不但簡單易做、營養滿點，還可全家人共享，重點是豐盛又美味！\n　　★吃得對，才是瘦身的關鍵\n　　→為什麼要吃足基礎代謝熱量才會瘦？\n　　→什麼？減肥還可以吃鹹酥雞？\n　　→外食族這樣吃，聰明避開肥胖地雷\n　　★減脂飲食該怎樣料理？\n　　→煎、炒、滷、烤樣樣來，享受變化多端的口感\n　　→聰明挑選食材，兼顧全方位營養\n　　→巧妙選用工具，零廚藝也不怕！\n　　★粉絲感人見證\n　　→產後胖到不敢出門，靠減脂飲食和規律運動，揮別肥肥人生\n　　→成功瘦身後信心百倍，沒有什麼事能難得倒我！\n　　→為自己，圓了一個女孩夢！【本書特色】\n　　‧繼十萬暢銷書《一休陪你一起愛瘦身》後，一休瘦身技 & 廚藝再進化！\n　　‧精心拍攝45道料理圖片和24支示範影片，讓你再也找不到不下廚的理由！\n　　‧掌握5大飲食原則、7大料理秘訣，減脂餐可以精緻美味又簡單易做！連攝影師都驚呼連連：沒想到這麼好吃！\n　　‧吃對了就能瘦！絕對不用餓肚子！', '如何 ', '2018-04-01', '繁體中文', '生活風格', 'http://im2.book.com.tw/image/getImage?i=https://www.books.com.tw/img/001/078/22/0010782227.jpg&v=5aabaaf3&w=348&h=348', '9789861365060');
INSERT INTO `book` VALUES ('1523', '115', '0010784628', '請問詹姆士：為什麼能這麼好做？下班做飯不慌亂！解救餓忙族的90道姆士流家常菜（附完整步驟視頻）', ' 詹姆士 ', '從2006年就開始在《型男大主廚》、《美食鳳味》電視節目擔任主廚、專長日式、法式、義式創意料理的專業廚師詹姆士，發現自己最常收到讀者來信詢問的問題，大多是料理最基本的觀念。而俗話說：「戲子的腔、廚師的湯、醫生的方」，例如常用兩種概念來替代傳統的高湯，一是縮短煉湯的時間直接融入料理的步驟中，二是用天然食材做成高湯粉。用最方便又健康的方法提鮮出味，是家庭料理必學的方法。另外，最喜愛做菜給女兒吃的詹姆士，也在本書中公開許多為了家人而做、卻意外引發網路瘋狂點擊的大人氣料理！他期待和讀者分享──所有的料理作法簡單，成就滿滿！', '快手主廚詹姆士的第一本「全方味」烹調總秘笈\n　　用廢料煮出營養高湯，自製調味油，用輕醃法讓蔬菜鮮、爽、脆…\n　　做菜方法轉個彎，顛覆你對料理的想像，\n　　這樣煮，絕對又快又好吃！', '寫樂文化 ', '2018-04-24', '繁體中文', '飲食', 'http://im1.book.com.tw/image/getImage?i=https://www.books.com.tw/img/001/078/46/0010784628.jpg&v=5acee0c9&w=348&h=348', '9789869561136');
INSERT INTO `book` VALUES ('1524', '116', '0010768450', '美安賣什麼？：從零售到電商 揭開千億帝國的驚人祕密', '今周刊 ', '《今周刊》創立於1996年，為台灣近年來最具影響力、發行量成長第一名的綜合性財經雜誌。每周提供最新的財經剖析與產業動態，近年來更領先報導各項重大社會議題，推動政策改革引起社會廣大迴響。屢獲亞洲出版業協會(SOPA)、兩岸新聞報導獎、卓越新聞獎、行銷傳播傑出貢獻獎及台灣廣告主協會年度傑出報導獎等國內外各大獎的肯定。', '即使是最平凡的普通人\n也能做自己生命中的貴人。\n即便不靠富爸爸，\n在這裡，你也可以為夢想買單，提早實現財務自由！', '今周刊 ', '2017-11-02', '繁體中文', '商業理財', 'http://im1.book.com.tw/image/getImage?i=https://www.books.com.tw/img/001/076/84/0010768450.jpg&v=59e5cdc7&w=348&h=348', '9789869551724');
INSERT INTO `book` VALUES ('1525', '117', '0010785136', '孩子，我聽你說：為什麼孩子寧願問陌生人問題？呂律師深談那些青少年不願說的真心話', '呂秋遠 ', '律師工作面對了大部分人生活中所不想直視的難題或難堪，因此一直把寫作當成出口，不僅療癒自己，也鼓舞了大家。這些人從10歲到70歲不等，當中有許多人透過私訊詢問律師，除了借重其法律專業外，也非常倚賴他的心靈啟發。儘管律師工作始終忙碌，呂律師仍是盡可能回覆所有訊息，在他強悍的外表下有顆柔軟的心，捨不得看人掉眼淚。他總說：「真正的強悍，是隱藏在溫柔之中的。」\n \n　　《噬罪人》《噬罪人2：試煉》的出版，引起各界注意，榮登暢銷書作家的行列。2016年發表首部長篇小說《星光》後，也令人再度驚豔於律師的創作能量。\n　　2014年《噬罪人》入選文化部《Books From Taiwan》。2017年《星光》入選文化部「年度推薦改編劇本書」\n \n　　作品：《請問呂律師：關於愛和婚姻的練習題》《星光》《噬罪人》《噬罪人2：試煉》\n \n　　FB：搜尋關鍵字「呂秋遠」', '這些孩子，為甚麼寧願問陌生人問題？身為父母的你想過嗎？\n　　呂律師的青春非正式對話：自我、學業、交友、人際、家庭、未來\n\n　　別讓親子成為熟悉的陌生人！', '三采', '2018-05-04', '繁體中文', '親子教養', 'http://im1.book.com.tw/image/getImage?i=https://www.books.com.tw/img/001/078/51/0010785136.jpg&v=5ae066bc&w=348&h=348', '9789863429753');
INSERT INTO `book` VALUES ('1526', '118', 'E050015775', '你的善良必須有點鋒芒:36則讓你有態度、不委曲，深諳世故卻不世故的世道智慧 (電子書)', '慕顏歌', '一個選擇擁抱世間溫暖的心理諮詢師，一個行走在文字世界裡的靈動舞者，感情細膩、喜歡思考、長期致力於心理研究，著述和譯作頗多。\n\n　　作品包括：\n　　《讓未來的你，感謝現在拚命的自己》\n　　《這一生為自己而活》\n　　《人生有多殘酷，你就該有多堅強》\n　　《你的善良必須有點鋒芒》', '善良，是一種選擇\n但善良不該等同妥協或吃虧\n缺乏標準的善良\n會為難自己，又慣縱了他人\n就因為你很善良，底線應該更高\n你當善良，且有力量', '采實文化', '2017-04-27', '繁體中文', '心理勵志', 'http://im2.book.com.tw/image/getImage?i=https://www.books.com.tw/img/E05/001/57/E050015775.jpg&v=59bb9fb5&w=348&h=348', '9789869452809');
INSERT INTO `book` VALUES ('1527', '119', '0010776564', '記憶的怪物 2(首刷限定版)', ' MAE ', null, '千澄向RE614道出了哥哥死亡的真相…RE614的回應代表了什麼？另一方面，阿直的家中竟然也申請過智能生物…結果又是如何呢？愈來愈像哥哥的RE614，身體逐漸有了異狀…', '東立', '2018-01-26', '繁體中文', '文學小說', 'http://im1.book.com.tw/image/getImage?i=https://www.books.com.tw/img/001/077/65/0010776564.jpg&v=5a6b03a2&w=348&h=348', '4710945554013');
INSERT INTO `book` VALUES ('1528', '120', '0010784845', '擁有超常技能的異世界流浪美食家 2 冰花煎餃×夢幻龍 (首刷限定版)', '江口連', null, '上班族穆寇達（向田剛志）被牽連進「勇者召喚」儀式，從現代日本來到了劍與魔法的異世界。穆寇達本來只能依賴可送來現代日本商品的固有技能「網路超市」，但傳說的魔獸芬里爾──緋爾卻衝著他做的料理而來，還成了穆寇達的從魔！之後又加入了史萊姆幼兒史伊，一行人繼續踏上優哉游哉的旅程。穆寇達有時以冒險者之姿颯爽（？）地拯救城鎮於危機之中，有時又以商人的身分抓住太太們的心（？）。而在這樣的旅途中，即將邂逅新的同伴……？\n　　另一方面，風之女神寧利勒依然從神界暗地向穆寇達索求供品，但她的偷跑行徑終於被其他女神們發覺了！而寧利勒的同事們自然也不會放過穆寇達的「網路超市」……！？\n　　「成為小說家吧」網站年度排行榜第１名的神奇異世界冒險故事，第２集堂堂登場！', '東立', '2018-04-26', '繁體中文', '輕小說', 'http://im2.book.com.tw/image/getImage?i=https://www.books.com.tw/img/001/078/48/0010784845.jpg&v=5ae139b0&w=348&h=348', '4710945555492');
INSERT INTO `book` VALUES ('1529', '121', 'F014022884', 'Ego is the Enemy: The Fight to Master Our Greatest Opponent', 'Ryan Holiday', null, '★ 一舉攻占《華爾街日報》、《今日美國》、《芝加哥論壇報》、《華盛頓郵報》、《出版人周刊》等各大暢銷榜\n　　《紐約時報》暢銷作家挑戰人類思維的警世血淚之作，趁「自我」還沒毀了你之前，時時提醒自己！\n　　上萬讀者跪著看完都說：「真想把每頁撕下來當壁紙，時時提醒自己！」\n　　當社會94狂，你必須慌張，\n　　因為你的自信，會不會從來就是「假的」？\n　　根據佛洛伊德的心理學理論，每個人的人格有三我：本我、自我、超我。\n　　其中最需要小心的就是「自我」。為什麼？\n　　當一個人自以為是時，我們一定會說他很「自我」，這就是所謂的自大，\n　　也可以說，每個人內心都住著一名自大狂。\n　　尤其現在媒體不斷強調自我時，要人們表現出才華洋溢、積極進取，\n　　不過，這樣反而是在壯大每個人內心的自大狂，\n　　很多人自以為自信滿滿，但根本就是自信失控！\n　　美國暢銷作家萊恩‧霍利得（Ryan Holiday）指出，\n　　在人生三大關鍵時刻，要小心內心的自大狂會跑出來扯後腿，\n　　害你無法追夢、難以精進、加倍挫折！\n　　1.追求夢想時：胸懷壯志很棒，但光是雄心勃勃只會惹上一身禍。\n　　2.有所成就後：成就一不小心就會變成自毀前程。如何戰勝成功後的心魔？\n　　3.遇到挫折時：自我不只讓你得意忘形，也會讓你一蹶不振！\n　　霍利得針對這三個階段提出多種方法，幫你管好你內心的自大狂：\n　　．十原則讓你不再只是光說不練，展現內斂的自信，化逆境為轉機。\n　　．九要領教你在出人頭地後，也不會得大頭症。\n　　．七心法幫你制定自己的成功標準，在挫敗時，還能挖掘其中的價值。\n　　此外，霍利得更教你偷學許多哲學家的智慧與成功人士的例子，讓你不忘初衷──\n　　．古希臘哲學家伊索克拉底建議人們在追夢時，別受情緒操控，並鍛鍊心智\n　　．看成吉思汗如何成就偉大帝國的霸業？\n　　．學德國總理梅克爾如何以大局為重，讓她連任三次總理？\n　　．了解賈伯斯被趕出蘋果公司時，做了什麼才讓他有了劃時代的發明？\n　　只要懂得從自我中拿掉自大，時時刻刻管好你內心的自大狂，\n　　你的自信才不會失控，而且攻不可破！　　本文取自三采出版《失控的自信：拿掉自大，你的自信才攻不可破！》\n　　It\'s wrecked the careers of promising young geniuses. It\'s evaporated great fortunes and run companies into the ground. It\'s made adversity unbearable and turned struggle into shame. Every great philosopher has warned against it, in our most lasting stories and countless works of art, in all culture and all ages. Its name? Ego, and it is the enemy - of ambition, of success and of resilience.\n　　In Ego is the Enemy, Ryan Holiday shows us how and why ego is such a powerful internal opponent to be guarded against at all stages of our careers and lives, and that we can only create our best work when we identify, acknowledge and disarm its dangers. Drawing on an array of inspiring characters and narratives from literature, philosophy and history, the book explores the nature and dangers of ego to illustrate how you can be humble in your aspirations, gracious in your success and resilient in your failures.\n　　The result is an inspiring and timely reminder that humility and confidence are our greatest friends when confronting the challenges of a culture that tends to fan the flames of ego, a book full of themes and life lessons that will resonate, uplift and inspire.', 'Profile Books', '2017-08-03', '英文', '心靈養生', 'http://im1.book.com.tw/image/getImage?i=https://www.books.com.tw/img/F01/402/28/F014022884.jpg&v=5947b5c1&w=348&h=348', '9781781257029');
INSERT INTO `book` VALUES ('1530', '122', '0010771538', '中老年四季健康飲食原則：掌握四時養生重點，調和五臟六腑，抗老防衰不生病', '《健康大講堂》編委會 ', null, '四季食膳有講究，掌握重點健康吃\n　　男性身為家庭的支柱，既要負擔繁重的工作來養家，又要奉養長輩、教育子女。為了家庭和事業往往忽視身體不良反應及一些疾病的前兆缺乏警覺性，再加上受自身體質、生活習慣、外界環境以及心理壓力等因素的影響，許多病症都悄無聲息的襲擊著看似健康的男人，最終「養癰成患」。\n　　本書對《黃帝內經》裡所講的男性養生進行擴充、講解，再結合《本草綱目》裡的藥材和食材功效，將對男性有益的食物搭配合理的藥膳進行調理。並分別針對常見的男性好發疾及症狀病症進行總結和分析，列舉對症藥膳以供男性患者選擇。希望男性讀者能從中受益，做好日常保健護理，遠離疾病的困擾。本書特色\n　　防治三高、失智、各種慢性病必知食養方案\n　　掌握四時養生重點，\n　　調和五臟六腑，\n　　抗老防衰不生病\n　　別讓老化扼殺你的退休人生\n　　維持健康身心，打造逆齡的快樂生活\n　　兼顧營養與美味、提振精氣神、促進身心健康\n　　●合理安排飲食內容：\n　　到了中老年，生理機能開始衰退，因此更應注意所攝取的營養是否充足，或是避免高鈉、高糖、高油飲食。\n　　●四時調養，各有重點：\n　　四季氣候各不同，應隨著氣候變化調整飲食，並注意補養重點，順應時節特點養生。\n　　●調理五臟協合，養出健康體質\n　　根據《黃帝內經》的養生智慧，合理安排飲食與鍛鍊方式，讓五臟功能正常，互相協調，才是維持健康的重點。\n　　●從日常生活與藥膳防治中老年常見病\n　　注意飲食，吃對的食物；善用藥膳，有效食療。從日常改善不良生活方式，並養成持續運動的習慣，輕鬆預防疾病的發生。', '華威文化 ', '2017-11-29', '繁體中文', '醫療保健', 'http://im1.book.com.tw/image/getImage?i=https://www.books.com.tw/img/001/077/15/0010771538.jpg&v=5a12aeb6&w=348&h=348', '9789865611637');
INSERT INTO `book` VALUES ('1531', '123', '0010764594', '將奴隸精靈打造成英雄！從末日開始的世界延命法step1(首刷限定版)', '秋月煌介 ', null, '世界隨機出現名為〈默示錄之獸〉的怪物，導致人類陷入滅絕危機。人類在對抗怪物的這兩百年來，多虧繼承力量的『英雄』才得以存活。在英雄定律下，現任英雄‧修伊確定將在一個月後喪命。明明已經來日不多，無氣力的他挑選出來的徒弟，竟是柔弱的美少女精靈奴隸‧菲歐。修伊完全不在意旁人的眼光，甚至從沒認真鍛鍊過徒弟……？', '東立 ', '2017-09-18', '繁體中文', '輕小說', 'http://im1.book.com.tw/image/getImage?i=https://www.books.com.tw/img/001/076/45/0010764594.jpg&v=59bfa047&w=348&h=348', '4710945553252');
INSERT INTO `book` VALUES ('1532', '124', '0010771557', '哈佛的5堂邏輯思維課 思考定高度：面對抉擇時你是「賭」一把，還是想清楚再做？', '韋秀英', '　江蘇連雲港人，2001年畢業於揚州大學。知名圖書策劃人，從事圖書編輯工作十餘年，策劃出版過《哈佛凌晨四點半》、《卡耐基寫給女人一生幸福的忠告》、《為什麼我們的決定常出錯》、《心靜才能不浮躁》、《不著急》、《別讓瞎忙害了你》、《納蘭詞》、《氣質何來》等暢銷書。\n\n　　韋秀英說：「如果我們要將某個東西傳承下去就必須要傳播，傳播才是最好的傳承。」她用生命去熱愛文字，堅持用文字去傳播知識的同時，傳播正能量，傳播一種人生的心態。她始終對圖書業保持著熱情，她說：「圖書業，這是一件很美的事。」\n ', '本書提供方法與實例，幫你強化專注能力、\n　　提升會議效率、看穿決策盲點……\n　　進而掌握制勝關鍵，創造人生新高點！', '大樂文化 ', '2017-12-11', '繁體中文', '商業理財', 'http://im2.book.com.tw/image/getImage?i=https://www.books.com.tw/img/001/077/15/0010771557.jpg&v=5a12aebc&w=348&h=348', '9789869544061');
INSERT INTO `book` VALUES ('1533', '125', '0010749540', '最後瞬間的美好：17年安寧療護工作，真實見證47則平靜安詳的告別故事', ' 珍妮特‧威爾', '註冊護理師、合格觸摸治療師。為觸摸療法國際協會與美國整體護理協會的會員，亦是伊利諾斯州杜佩奇郡莎瑞特慈善基金會董事。在二十二年的護理工作中，有十七年投入安寧療護服務。', '孤獨、病痛、恐懼，並非生命結束時的必經過程。\n當你接受生命的脆弱與無常，明白離去是自然和必然，\n學會說再見，不再恐懼死亡，才能活出生命最精采的風景。', '時報出版 ', '2017-04-25', '繁體中文', '心理勵志', 'http://im1.book.com.tw/image/getImage?i=https://www.books.com.tw/img/001/074/95/0010749540.jpg&v=58e6192d&w=348&h=348', '9789571369594');
INSERT INTO `book` VALUES ('1534', '126', '0010785157', '外掛人生：多重身分讓你不怕風口換位', '崴爺  ', '連續創業家 / 勵志作家 / 微型創業KOL\n \n　　2015年9月28日，開始經營「我是崴爺」粉絲團，正式開啟這位大叔的「外掛人生」之路。\n \n　　用充滿能量的文字分享創業、職場、人生的個人經驗，崴爺吸引了20萬的粉絲，出版三本暢銷著作，成了微型創業的KOL；43歲的崴爺大叔，是台灣最具代表性的「斜槓大叔」。\n \n　　2016年出版 《再見，朝九晚五》\n　　2017年出版 《我為我工作》\n　　2018年出版 《外掛人生》', '別人年紀輕輕就當CEO，你坐三奔四還在替人抬轎做工；\n　　人家是斜槓青年、暢快人生，你卻費盡洪荒之力和生存搏鬥；\n　　當你還在一步一腳印，人家已經下載外掛、生涯超車去！', '三采 ', '2018-05-04', '繁體中文', '商業理財', 'http://im2.book.com.tw/image/getImage?i=https://www.books.com.tw/img/001/078/51/0010785157.jpg&v=5ad5dac3&w=348&h=348', '9789863429890');
INSERT INTO `book` VALUES ('1535', '127', '0010778672', '夜鴉事典01-光影初遇-', '碰碰俺爺  ', '最為人所知的事蹟為一個人吃掉一盒摳死摳壽司。\n　　歡迎上噗浪或粉絲團找我玩。\n　　噗浪：www.plurk.com/bbb1880\n　　粉絲團：www.facebook.com/ponponmyfather', '★耽美BL知名大手俺爺跨界腐系！ 話題作華麗首發！\n　　★韓國知名手遊御用繪師 woonak 首度跨海合作\n　　★20％輕奇幻+30％微腐系+50％美男環伺＝100％怦然心動\n　　巫族和教廷締結「白鴉契約」，數百年來和平共處，但是……意外降臨！？\n　　剛畢業的萊特即將擔任督導教士，\n　　卻碰到了超難搞的搭檔──巫族最惡「夜鴉」柯羅！\n　　歷任督導者撐不過三個月都悲慘離職，\n　　面對傲嬌小烏鴉張牙舞爪、充滿惡意的「歡迎儀式」，\n　　對未來搭檔有著變態憧憬的萊特自信滿滿──\n　　哼哼，他最強的武器可是人見人愛(死纏爛打)的好個性(厚臉皮)呢^.<\n　　To教廷：我希望能多了解我的搭檔，請批准我入住夜鴉柯羅家的宅邸。', '三日月', '2018-02-07', '繁體中文', '輕小說', 'http://im1.book.com.tw/image/getImage?i=https://www.books.com.tw/img/001/077/86/0010778672.jpg&v=5a719ab8&w=348&h=348', '9789863614890');
INSERT INTO `book` VALUES ('1536', '128', '0010778975', '支配異世界的技能掠奪者～從零開始建造奴隸後宮～ 3(首刷附錄版)', '蕭嘉慧', null, '令人激動的第３集登場！\n　　超平凡高中生近衛悠斗，把貓妖精弗瑞斯提姊妹收為奴隸，每天盡情享受著嶄新的日常生活。\n　　某一天，承接迷宮攻略任務的悠斗，遇見了打扮成女高中生的魔族少女別西卜。\n　　魔族少女在偶然之下對悠斗一見鍾情，悠斗被迫做出意外的決定！？\n　　源自成為小說家吧網站的超人氣奇幻故事！', '東立', '2018-02-12', '繁體中文', '輕小說', 'http://im2.book.com.tw/image/getImage?i=https://www.books.com.tw/img/001/077/89/0010778975.jpg&v=5a80fc29&w=348&h=348', '4710945554884');
INSERT INTO `book` VALUES ('1537', '129', 'E050019889', '薩提爾的對話練習：以好奇的姿態，理解你的內在冰山，探索自己，連結他人 (電子書)', '李崇建', '東海大學中文系畢業，曾任體制外中學教師七年，目前於千樹成林、快雪時晴創意作文任教，並於「長耳兔心靈維度」舉辦工作坊。出版著作十餘本，內容關於小說、教育、閱讀、寫作與古典詩詞教育。現任台中曉明女中特約作家、南投佳音英語、新加坡耕讀園、馬來西亞薩提爾全人發展協會、馬來西亞德信中學、香港自然學校……等多家機構顧問。\n\n　　電子郵件信箱：rex8008@gmail.com', '問今天學校怎麼樣，孩子總是省話一哥；\n　　夫妻吵架，老公講不贏你乾脆低頭滑手機，假裝沒聽到；\n　　朋友找你訴苦，你理性分析，只換來朋友一句「唉呀你不懂啦！」；\n　　於是，對話就結束了。', '親子天下', '2017-11-23', '繁體中文', '親子教養', 'http://im2.book.com.tw/image/getImage?i=https://www.books.com.tw/img/E05/001/98/E050019889.jpg&v=5a30f535&w=348&h=348', '9789869563062');
INSERT INTO `book` VALUES ('1538', '130', '0010785153', '你必須愛得有底線：沒有底線的愛，不叫愛，叫自虐', '口罩男 ', '愛情除去浪漫後，剩下的，就是生活中的平庸。\n　　知足常樂，是我對人生的感悟。\n \n　　以前東西壞了，阿公總是想盡辦法將它修好；而現在，東西壞了，大家只想著快點丟掉。正如現代人的速食愛情，遇到問題，總是不願意嘗試修復，滿腦子只想換掉他，或她。而很多時候，正站在人生路口上抉擇的人，並非真的不知道該轉往哪一個方向。只怕轉了身，還沒上車的那一位，會不會從此就被丟下？但是對方會不會上車、要不要上車、肯不肯上車，其實自己心裡都早已清楚明白。\n \n　　當你有真的想不明白、解不開的問題，歡迎寫信給我。「讀者來信」就是為此而生。你來信，我解惑，不敢說現實的殘酷是否能有所改變，但至少讓你們知道，你們，還有口罩男陪著。\n \n　　•52萬人氣FB粉絲團【口罩男】\n　　•吸引廣大死忠粉絲，男女通殺！\n　　•單篇文章平均輕鬆超過10,000次以上讚數！\n　　•影片「為什麼離婚後的女人，大多都會變美？」累積超過200萬觀看人次\n　　•2017出版《我可以心甘情願，但你不能理所當然》長踞兩性書市排行榜\n ', '身為丈夫，替女人娓娓道出心中最想說的話！\n　　敲醒正在愛情大霧中迷走的現代男女！\n　　愛情中的第三者，不一定是另一個女人？反而是⋯⋯\n\n　　感情世界裡，最讓人生氣的就是，\n　　惹你生氣的那個人，自始至終都不知道你在氣什麼。\n　　更讓人失望的是，說了，也沒用。', '三采 ', '2018-05-04', '繁體中文', '心理勵志', 'http://im2.book.com.tw/image/getImage?i=https://www.books.com.tw/img/001/078/51/0010785153.jpg&v=5ad5dac8&w=348&h=348', '9789863429906');
INSERT INTO `book` VALUES ('1539', '131', '0010740374', 'Debug─筆電的使用手冊外傳小說~山櫻樹下的幻想奇譚 全', '草子信', null, '(全一冊)曾以為再也見不到的人，留下對他的思念；想要再次與珍視的人見面，卻姍姍來遲，如今彼此相距，渴望已久、擁有彼此相伴的生活，終於踏上軌道。為了留下存在意義的蟬，失去身體而徘徊的妖怪，能帶人前往神秘車站的火車……', '東立 ', '2017-01-24', '繁體中文', '輕小說', 'http://im1.book.com.tw/image/getImage?i=https://www.books.com.tw/img/001/074/03/0010740374.jpg&v=58663765&w=348&h=348', '9789864824236');
INSERT INTO `book` VALUES ('1540', '132', '0010784875', '扇雀01初遇', '釉子酒 ', '本來想要取名為柚子酒，但一時手滑打錯字，從此成為一瓶有毒的酒。\n熱愛幼女、御姐、美少女，是個品格高尚的紳士（自己說）\n\n個人專頁：www.popo.tw/users/watermoon011\nFB粉絲團：www.facebook.com/strawberryvodka11', '這是個面癱小蘿莉 + 犬屬性雙胞胎美少年的故事(X)\n這是個面癱小蘿莉 + 她的兩隻看門狗的故事(O)\n\n「是妳的話，我跟銀葉願意成為妳的狗。」\n\n在孤兒院長大的扇雀從沒想過，自己會在十七歲這年死去，\n更從沒想過，自己竟會在另一個軀殼內重生，成為世家大小姐。\n只是，這大小姐一點也不好當，\n明明是個手無縛雞之力的小蘿莉，卻被迫得參加某項試煉！？', '城邦原創 ', '2018-04-28', '繁體中文', '輕小說', 'http://im2.book.com.tw/image/getImage?i=https://www.books.com.tw/img/001/078/48/0010784875.jpg&v=5adabb89&w=348&h=348', '9789869605663');
INSERT INTO `book` VALUES ('1541', '133', '0010784618', '都市傳說第二部5：收藏家', '笭菁', '多變的雙魚。\n\n書寫多變，擅寫靈異、驚悚、愛情、奇幻與勵志。\n興趣多變，電影、美食、旅遊、玩樂，愛好自由。\n\n粉絲專頁：http://www.facebook.com/lineanovels\n笭菁部落格：http://linea.pixnet.net/blog\n\n\n相關著作:《都市傳說 第二部 4：外送（外送必備環保杯套版）》《都市傳說 第二部1：廁所裡的花子（花子貼身小布袋版）》《都市傳說10：消失的房間》《都市傳說10：消失的房間（都市傳說鑰匙圈版）》《都市傳說11：血腥瑪麗》《都市傳說11：血腥瑪麗（美麗隨身小圓鏡版）》《都市傳說12(第一部完)：如月車站》《都市傳說12(第一部完)：如月車站（如月列車專屬仿舊卡套版）》《都市傳說1：一個人的捉迷藏》《都市傳說1：一個人的捉迷藏（特別版娃娃3D卡書衣）》《都市傳說2：紅衣小女孩》《都市傳說2：紅衣小女孩（特別版：溫感現影封面）》《都市傳說3：樓下的男人(特別夜光版)》《都市傳說3：樓下的男人》《都市傳說4：第十三個書架》《都市傳說4：第十三個書架（詭異檀香版）》《都市傳說5：裂嘴女》《都市傳說5：裂嘴女（裂嘴口罩版）》《都市傳說6：試衣間的暗門(手機置物架版)》《都市傳說6：試衣間的暗門》《都市傳說7：瑪莉的電話》《都市傳說7：瑪莉的電話（背娃娃束口袋背包版）》《都市傳說8：聖誕老人》《都市傳說8：聖誕老人（聖誕蓋布袋版）》《都市傳說9：隙間女》《都市傳說9：隙間女（隙間女手書籤版）》《都市傳說特典：詭屋》《都市傳說特典：詭屋（時尚登山頭巾版）》《都市傳說第二部1：廁所裡的花子》《都市傳說第二部2：被詛咒的廣告》《都市傳說第二部2：被詛咒的廣告（神祕燒錄光碟版）》《都市傳說第二部3：幽靈船》《都市傳說第二部3：幽靈船（隨船隨到杯墊版）》《都市傳說第二部4：外送》《都市傳說第二部5：收藏家（鏟子湯匙版）》', '出代誌了喔！」\n多方壓力、匿名攻擊、所有矛頭直指都市傳說社，A大只好空降一位指導老師嚴格控管社團臉書發文，卻爆發「思想箝制，獨裁主義瀰漫校園」言論自由戰爭！都市傳說社存廢議題浮上枱面！\n小堂妹的墳墓基石旁，被人刨開了一整圈土，簡子芸親眼看見怪人動手、某位人偶製造師擁有一堆詭異蒼白手繪五官，與小孩子一般高的大型娃娃，半夜房門鎖被破壞闖入，有女孩要她去找她們？這是什麼都市傳說！？', '奇幻基地 ', '2018-05-03', '繁體中文', '文學小說', 'http://im1.book.com.tw/image/getImage?i=https://www.books.com.tw/img/001/078/46/0010784618.jpg&v=5adabb88&w=348&h=348', '9789869631808');
INSERT INTO `book` VALUES ('1542', '134', '0010544484', '宮廷美人養顏心經：取材天然、用料安全、效果快速持久的美容祕方', ' 田貴華 ', null, '西施也有長痘痘的煩惱？武則天到了八十歲還能「齒髮不衰」？楊貴妃泡溫泉可不悠哉，要邊泡邊打！碗豆苗做防曬面膜、粗鹽可以消除雙下巴！\n\n向中外古典美女取經，找出安全無毒的好方法\n\n　　慈禧太后、大長今、埃及豔后、伊莉莎白女王這些古今中外位高權重的貴婦，無一不愛美、無不想追求青春永駐，讓年齡凍結。由於她們掌握了當時最先進的資源與技術，效果當然也最顯著。本書作者是資深的正統中醫博士，長期專攻漢方美容，遍覽數千年來古今中外的宮廷美女養顏祕方，並實際施行，融合理論與實作經驗，整理出本書，利用平日很常見的天然材料、耳熟能詳的中藥材及簡單的按摩推拿等，可以解決現代女性會碰到的任何美容問題。', '貓頭鷹 ', '2012-05-13', '繁體中文', '生活風格', 'http://im1.book.com.tw/image/getImage?i=https://www.books.com.tw/img/001/054/44/0010544484.jpg&v=4fb636aa&w=348&h=348', '9789862620830');
INSERT INTO `book` VALUES ('1543', '135', 'E050024495', '若你委屈自己，任誰都能刻薄你：小資世代突破盲腸的30個人生亮點 (電子書)', '黃大米', '　媒體記者出身並做到主管的黃大米，在最複雜的環境──電視圈打滾多年，各種光怪陸離的事情天天在眼前上演。轉換跑道至人力銀行工作後，日常接觸的也是形形色色的求職者。書內的故事都是由真實事件改編，她以其經驗及觀察，提供實際做法和建言，因為你想要的就得動身去爭取，光用喊的不會有改變！\n\n　　關於職場、夢想和感情的追逐，她為讀者提供跳脫了一般框架的思考觀點及實現角度。讀她的文字像在跟好朋友聊天，感覺親切、可愛又自然，拍拍你的肩給你打氣，但也不時像麻吉一樣，一針見血地說實話戳戳你。\n\n　　現職是yes123編輯總監。曾任非凡電視台採訪中心副主任、東森及TVBS電視台記者。她也活躍於商業周刊、風傳媒、今周刊、TVBS、東森新聞雲、知識家等各大網站，擔任專欄作家，數度創下了單篇文章全台灣七十萬次的超高瀏覽率。\n\n　　◎個人臉書：【黃大米】', '不只餵養你心靈雞湯，\n更讓你吞下真實世界的苦口良藥，\n精煉出百戰百勝的逆境抗體。\n若你敢要，你就能贏。\n只是抱怨，無法改變你所面臨的任何困境，\n唯有行動，才能脫困！', '寶瓶文化', '2018-03-12', '繁體中文', '心理勵志', 'http://im2.book.com.tw/image/getImage?i=https://www.books.com.tw/img/E05/002/44/E050024495.jpg&v=5aa776f2&w=348&h=348', '9789864061143');
INSERT INTO `book` VALUES ('1544', '136', '0010782277', 'New TOEIC多益新制黃金團隊5回全真試題＋詳解（附2MP3＋防水書套）', ' 洪鎮杰, 李住恩, NEXUS多益研究所  追蹤作者', '洪鎮杰RC\n\n　　■ 現任英語短期學校代表講師\n　　■ 前任YBM語學院代表講師\n　　■ Hackers Champ Study特約講師\n　　■ Canada GPRC\n　　■ 西江大學文學院語文學系畢業\n\n李住恩LC\n\n　　■ TOEIC 990分滿分講師\n　　■ 現任英文短期語學院TOEIC LC專任講師\n　　■ 現任英文短期「親切的她的LC面試清單」線上教學\n　　■ 現任英文短期全面服務Live轉播（每月定期多益心得教學）\n　　■ 前任Hackers語學院江南TOEIC LC專任講師\n　　■ 前任Hackers語學院鐘路TOEIC LC專任講師\n　　■ 前任Hackers Champ Study Listening線上教學\n　　■ 前任Hackers Champ Study 實戰1000題2 Listening線上教學\n　　■ 前任YBM語學院TOEIC LC專任講師\n　　■ Vancouver Community College TESOL Diploma\n　　■ 延世大學畢業\n\nNEXUS多益研究所\n\n　　由南韓及海外最頂尖的TEST ENGLISH專家組成，每月定期參與TOEIC考試，分析考題趨勢，並以科學資料為根據，研發出多元的TOEIC教材。\n', '聽力＋閱讀共1000題\n　　4小時「美、英、澳」口音聽力模擬試題\n　　加贈單字複習總整理&單字檢測\n　　準備多益新制這本就夠！', 'EZ叢書館', '2018-03-30', '繁體中文', '語言學習', 'http://im2.book.com.tw/image/getImage?i=https://www.books.com.tw/img/001/078/22/0010782277.jpg&v=5aa8f9c7&w=348&h=348', '9789862487068');
INSERT INTO `book` VALUES ('1545', '137', '0010780017', '連卡內基也佩服的7堂超溫暖說話課：為何辯才無礙很吃虧？ 因為要贏得感情，你得輸點道理！', ' 山﨑拓巳 ', '965年出生於日本三重縣。廣島大學教育學院肄業。20歲創業，22歲成立「拓有限公司」，之後30年間同時經營多種事業。\n   \n　　暢銷作家，著作超過40本，總銷售量達130萬冊。主要著作有《用心的技巧》、《一個人的充電時間》、《突然的瞬間》、《將看不見的力量轉換為助力的訣竅》等。\n   \n　　《用心的技巧》出版後，立刻與「年收入1000萬日圓以上的社會人士實踐本書25個用心技巧」的問卷調查結果，成為熱門話題。《一個人的充電時間》於2010年翻譯成中文版，2011年翻譯成英語版《SHIFT》在全美發行。其他作品也翻譯成多國語言，在香港、台灣、韓國等地區出版。\n   \n　　演講會廣受歡迎，身為「驚人的事會輕易發生」的夢想實現規劃師，談論溝通術、領導特質論、心靈管理等主題，至今演講聽眾超過200萬人。\n   \n　　本書是以其多元領域的活動為核心，首次公開獨家的「說話技巧」。\n   \n　　官方網站：www.taku.gr.jp\n   \n　　部落格：www.taku-blog.jp\n   \n　　Facebook：www.facebook.com/takumi.yamazaki', '這年頭在社會走跳，你需要鍛鍊的，\n　　不是「聊不停」，也不是「超說服」，\n　　而是「體貼」的對話術。\n\n　　為何講道理辯是非，卻傷了多年感情？\n　　為何說出真話，卻容易讓人覺得刺耳？\n　　為何糖果和鞭子，竟無法激勵人心？\n　　為何工作上的忠告，居然變成中傷？\n　　為何對方不贊同？為何管理者總得兇？\n　　面對話不投機的人，該怎麼溝通才對？', '大樂文化', '2018-03-12', '繁體中文', '商業理財', 'http://im2.book.com.tw/image/getImage?i=https://www.books.com.tw/img/001/078/00/0010780017.jpg&v=5a815ea1&w=348&h=348', '9789869593045');
INSERT INTO `book` VALUES ('1546', '138', '0010782050', '金融的智慧：結合文學、歷史與哲學的哈佛畢業演講，教你掌握風險與報酬', '米希爾．德賽 ', '出生於印度，在香港和美國紐澤西州長大。任教於哈佛商學院和哈佛法學院教授金融、稅法和創業等專業，曾獲獎無數，最近為哈佛線上教學的HBX平臺開發線上金融課程。他在企業金融、國際金融和稅收政策方面的專業背景讓他數度受邀至美國國會參加聽證會，也在全球多家領先企業和組織擔任諮詢顧問。', '　★2016年諾貝爾經濟學獎得主、哈佛學院院長、花旗集團前執行長等意見領袖強力推薦\n　　★2017年《金融時報》與麥肯錫年度商業書單\n　　★2017年Amazon.com商業與領導類年度選書\n　　★2017年《財富管理》雜誌最佳商業圖書\n　　★《金融時報》、《出版人周刊》、《紐約客》《環球郵報》等多家媒體推薦\n　　食衣住行育樂，都建立在金融之上，本書不說行話、不算公式、不看圖表，結合人文，教你活用金融原則，處理危機、愛情、婚姻、人際、失敗等問題，讓你過得更好！\n　　2008年金融海嘯後，金融貪婪、騙人的形象，累積社會的不滿，到現在仍令人避而遠之，金融市場也常被認為跟人文修養背道而馳，詆毀金融已是家常便飯，以為金融不能為世界帶來多少價值，背後也沒多大智慧。\n　　但哈佛商學院與法學院教授米希爾．德賽（Mihir Desai）指出，金融對於經濟和生活的影響處於重要的核心位置。\n　　金融活動隨處可見，從消費、教育、保險、退休、住房等各方面都是。\n　　2015年，他受邀到哈佛管理碩士班，進行畢業演講，題目為「金融的智慧」，用人文的角度釐清金融對於生活的問題，演講結束後，得到哈佛商學院畢業生的諸多迴響，因此催生了這本書。\n　　德賽教授從人文觀點透視金融概念，創造出獨特的對比：\n　　文學──《傲慢與偏見》作者珍．奧斯汀（Jane Austen）是風險管理的指導者\n　　藝術──美國當代藝術家傑夫．昆斯（Jeff Koons）是融資槓桿的倡導者\n　　電影──美國導演梅爾．布魯克斯（Mel Brooks）的《金牌製片人》闡述受託人的責任\n　　委託與代理的問題，生活中也到處可見，例如：工作、教養、投資……\n　　德賽發現，金融原則也為我們日常生活中的關鍵問題提供了答案──\n　　保險，是了解人生的核心架構，風險無所不在，但整體可預測\n　　現在大家對保險業務有負面印象，但過去他們曾是英雄，可以讓人獲得拯救。\n　　宗教的角度：不信神可是要永遠下地獄，難道值得冒這個險嗎？\n　　歷史的角度：年金是擔心活太久所提供的保險，卻引爆法國大革命？\n　　不懂「資本資產定價模式」？看看你的人脈就秒懂\n　　高β值資產：這些人脈都有目的、利害關係\n　　低β值資產：不管你發生什麼事，他們都會是堅定的朋友\n　　負β值資產：當你最困難時，這些人必定守護你，當你衝太快時，會想辦法拉著你\n　　如何創造「價值」，又該怎麼衡量？\n　　過去做了什麼不重要，未來才重要，所有價值都源自於未來。\n　　超額報酬，才是真正創造價值\n　　企業合併看戀愛關係\n　　婚姻是經濟利益的結合，歷史常見\n　　福特和凡士通的合作關係，沒一起解決問題，百年關係反而破裂\n　　「債」不只是金錢，還有人際牽絆\n　　槓桿，就是「借錢」，以承諾換取資源，也是舉債\n　　人生會做出一連串的承諾和槓桿，對配偶、子女、工作和社區……\n　　破產，讓人坦然面對失敗\n　　美國航空把破產當成重新談判的策略工具，最後反而全球最大的航空公司\n　　責任義務，是創造美好生活的條件\n　　本書猶如一堂跨越文學、歷史、哲學、音樂、電影和宗教的金融課，從人文角度來理解金融內涵的智慧，讓你順利操控生命中的風險與報酬，甚至可以讓每個人有能力抵抗貪婪的誘惑。好評推薦\n　　【國內專家推薦】（依姓氏筆畫排序）\n　　王伯達｜財經自媒體《王伯達觀點》\n　　市場先生｜財富專欄作家\n　　吳惠林｜臺灣經濟研究院研究員\n　　財報狗｜臺灣最大基本面投資平臺\n　　陳鳳馨｜News98財經起床號節目主持人\n　　雷浩斯｜價值投資者、財經作家\n　　劉瑞華｜清大經濟系教授\n　　螺螄拜恩｜暢銷作家\n　　謝金河｜財信傳媒集團董事長\n　　「讀這本書，讓入門者瞭解金融，讓金融人獲得智慧。」──王伯達，財經自媒體《王伯達觀點》\n　　「藉由理解本書的要點，充分用運你的天賦才能，隨著時間創造出理想的價值！」──雷浩斯，價值投資者、財經作家\n　　【學界領袖也推】\n　　「米希爾．德賽是個可以帶來財富的人，因為他是博學多聞的經濟學專家。在這本書中，他運用自己的才能為現代金融提供迷人的新視角，讓我們看到金融的重要觀念，也可以在文學和藝術中找到類似的概念。金融專業的學生如果用心在文藝上，而人文學科的學生研習金融，雙方都會學到許多珍貴的知識。」──奧利弗．哈特（Oliver Hart），二○一六年諾貝爾經濟學獎得主\n　　「米希爾．德賽這本深思熟慮的優秀著作，不只是讓我們更加理解金融在社會的作用，也揭示出它在道德和社會方面的影響。」──拉凱許．古拉納（Rakesh Khurana），哈佛學院院長\n　　「德賽為學門對話踏出實實在在的步伐……不管是金融家或學者，如果有更多人可以把這種精巧的經濟知識和對於人生的理解結合在一起，那就太好啦！」──蓋瑞．莫森（Gary Morson），泰晤士高等教育學院（Times Higher Education）\n　　「一位學養兼具藝術、文學、當代文化和金融理論的學者，米希爾．德賽不可思議地將這些世界融合在一起，在自己融會貫通之後，以引人入勝的獨特敘事方式，向我們介紹它們之間的深層關係。」──威廉．葛茲曼（William Goetzmann），耶魯大學管理學院國際金融中心主任\n　　「在本書裡，米希爾．德賽巧妙實現兩個目標：清晰解釋了金融的運作及其重要性，而且讓我們知道人文修養可以幫助我們更深入地了解生活和世界。」──克萊頓．羅斯（Clayton Rose），美國鮑登學院院長（Bowdoin College）\n　　【暢銷作家也推】\n　　「本書真是讓人驚嘆又著迷的博學，我們原本以為自己了解這個世界，但它其實所有道路都通向金融主題，尤其是保險。高度推薦！」──賽斯．高汀（Seth Godin），《紫牛》（Purple Cow）作者\n　　「在這個暢曉易解而機智詼諧的研究中，米希爾．德賽把金融和哲學、文學及人性本質揉合在一起，從法國大革命談到黑色電影，從機率分配說到英國小說家珍．奧斯汀（Jane Austen）和《辛普森家庭》（The Simpsons）。真是一場驚人的知識饗宴！」──賽巴斯汀．馬拉比（Sebastian Mallaby），《知者：艾倫．格林斯潘的生涯》（The Man Who Knew: The Life and Times of Alan Greenspan）作者\n　　「本書對全球經濟的貢獻，就像艾倫．狄波頓著作《擁抱似水年華》對法國文學貢獻一樣：為晦澀難解的主題帶來更多思考，同時點明它其實是你日常生活的核心。這是一個真正融合哲學與激情的創作，把艾德華．威爾森、傑夫．昆斯等思想家和藝術家的思考與經歷揉合在一起，讓我們了解如何做出正確的選擇。在這個混亂的世界中，每個人都應該閱讀米希爾．德賽這本非凡著作！」──利亞．卡本特（Lea Carpenter），《十一天》（Eleven Days）作者\n　　「整本書都好棒，而且讀起來很愉快。德賽向熱愛文學藝術的人介紹金融，又向熱衷經濟學的人介紹文藝。各位要是兩個都喜歡的話，那更是樂在其中，特別受用。我看書的時候不停喊著：『我懂了！我懂了！』這本書會讓你的精神生活更加豐富，也許物質生活也是。」──威爾．施瓦比（Will Schwalbe），《紐約時報》暢銷書《最後的讀書會》（The End of Your Life）作者\n　　「本書是難得一見的好書，既有啟發性又有趣。那些慣常受到醜化和片面描述的主題，如今是以人文思考的角度來檢視。各位會很高興跟米希爾．德賽共渡這些時間，也會想起幾個你希望與他們一起分享閱讀的人。」──蓋兒．雷蒙（Gayle Lemmon），《女兵團》（Ashley’s War）作者\n　　【商界領袖也推】\n　　「米希爾．德賽精闢運用金融世界的原創教訓，使我們都能過著更安全、更愉快也更幸福的生活。他從歷史和現實經驗中引用無數案例，深入淺出地介紹金融基本概念，豐富並改善我們的生活。」──比爾．喬治（Bill George），醫療科技公司美敦力（Medtronic）前董事兼執行長\n　　「對於我們這些長久以來認為金融不只是個謀生好領域的人，米希爾．德賽這本書揭開了神祕面紗，讓我們知道理解人文學科也可以提高我們金融業者的效率，並且在這個過程中添加許多歡樂。」──拜倫．韋恩（Byron R. Wien），黑石集團（Blackstone Group）副董事長\n　　「本書是對金融感興趣或想要從事金融業的人必須一讀的好書。米希爾的淊淊雄辯為我們地追溯現代金融體系的產品、服務與實務，揭示出文學在這方面的背景和描繪。對於這個眾說紛紜的主題而言，這真是個令人耳目一新的好辦法！讓金融從業人員重新獲得讚賞（和理解），了解自己在公司、在這個行業以及在整體經濟中扮演了什麼角色。」──維克拉姆．潘偉迪（Vikram Pandit），歐羅根集團（The Orogen Group）董事長兼執行長、美商花旗集團（Citigroup）前執行長\n　　【國外媒體也推】\n　　「這是一本迷人、振奮又好看的書，對於金融業以外的人來說，是一本很棒的教學工具書；對金融從業人員來說，是非常需要的告誡與提醒，可能還是個勉勵。」──吉蓮．邰蒂（Gillian Tett），《金融時報》（Financial Times）執行主編\n　　「深入淺出……哈佛大學經濟學家德賽是個典型的博學讀者，從特羅洛普、漢密特等作家的著作中看到了融資槓桿和選擇權理論等概念。」──《紐約客》（The New Yorker）雜誌\n　　「一本觸類旁通、異常振奮人心的新書……德賽透過他的雄辯與解釋，實際上是一個消解敵意和啟發的過程。」──英國精品電商平臺Mr. Porter\n　　「那些原本就熟悉金融界的人會得到不同的解讀觀點，而對我們其他人來說，德賽給了一個入門階。」──《波士頓環球報》（The Boston Globe）\n　　「這本精緻而博學的書……為金融外行人提供非常珍貴的說明，又讓金融從業人員拓展了藝術視野。德賽這套辦法擴大且豐富了我們的觀點。」──《出版人週刊》（Publishers Weekly）\n　　「藉由文學、歷史和哲學的連結，德賽喚起深度共鳴。這是一部大膽又有趣的創作，金融從業人員和一般大眾都能學到許多經驗和教訓。」──《環球郵報》（The Globe and Mail）', '今周刊 ', '2018-03-29', '繁體中文', '商業理財', 'http://im1.book.com.tw/image/getImage?i=https://www.books.com.tw/img/001/078/20/0010782050.jpg&v=5aa656b4&w=348&h=348', '9789869605915');
INSERT INTO `book` VALUES ('1547', '139', '0010784516', 'Only Sense Online 絕對神境(11)', 'アロハ座長', '　生態：最近感覺太懶散而運動不足，所以做起了深蹲運動。飯前、飯後，以及等待微波加熱的時間都做一組15下。這是我目前為止持續最久的運動。\n\n　　閒聊：久違地去電影院看了３Ｄ電影。對於ＣＧ技術的感想，一言以蔽之就是進步驚人，同時完全跟不上這種進步的我這名觀眾也被徹底震懾了。ＣＧ做出來的假想生物真的很有魅力，好惹人憐愛啊。', '「畢竟，我從一開始就決心要貫徹支援者的角色了。」\n\n　　「ONLY SENSE ONLINE」──這是一款需要玩家拼湊、組合名為【天賦】的能力，以獨一無二之強悍為目標的VRMMORPG。', '尖端 ', '2018-04-20', '繁體中文', '輕小說', 'http://im1.book.com.tw/image/getImage?i=https://www.books.com.tw/img/001/078/45/0010784516.jpg&v=5acde3e2&w=348&h=348', '9789571080963');
INSERT INTO `book` VALUES ('1548', '140', 'F014058860', 'The Undoing Project: A Friendship That Changed Our Minds', ' Lewis, Michael', null, '《大賣空》《魔球》《攻其不備》暢銷作者Michael Lewis\n 　　2016年感人鉅作，再創高峰\n　　在《魔球》，他呈現了傳奇人物比利．比恩， 運用球員數據分析，帶領運動家隊巔覆棒壇的歷程。\n　　來到《大賣空》，則談論在2008年金融風暴來襲前，當多數投資人還一頭熱。一群另類的投資怪咖早就冷靜預見崩盤危機，大膽採取行動的精彩故事。\n　　Michael Lewis的作品裡，不僅可以發現他對於社會中特立獨行的人物懷抱著高度興趣，更可以看見他持續關注同一個主題：\n　　為什麼人，時常會忽略眼前明顯的數據或事實，寧願相信自己的直覺行事？\n　　這次，當代絕佳的故事家Michael Lewis終於要碰觸促成他寫作的核心思維，為讀者帶來促成這一切最重要的人物與他們深摯的友情故事－\n　　快思慢想的作者，諾貝爾經濟獎得主Daniel Kahneman；與他的長年好友及學術夥伴Amos Tversky\n　　他們的學術成果不僅奠定當代行為經濟學的基礎，促成快思慢想一書的誕生。影響範圍更拓及大數據研究、實證醫學與政策制定。\n　　而這些輝煌成就，都與這兩個智慧靈魂間的深厚友誼緊密相連Daniel Kahneman與Amos Tversky－\n　　當代行為經濟學教父，學術星空裡孿生般的智慧雙子星\n　　在約莫40年前，兩位以色列籍的心理學者Daniel Kahneman與Amos Tversky共同進行了一系列的研究。他們的研究顛覆了人們對於過往決策過程(decision-making process)的理解，推翻了「人是理性主體」的預設。發現在許多不確定的情境下時，人的判斷會系統性地受到情感、風險等因素的影響，促使我們作出不合理性的決策。\n　　基於這些系統性的研究，讓人們得以窺見人類心智更真實的面貌。把人還原為有情感有血淚的主體，而不僅是受邏輯支配的機器。因此催生了行為經濟學的發展。Kahneman也由於這些學術貢獻，於2002年獲得諾貝爾經濟學獎的至高肯定。Kahneman與 Tversky不光是兩位重要的學者，他們的生命故事也同樣精采感人。\n　　Tversky是一位外向的學者，無論駐足任何場合都必是焦點所在；相對Kahneman身為過去納粹統治下的難民，個性內向且時常受自我懷疑所困。兩個截然不同的靈魂彼此碰撞，卻成為了最佳的合作夥伴，最相知的知識孿生體，甚至由於無法確定理論的概念來自誰，便擲銅板決定誰掛名為論文的主要作者。2002年Kahneman獲獎時(當時Tversky已於1996年過世)，便曾發表感言表示，榮獲諾貝爾獎就如同聯合受獎一般，表彰的是他與Kahneman與 Tversky共同的學術成就。\n　　From Michael Lewis, the No.1 bestselling author of The Big Short and Flash Boys, this is the surprising and profound story of the two men whose ideas changed the world.\n　　Daniel Kahneman and Amos Tversky met in war-torn 1960s Israel. Both were gifted young psychology professors: Kahneman a rootless son of holocaust survivors who saw the world as a problem to be solved; Tversky a voluble, instinctual blur of energy. In this breathtaking new book, Michael Lewis tells the extraordinary story of a relationship that became a shared mind: one which created the field of behavioural economics, revolutionising everything from Big Data to medicine, from how we are governed to how we spend, from high finance to football. Kahneman and Tversky, shows Michael Lewis, helped shape the world in which we now live - and may well have changed, for good, humankind\'s view of its own mind.', 'W W Norton & Co Inc', '2017-10-31', '英文', '自然科普', 'http://im1.book.com.tw/image/getImage?i=https://www.books.com.tw/img/F01/405/88/F014058860.jpg&v=59f0efbe&w=348&h=348', '9780393354775');
INSERT INTO `book` VALUES ('1549', '141', '0010581841', '護理崩壞！醫療難民潮來襲', ' 盧孳艷、邱慧洳、蘇柏熙 等', '台美國密西根大學護理哲學博士，現任陽明大學教授，臺灣護理產業工會理事長，於台灣2002年面臨SARS期間護理人員的犧牲而組織啟動護理勞動權益運動，以性別研究及婦女運動之精神，為提升護理勞動條件而努力。\n 　　相關著作\n 　　《護理崩壞！醫療難民潮來襲》邱慧洳\n 　　100年律師高考及格，98年書記官錄取。耶魯大學護理博士、東吳大學法學碩士、政治大學法學博士班進修中，現任國立台北護理健康大學通識教育中心助理教授。\n 　　相關著作\n 　　《護理崩壞！醫療難民潮來襲》蘇柏熙\n 　 　中國醫藥大學護理系學士、台北護理健康大學護理系研究所專科護理師組研究生，中國醫藥大學附設醫院急診護理師、急診專科護理師，現任彰化基督教醫院急診 專科護理師，急診外傷訓練(ETTC)、BLS、PALS指導員，臺灣護理產業工會理事、台中市義勇消防隊員。合著有《醫療崩壞！沒有醫生救命的時代》一 書。\n 　　相關著作\n 　　《護理崩壞！醫療難民潮來襲》亮亮\n 　　高醫醫學系畢業，醫勞盟發起人之一。現為醫師、皇冠雜誌專欄作家，撰寫「閃亮每一天」專欄。合著有《醫療崩壞！沒有醫生救命的時代》一書。Facebook粉絲專頁：我是亮亮www.facebook.com/Shinyrabbit2蔡秀男\n 　 　醫勞盟法律顧問。國立臺灣大學法律研究所博士班，高雄醫學大學藥學系∕學士後醫學系∕醫學研究所/臨床醫學碩士，國立高雄大學法律研究所∕法學碩士，司 法院司法人員研習所講座，現任高雄市立聯合醫院泌尿科主治醫師，中華民國醫師公會全聯會法律智庫委員，台灣醫療勞動正義與病人安全促進聯盟醫勞盟成員，台 灣醫療紛爭調解與仲裁研究臉書社團管理員。合著有《醫療崩壞！沒有醫生救命的時代》一書。\n 　　相關著作\n 　　《護理崩壞！醫療難民潮來襲》劉育志\n 　 　外科醫師，筆名：小志志。執筆《皇冠雜誌》、《蘋果日報》專欄，並為《商業周刊》專欄部落格之簽約作者。著有《外科失樂園》(平裝本出版)、《刀下人 間》(時報出版)、《醫療崩壞：烏托邦的實現與幻滅》、《公主病，沒藥醫！》(以上兩書皆華成出版)，並合著有《醫療崩壞！沒有醫生救命的時代》一書。網 誌：《外科失樂園》surgeon.pixnet.net；FaceBook粉絲專頁：www.facebook.com/chihchihworld；信箱：ChihChihWorld@gmail.com。\n 　　相關著作\n 　　《護理崩壞！醫療難民潮來襲》方瑞雯\n 　 　家醫與安寧緩和專科醫師，目前執業中。個人自我評價並不是非常有理想衝勁，或胸懷遠大志向的佼佼者。身邊的人都知道：我個性懶散，只要擁有穩定工作以及 安靜生活就覺得很不錯。簡言之，我只是一個隨處可見、非常平凡的醫療工作者。合著有《醫療崩壞！沒有醫生救命的時代》一書。\n 　　相關著作\n 　　《護理崩壞！醫療難民潮來襲》白映俞\n 　　外科醫師，也是家中三歲牛寶寶的好同學。平日從事業餘翻譯及寫作，作品發表於《外科失樂園》網站。合著有《醫療崩壞！沒有醫生救命的時代》一書。\n 　　相關著作\n 　　《護理崩壞！醫療難民潮來襲》吳靜芬\n 　　心臟內科醫師，中華民國心臟學會預防醫學委員會委員。生於臺灣、長於臺灣的雌性哺乳類動物，特徵是淚腺發達，年紀不小。熱愛所有一切能讓臺灣更美好的事物。合著有《醫療崩壞！沒有醫生救命的時代》一書。\n 　　相關著作\n 　　《護理崩壞！醫療難民潮來襲》', '或許你跟我一樣不解，為什麼北門醫院暗夜的一把火，卻會演變成台灣醫療史上最慘重的事故？\n\n　　為什麼台灣擁有被國際高度讚譽的全民健保，但台灣人民卻連張病床也排不到，甚至得像難民一樣躺在醫院地板上被急救？\n\n　　為什麼台灣的醫院外觀愈蓋愈豪華，設備愈來愈先進，但病房卻一間間關閉，醫院甚至面臨倒閉危機？\n\n　　這是因為病床設置容易，但卻沒有足夠的、有經驗的護理人員能夠提供照護。', '貓頭鷹', '2013-04-11', '繁體中文', '醫療保健', 'http://im2.book.com.tw/image/getImage?i=https://www.books.com.tw/img/001/058/18/0010581841.jpg&v=515429c8&w=348&h=348', '9789862621394');
INSERT INTO `book` VALUES ('1550', '142', '0010782931', '田安石的低醣餐桌：餐餐無米、無麥不加糖；麵包、主食、甜點滿足吃到飽！', '田安石(Ann) ', '2017年博客來年度百大暢銷榜作家\n　　誠品、金石堂暨各書店熱銷書作家\n　　旅居紐約企業管理歸國學人及低醣料理研究家\n　　法商珠寶集團與美國道瓊成分股之中高階主管\n　　出生於台南，小學常常躲在衣櫥裡逃學，等爸媽上班出門以後再跑出來玩，自己辦家家酒一天，中午還真的煮飯給自己吃。\n　　目前定居台北，不翹班不遲到不早退，夢想是一面安實生活，一面創作，如卡爾‧榮格（Carl Gustav Jung）所說的：「創意不是來自智力，而是源自於內在本質的需求，在鍾愛的奇幻魔法世界中玩得不亦樂乎！」\n　　著作：《田安石的低醣廚房》', '　身體健康的議題在現今社會的必要性日益居高，研究低醣飲食對於疾病的預防有不可或缺之必要，期許提供給社會大眾一個能吃飽能減重又能更健康的完整方案，從食材嚴選到食譜定案，從麵包到主食，創新巧思與專業手法並濟，跳脫思維框架，獨樹一格，把不可能變成唾手可得。', '日日幸福 ', '2018-04-11', '繁體中文', '飲食', 'http://im2.book.com.tw/image/getImage?i=https://www.books.com.tw/img/001/078/29/0010782931.jpg&v=5abb6f26&w=348&h=348', '9789869583886');
INSERT INTO `book` VALUES ('1551', '143', '0010759037', '童話心理學：從榮格心理學看格林童話裡的真實人性', '河合隼雄 ', '生於兵庫縣。\n　　京都大學理學院畢。臨床心理學家。\n　　京都大學名譽教授。國際日本文化研究中心名譽教授。\n　　自瑞士榮格學院留學歸國後，於日本建立起榮格派心理療法。', '跳脫出童話的幻想框架，\n　　河合隼雄以榮格心理學帶領讀者走進人性裡的真實，\n　　直視靈魂深處！\n　　以格林童話為題，深入淺出介紹榮格心理學，\n　　帶領你探索潛意識，得以自我實現！§靈魂深處暗藏著什麼樣的「自己」？\n　　看似怪誕荒謬的童話，角色互動之中隱藏的細節，充滿了許多耐人尋味的議題：生與死、親與子、父性與母性、男人與女人……在在暗藏著潛意識的運作。\n　　本書在某程度上，依序顯示了自我實現（self-actualization）的過程，並透過童話思考人的生存方式，提引出就連你自己也從未見過的「自己」。§女人啊女人，多少罪惡假汝之名！\n　　〈漢賽爾與葛麗特〉裡自私的後母、〈薔薇公主〉中充滿報復心的仙女、可怕的〈特魯德夫人〉，為什麼故事的反派大多數是女人？\n　　母性有著生產與死亡的兩面：擁有生產孕育的正面，以及將一切吞噬致死的負面。而人類母親的內在，也具有這種傾向，有護子而奮不顧身者，卻也有殺子為求生存者……藉由「母性」的探討，我們可以找出答案。　§愛拚不一定才會贏，而是坦然接受命運！\n　　〈三個懶人〉告訴你，廢柴也能出頭天！\n　　勤勞苦拚或許可以獲得成功，但人生苦短，活著有時就要懂得坦然滿足於自己的命運。不去想自己該為了什麼而活的生存方式，究竟有多偉大？這就是「無為」的思想。看似無為或無用，實則保持了某種程度的穩定性。　§問世界，愛情啊！男女之間，總像一道又一道的謎。\n　　〈謎題〉公主出招，王子則見招拆招──\n　　榮格將被個人的自我否定、難以接受的所有一切，稱為個人的「陰影」。若將故事裡王子與公主的關係視為現實生活中的男女關係，會讓人想起陰影的介入也時常發生在男女之間。對男性而言，女性是謎；對女性來說，男性也是謎。當兩個人因這樣的不可理解而感到焦慮、憤怒時，就會轉移到陰影的關係。§格林童話中深藏的醍醐──\n　　‧青春期是命運的時期。\n　　‧個人的成長經常是死亡與重生的輪迴。\n　　‧沒有伴隨危險的創造是不可能存在的。\n　　‧自我是人類意識的中心，作為其主體性的存在。\n　　‧沒有任何武裝的好奇心，只會領人走向沉淪的道路。\n　　‧物質性過度保護的背後，往往潛藏著人類愛的欠缺。\n　　‧美麗的事物，不僅無法簡單入手，也附帶有許多的困難。\n　　‧以往的最高原理已崩解，唯有透過引進新的原理，才能進行真正的更新。\n　　‧人心具有讓性質相反的事物相互補足彼此的欠缺，藉此塑造出一個整體性的傾向。\n　　‧我們對於英雄總會硬加上理想意象，與英雄意象不符的屬性，便會以圍繞在其周遭的方式來呈現。名人推薦\n　　王浩威／台灣榮格發展小組召集人、呂旭亞／諮商心理師‧榮格心理分析師、鄧惠文／榮格治療分析師‧精神科醫師、蘇絢慧／諮商心理師‧心理叢書作家──驚嘆推薦！（依姓氏筆畫排列）', '遠流 ', '2017-07-27', '繁體中文', '心理勵志', 'http://im2.book.com.tw/image/getImage?i=https://www.books.com.tw/img/001/075/90/0010759037.jpg&v=59689d5f&w=348&h=348', '9789573280279');
INSERT INTO `book` VALUES ('1552', '144', '0010784202', '掃墓：禁忌錄', '笭菁 ', '文字海裡的雙魚。\n　　喜歡在海裡恣意悠游，希望每個吐出的泡泡都是繽紛的故事，愛情、勵志、靈異、驚悚、奇幻……大海多詭，笭菁也多變。\n　　靠著廣大天使讀者們以愛餵養，這條魚才能活得豐富且精彩！\n　　嗜電影、美食、遊玩，秉持人生就該以快樂為目的，也願世間每個人都能擁有純粹的快樂。\n　　信箱：linea.novels@gmail.com\n　　噗浪：www.plurk.com/lineanovels\n　　部落格：linea.pixnet.net/blog\n　　粉絲專頁：www.facebook.com/lineanovels', '　祭祖掃墓時，可得注意腳下，\n　　因為，你永遠不知道自己是不是不小心踩過了「什麼」……\n　　他吃我供品，我就讓他活活餓死，當我供品！\n　　金石堂文學排行榜｜博客來華文年度暢銷作家｜\n　　華文靈異天后笭菁最新創作，讓你『不敢不信邪』！\n　　．《惡童書》系列金賞繪師 Fori精心繪圖\n　　□\n　　入厝事件後，\n　　小薰和蘇皓靖在小薰姊姊的介紹下，到山裡的小廟清修。\n　　下山的那天，蘇皓靖準備送小薰返家；\n　　但才到山腳兩人就被強烈的不安感襲擊，\n　　果然，沒多久國道就發生嚴重的連環車禍，\n　　兩人靠著強大的第六感，以小擦撞換得躲過一劫，\n　　沒想到，被撞的車主居然是被蘇皓靖稱作「活動神主牌」的阿瑋。\n　　也因為這一撞，讓他們和阿瑋的大學同學——彭重紹有了牽連。\n　　而彭重紹一家，打從掃墓後就再也沒安寧過……\n　　他打開整理箱的蓋子，只見箱子裡血跡斑斑，\n　　十幾隻倉鼠屍橫遍野，屍塊遍佈，全都是咬囓傷。\n　　此時，他留意到角落有塊毛球在蠕動。\n　　說時遲那時快，那倉鼠竟跳了出來！\n　　「哇啊──」他直接嚇得往後倒，\n　　眼前只看見那猙獰……對！\n　　猙獰的倉鼠，張開滿是鮮血的利齒朝他撲上！', '春天出版社 ', '2018-04-17', '繁體中文', '文學小說', 'http://im1.book.com.tw/image/getImage?i=https://www.books.com.tw/img/001/078/42/0010784202.jpg&v=5acb40c1&w=348&h=348', '9789579609333');
INSERT INTO `book` VALUES ('1553', '145', '0010778481', '根治飲食帶你遠離慢性病：76種常見慢性病 × 74種老化症狀全面預防療癒對策', '賴宇凡', '●美國NTA認證自然醫學營養治療師\n　　●美國加州大學婚姻與家庭問題諮商及學校心理諮商雙碩士\n　　●美國傅爾布萊特學者（Fulbright Fellow）\n　　●知名暢銷作家\n　　出生於台灣，原本從事心理健康工作，曾擔任美國加州大學心理諮商講師、中國華東師範大學特約心理諮商師及講師。擔任心理諮商師期間，發現心理及情緒問題與食物有緊密關聯，因而轉換跑道投入自然醫學領域，成為美國僅有兩千名的NTP自然醫學營養治療師。\n　　已出版七本暢銷書：《守衛你的情緒界線》、《28天超便利根治飲食法》、《【超圖解】慢卡路里讓你瘦》、《要瘦就瘦，要健康就健康》、《身體平衡，就有好情緒！》、《吃出天生燒油好體質》以及《瘦孕、順產，讓寶寶吃贏在起跑點》。\n　　每本書一出版即空降博客來、誠品、金石堂暢銷排行榜，並於2015、2016、2017連續三年榮登博客來年度華文暢銷作家。YouTube單支影片超過623萬人次觀看。', '有效預防及改善慢性病，就從均衡美味不復胖的根治飲食開始！\n 全彩照片+秒懂插畫，76種常見慢性病 × 74種老化症狀超圖解！40歲後，你也有這些疑難雜症嗎？\n　　●一進入中年就膨脹發福，肚子屁股瘦不下來。\n　　●天天吞維他命D和鈣片，骨質疏鬆仍然找上門。\n　　●按時服用胃藥，「火燒心」卻變本加厲。\n　　●每天吃大量水果補充維他命C，牙齦還是發炎紅腫。\n　　●三餐都是無油高纖五穀飯配地瓜和精力湯，卻得了脂肪肝。\n　　●長期服用益生菌，大便放屁還是很臭。\n　　●下重本用最貴的精華液和保溼霜，皮膚仍然嚴重缺水。\n　　●眼藥水和人工淚液不離手，乾眼症仍然好不了。\n　　●健檢報告有看沒有懂。沒有紅字就all pass了嗎？\n　　●拚命跑馬拉松卻愈跑愈胖，怎樣才能讓身體「燒油」？慢性病 × 初老症，和你想的不一樣！\n 　　●大部分的病，是吃出來的。\n 　　●蛋白質攝取不夠，會導致失眠和夜尿。\n 　　●你所吃的油，決定你的排毒力！\n 　　●惱人的耳鳴，可能是腸菌失衡造成。\n 　　●低血糖和高血糖一樣危險，兩者都是吃太多糖的後果。\n 　　●老年憂鬱症，往往是消化出了問題。\n 　　●做菜不加鹽，對控制血壓完全無效。\n 　　●膽固醇攝取不足不但影響排毒，而且很可能引發健忘和失智。\n 　　●酸性體質的元凶，不是大魚大肉而是精緻澱粉。\n 　　●水喝得不夠，會導致胃潰瘍和高血壓。\n 　　●胃潰瘍、胃食道逆流並非胃酸過多，而是胃酸不足。\n 　　●高糖飲食加速老化和皺紋。\n 　　●大吃水果，小心肝指數飆高。\n 　　●吞鈣片補鈣，補不到鈣而且狂抽筋！\n　　暢銷作家 × 食療天后賴宇凡，首度針對76種常見慢性病 × 74種老化症狀說清楚、講明白；\n　　「年紀大」≠「生病」，從日常保養到病症改善，根治飲食讓你把健康和青春吃回來！\n　　※【宇凡獨家食療妙方】※\n　　● 蛋黃含有豐富葉黃素，吞膠囊不如多吃蛋。\n　　● 吃皮補皮，吃骨補骨，吃蛋補腦。\n　　● 早餐首重蛋白質，甜點要在午餐吃，晚餐盡量少吃糖。\n　　● 和姊妹淘下午茶聚會之前，別忘了先吃鹹酥雞！\n　　● 吃得均衡營養，皮膚自然Q彈凍齡。\n　　● 根治飲食＝解放限制 × 享受生活', '天下文化', '2018-02-09', '繁體中文', '醫療保健', 'http://im2.book.com.tw/image/getImage?i=https://www.books.com.tw/img/001/077/84/0010778481.jpg&v=5a70493b&w=348&h=348', '9789864793235');
INSERT INTO `book` VALUES ('1554', '146', '0010747677', '恐怖的自體免疫疾病療癒聖經：你根本就不知道你也得了這種病', '莎拉‧巴倫汀', '莎拉‧巴倫汀二十六歲時獲得西安大略大學生物醫學物理博士學位。接下來的四年中，她在聖米迦勒醫院及亞利桑那大學從事先天性免疫、發炎反應、重症醫學、基因療法，以及上皮細胞生物學的研究，之後則轉型為家庭主婦，這一決定產生的動機主要肇因於她當時糟糕的健康狀況。\n　　\n　　在她的二女兒誕生後，巴倫汀博士開始實驗「原始飲食生活」。這對她的健康帶來令人驚嘆的效果，直接使她的體重減輕了近五十五公斤。隨著時間的推移，她由一連串的身體不適清單，包括大腸激躁症、胃食道逆流、偏頭痛、焦慮、哮喘、過敏、牛皮癬，以及扁平苔蘚此一自體免疫皮膚問題中自我康復痊癒。\n　　\n　　身為一個醫學研究人員、科學家，莎拉博士對於理解食物與腸道、免疫系統、激素如何影響健康深感興趣，不僅如此，她也對日常生活（如睡眠、壓力和活動）對人體的影響充滿好奇。憑藉著這股熱情和專業的科學素養，她將健康科學概念轉化為簡單易懂、深入淺出的文字，致力於分享改善公眾健康的訊息。\n　　\n　　莎拉博士著有數本《紐約時報》暢銷書：《恐怖的自體免疫疾病療癒聖經》、《原始飲食生活攻略食譜》、《療癒廚房》。', '醫學博士親身實踐，\n原始飲食是對免疫系統最有利的吃法！\n\n別再讓原本不該流行的疾病肆虐全球！\n不只扭轉自體免疫疾病和各種慢性病，\n矽谷IT菁英、好萊塢明星、超模、運動員和海豹特種部隊等，\n都在追隨的高密度營養飲食方案！', '柿子文化', '2017-04-24', '繁體中文', '醫療保健', 'http://im2.book.com.tw/image/getImage?i=https://www.books.com.tw/img/001/074/76/0010747677.jpg&v=58cbbacc&w=348&h=348', '9789869431231');
INSERT INTO `book` VALUES ('1555', '147', '0010781615', '關於我轉生變成史萊姆這檔事 (9)', ' 伏瀬 ', '　上班族。\n\n　　在「成為小說家吧（小説家になろう）」投稿《關於我轉生變成史萊姆這檔事》，之後以同名作品正式出道為作家。\n', '坦派斯特開國祭終於開始了！\n　　利姆路與底下的魔物都賣力規劃活動，\n　　例如音樂會、令技師垂涎的研究發表會，\n　　甚至還有充當巨型娛樂設施的大型迷宮，在在都令來客驚訝連連。', '台灣角川 ', '2018-04-12', '繁體中文', '輕小說', 'http://im2.book.com.tw/image/getImage?i=https://www.books.com.tw/img/001/078/16/0010781615.jpg&v=5abe11cf&w=348&h=348', '9789575641382');
INSERT INTO `book` VALUES ('1556', '148', '0010583866', '金融大騙局：誰偷走你的血汗錢', ' 林育詩、葉佛和', '林育詩\n\n　　知名財經部落格「柏克希爾哈薩維」版主\n　　柏克希爾貴金屬集團 創辦人\n\n　　曾任本土及外商銀行理專、不動產經紀人、傳銷業、開過餐廳。\n　　2005年起離開職場，開始專職投資人的生涯。\n\n　　2007年開始於網路發表投資理財類文章，主要針對財務報表分析、房地產投資、期權策略等。在經過多年的股海沉浮之後，驚覺到世界金融規則的不平等，遂開始專心研究世界的金融歷史，以及種種的金融潛規則。\n\n　　2009年開始發表關於世界金融真相之文章，並於同年創立柏克希爾貴金屬，目前營業範圍遍及台灣、香港、上海、馬來西亞，年總交易金額逾十億新台幣。\n\n　　著有《別怕創業》一書。\n\n葉佛和\n\n　　鋒葉國際有限公司 創辦人\n　　馬來西亞華僑，出生於怡保，目前定居於台灣。\n\n　　台灣大學機械系畢業後，因緣際會在四年前開始跟隨國際大師的腳步學習，包括《富爸爸窮爸爸》作者羅勃特清崎、富爸爸集團顧問布萊爾辛格、麥克馬龍尼、《有錢人想的和你不一樣》作者哈福艾克等國際知名導師。對於經濟歷史、趨勢和「金錢」等議題有著濃厚的興趣和研究。喜歡獨立思考，不太願意接受一般傳統的價值觀，認為人生應該要由自己開創，因此於畢業後踏上自行創業的道路。', '原來這世界真正的金錢遊戲法則，\n　　和我們以往所認知的完全不一樣！\n　　各種不同的騙局早已融入我們的日常生活\n　　一直在竊取我們辛苦工作的血汗錢。', '布克文化', '2013-04-27', '繁體中文', '商業理財', 'http://im1.book.com.tw/image/getImage?i=https://www.books.com.tw/img/001/058/38/0010583866.jpg&v=516e5dab&w=348&h=348', '9789866278761');
INSERT INTO `book` VALUES ('1557', '149', '0010773837', '任何股票都能翻倍賺的多空雙作線圖獲利法', '相場師朗 ', '股票專業職人，現任專業操盤手。20歲起開始從事股票買賣，已有35年經驗。以股票為業，用自己的錢做各種投資，範圍遍及國外。\n\n　　不僅在日經廣播電台主持《相場師朗的股票教室》，也常在「晨星」等大型投資研究公司或大型證券公司擔任講師。授課的研討會經常座無虛席，某些講座得排隊十個月左右才能報得到，一日研討會的酬勞破一千萬圓。他真誠而實用的講授內容，獲得熱烈的支持，甚至連專業投資人都是他的學生。', '你是否想透過股票賺錢，卻不知該從哪開始？\n　　你是否害怕一買就跌、一賣就漲？\n\n　　股票獲利超過100億日圓的專業操盤手相場師朗告訴你：\n　　透過「解讀圖表」，不需要大量閱讀國際情勢、公司業績或社會情勢等資訊；\n　　透過「部位操作」，就能提前布局每一波漲跌，同時大幅降低風險。', '今周刊', '2018-01-04', '繁體中文', '商業理財', 'http://im2.book.com.tw/image/getImage?i=https://www.books.com.tw/img/001/077/38/0010773837.jpg&v=5a3252db&w=348&h=348', '9789869551755');
INSERT INTO `book` VALUES ('1558', '150', '0010778411', 'TOEIC L&R TEST多益聽力解密（2018新制）（附4國口音MP3）', ' 早川幸治, Paul Wadden, Robert Hilke ', '早川幸治\n\n　　現為日本各大企業英語培訓講師，任教於日本明海大學及櫻美林大學。專研TOEIC測驗，迄今已為超過100家企業開設TOEIC課程。TOEIC 990滿分紀錄保持人，每回TOEIC測驗必定應考，依據出題方向提供高效率的應考對策，廣受考生好評。著有多本TOEIC相關書籍。\n\nPaul Wadden, Ph.D.\n\n　　美國伊利諾州州立大學英美文學博士。現為日本國際基督教大學高級英語教育課程副教授。身兼作家、文學學者身分，除了為《紐約時報》、《華爾街日報》、《華盛頓郵報》等知名報章雜誌撰寫專欄，並定期於〈TESOL Quarterly〉、〈College Composition〉、〈College Literature〉等期刊發表語言教育相關論文。著作豐富，有超過50本TOEIC及TOEFL等應試對策教材。\n\nRobert Hilke\n\n　　美國加州大學語言學碩士。現為日本各大企業英語培訓師，曾任日本國際基督教大學專任講師。每年有超過250天為國際大型企業舉辦英語培訓營。1984年開始，持續在日本各地舉辦TOEIC及TOEFL相關講座。著作豐富，有超過90本TOEIC、TOEFL及GRE等應試對策教材。', '沒有誇張渲染的文案，只有紮實精確的題型解析，\n沒有一蹴可幾的備考方法，只有事半功倍的學習方式。\n眾文「多益解密」系列，為考生規劃──\n密集7日學習進度 + 18種聽力題型解析和對策！\n外加考生自己「反覆不斷的練習」\n輕鬆破解600~800分的祕密！', '眾文', '2018-02-10', '繁體中文', '語言學習', 'http://im2.book.com.tw/image/getImage?i=https://www.books.com.tw/img/001/077/84/0010778411.jpg&v=5ae99370&w=348&h=348', '9789575325053');
INSERT INTO `book` VALUES ('1559', '151', '0010520239', '我無罪', '史考特．杜羅', '世界知名作家，創作了多部關於法律的暢銷作品，授權翻譯二十五種語文，全球銷量達25,000,000冊，並曾獲改編成電影及戲劇。杜羅現在與家人居住在芝加哥城外。\n\n　　杜羅也是美國一家知名法律事務所的合夥律師，憑著專業知識和擷取題材的便利性，多年來一直是美國暢銷法律小說作家。杜羅根據自己當律師和檢察官的閱歷和經驗，迄今共寫出八部小說和兩部非小說作品，其中四部小說被改編成電影，包括他的處女作《無罪的罪人》（Presumed Innocent），主演者為影星哈里遜福特。另一部《個人傷害》（Personal Injuries）曾被《時代》雜誌評為「一九九九年最佳長篇小說」。\n\n　　《紐約時報》書評曾多次盛讚他是當今法律驚悚小說第一人，作品的藝術性已不能單以類型小說觀之。', '年輕時見人犯罪他覺得憤怒，現在見人犯罪他卻感到悲哀。\n　　吃法律這行飯的人，就是在等人犯錯吧！\n　　有時他不禁懷疑，定罪懲罰的意義到底在哪裡？\n　　是要警告那些快失控的人？還是要證明為惡者必將付出代價？', '商周出版', '2011-10-07', '繁體中文', '文學小說', 'http://im2.book.com.tw/image/getImage?i=https://www.books.com.tw/img/001/052/02/0010520239.jpg&v=4e859cee&w=348&h=348', '9789862720318');
INSERT INTO `book` VALUES ('1560', '152', '0010661480', '馬雲給年輕人的12堂求生課：今天很殘酷、明天更殘酷、後天會很美好。〔特別收錄5場精彩演說全文〕', ' 張燕', null, '許多年輕人都覺得很迷惘、很徬徨。我也曾經徬徨，投過三十多封履歷都沒有企業錄取。但如果沒有經過這三十幾年的彷徨，就沒有今天的馬雲。\n\n　　年輕人，也許你父母看不上你，你老闆看不上你，但你要學會欣賞自己。今天很殘酷、明天更殘酷、但後天會很美好。可是大部份人都死在明天晚上，他不可能看到後天的太陽。所以你要不斷改變自己，讓自己今天活得好、活得強，才能看到後天的太陽。', '時報出版 ', '2015-01-12', '繁體中文', '商業理財', 'http://im1.book.com.tw/image/getImage?i=https://www.books.com.tw/img/001/066/14/0010661480.jpg&v=54a12d90&w=348&h=348', '9789571361475');
INSERT INTO `book` VALUES ('1561', '153', '0010784060', '堀與宮村(11)', ' 萩原ダイスケ, ＨＥＲＯ  追蹤作者', '萩原ダイスケ\n\n　　日本女性漫畫家。\n　　負責《堀與宮村》的作畫部分。\n\nＨＥＲＯ\n\n　　日本漫畫家。\n\n　　畢業於JAM日本動畫漫畫專門學校藝術設計研究科。2007年創立網站「読解アヘン」，開始連載《堀同學與宮村君》（暫）。\n\n　　2008年開始在GANGAN ONLINE連載漫畫《淺尾同學和倉田君》（暫）。\n\n　　而後也持續在各領域刊登連載與短篇漫畫。', '青春──超微碳酸系！！\n　　不肯明確表示對透的感情是愛情還是友情，態度曖昧的由紀。\n　　但是對透而言，他相當珍惜與難以理解的由紀一起度過的，難以理解但平穩的日子…\n　　高３最後一個學期，平淡無奇卻又令人揪心的時光。\n　　大受歡迎的超微碳酸系校園生活第11集！\n', '青文 ', '2018-04-12', '繁體中文', '輕小說', 'http://im1.book.com.tw/image/getImage?i=https://www.books.com.tw/img/001/078/40/0010784060.jpg&v=5ac2143b&w=348&h=348', '4718016028821');
INSERT INTO `book` VALUES ('1562', '154', 'E050023457', '一天一D：維他命D幫你顧健康 (電子書)', '江坤俊', '研究維他命D長達十年，發表數十篇論文，曾至美國波士頓醫學中心進修，師承維他命D之父麥克．哈立克（Michael F. Holick）與陳泰成教授，回國後亦繼續相關研究。現為長庚醫院副教授級主治醫師、長庚大學臨床醫學博士。\n\n　　江坤俊醫師長期擔任電視節目《醫師好辣》的固定醫師團來賓，廣受歡迎，亦常受邀上許多健康節目接受訪談，例如《別讓身體不開心》、《健康2.0》。江醫師每次在臉書粉絲團「江坤俊醫師」發文分享醫學小常識或醫院裡發生的小故事，都引來廣大迴響。', '一天一D，每天好好補充維他命D\n替身體積攢健康的本錢\n就是愛自己與愛家人最好的方式\n\n　　江坤俊醫師經過長期研究，深知維他命D對人體有重要影響，在長庚醫院擔任主治醫師的他，透過本書一一破解大家常見的誤解與迷思，深入淺出，提供兼具理論基礎與實際效用的建議，讓讀者學會善用維他命D，為身體增加戰勝病魔的戰鬥力。', '時報出版', '2018-01-30', '繁體中文', '醫療保健', 'http://im2.book.com.tw/image/getImage?i=https://www.books.com.tw/img/E05/002/34/E050023457.jpg&v=5a975145&w=348&h=348', '9789571373003');
INSERT INTO `book` VALUES ('1563', '155', '0010772147', '婚內失戀：有婚無伴的人生，不奮鬥就等著變灰燼！', '鄧惠文 ', '　精神科醫師、榮格分析師、作家、廣播主持人。\n　　台北醫學院醫學系學士、台北醫學大學醫學人文所碩士，曾任台大醫院精神部總醫師、萬芳醫院精神科主治醫師、台北醫學大學醫學系講師。\n\n　　英國塔維史托克心理治療中心（Tavistock and Portman Clinic）進修\n　　英國塔維史托克伴侶關係研究中心（Tavistock Center for Couple Relationships）進修\n　　美國國際心理治療機構（International Psychotherapy Institute）培訓\n　　國際分析心理學學會(International Association for Analytical Psychology) 個人會員\n\n　　目前專職個人及伴侶心理治療、心理成長課程，並擔任廣播節目「鄧惠文時間」主持人。研究及教學主題包括人際思維的拆解與重構，以及個體化歷程的心理探索。\n\n　　著有《非常關係》、《直說無妨：非常關係2》、《愛情非童話：給妳的床邊故事》、《不夠好也可以：女人的趣味》、《有你，更能做自己》、《學習。在一起的幸福》、《別來無恙》、《還想遇到我嗎》、《寂寞收據》、《解開愛情的鈕扣》等多本暢銷書，並獲選2016金石堂年度風雲作家。\n ', '有婚無伴的人生，\n　　不奮鬥就等著變灰燼！\n\n　　金石堂年度風雲作家鄧惠文醫師給「婚內失戀者」的求生指南！\n\n　　跨越「婚姻」的分類線，\n　　到達另一邊的女人，就完勝了嗎？\n\n　　披上白紗那一天，我以為失戀這種事再也不會發生在我身上。\n　　我疏於操練一個人生存的技能，以至於連失戀都無法辨認。\n　　我為我的怠惰懺悔，但我接納我自己曾做的一切。', '平安文化', '2017-12-04', '繁體中文', '心理勵志', 'http://im2.book.com.tw/image/getImage?i=https://www.books.com.tw/img/001/077/21/0010772147.jpg&v=5a17f4b5&w=348&h=348', '9789869562522');
INSERT INTO `book` VALUES ('1564', '156', '0010705822', '在地下城尋求邂逅是否搞錯了什麼(外傳)劍姬神聖譚03', '大森藤ノ, ヤスダスズ', '大森藤ノ（Fujibo Omori）\n　　\n　　以《在地下城尋求邂逅是否搞錯了什麼》一書獲得第4屆GA文庫大賞的大賞，並獲得日本第3屆書店店員大賞第1名的肯定。ヤスダスズヒト（Suzuhito Yasuda）\n　\n　　插畫家，主要漫畫作品有《夜櫻四重奏》（講談社）。主要擔綱插畫的小說作品有《無頭騎士異聞錄》（電擊文庫），以及其他多數作品。', '「艾絲美眉Ｌｖ.６來啦──！」\n　　\n　　在前一次探索地下城時，艾絲與神祕女馴獸師（tamer）以及樓層主烏代俄斯分別進行了一場激戰。然而實現長久以來的心願，終於升上Ｌｖ.６的【劍姬】卻因為一些原因而鬱鬱寡歡。\n\n　　「相、相思病？艾絲美眉，妳有男人了？」\n\n　　其一──好不容易遇到了那個白髮少年，卻又一次被他全速逃走。', '青文 ', '2016-02-16', '繁體中文', '輕小說', 'http://im1.book.com.tw/image/getImage?i=https://www.books.com.tw/img/001/070/58/0010705822.jpg&v=56ab3f5d&w=348&h=348', '9789863563099');
INSERT INTO `book` VALUES ('1565', '157', '0010783425', '奧格拉斯之槍04遊戲製作', '草子信 ', '人稱坑草，友稱金魚草，幾乎每分每秒都在思考如何將故事寫得更有趣好看。最喜歡吃美食和旅行，有80%的機率可以在甜點店捕捉到。\n \n　　FB：www.facebook.com/kusa29', '發現了《幻武神話》的祕密，俞思晴決心對抗奧格拉斯組織，保護無辜的ＮＰＣ與玩家！然而遊戲製作方的手段層出不窮，即便擁有伙伴們的協助，眾人仍誤中陷阱，遭到強制登出，無法再度進入遊戲。\n\n　　儘管情況越來越緊急，然而從虛擬化為現實的，不只是遊戲本身而已，更有某種甜蜜美好的東西。只有傳達給對方知道，才能平撫那再也無法忍耐的心──「請成為我的戀人，思晴。」', '三日月 ', '2018-04-11', '繁體中文', '輕小說', 'http://im2.book.com.tw/image/getImage?i=https://www.books.com.tw/img/001/078/34/0010783425.jpg&v=5abb3669&w=348&h=348', '9789863615132');
INSERT INTO `book` VALUES ('1566', '158', 'F014111175', 'The Courage To Be Disliked: How to free yourself, change your life and achieve real happiness', ' Ichiro Kishimi,Fumitake Koga', null, '所謂的自由，就是被別人討厭。\n　　有人討厭你，正是你行使自由、依照自己的生活方針過日子的標記。\n　　\n　　為什麼人們一直無法改變？\n　　為什麼自卑感總是揮之不去？\n　　為什麼我們總是活在別人的期待之下？\n　　為什麼現在無法真實感受到幸福？\n　　或許是因為，我們缺少了被別人討厭的勇氣！\n　　', 'Allen & Unwin', '2018-01-04', '英文', '心靈養生', 'http://im2.book.com.tw/image/getImage?i=https://www.books.com.tw/img/F01/411/11/F014111175.jpg&v=5a0ed64f&w=348&h=348', '9781760630720');
INSERT INTO `book` VALUES ('1567', '159', '0010784425', '美人心機：看透最讓人白眼和想偷學的50種心機女', 'H.H先生', '亞洲知名圖文作家／超現實社會觀察家\n \n　　沒正式學過繪畫，\n　　卻一拿到畫筆就停不下來，\n　　熱愛畫畫到廢寢忘食的地步！\n \n　　開創FB粉絲專頁後，\n　　以幽默、反諷來點出社會各種假面行為，\n　　觀察細微，刻劃入骨！\n　　一句「我看到的，不都是你們看到的嗎？」\n　　開始引領網路話題，成為亞洲人氣插畫作者，\n　　至今累積超過百萬粉絲網友喜愛！\n \n　　一手創作出新潮流女力代表人物--美美MEIMEI，\n　　豐腴肉感的美麗形象，\n　　喚起社群上的正能量--自信就是你最美的武器！\n \n　　作品：\n　　2014《美美的逆襲》\n　　2015《戀愛吧！美美》\n　　2016《友妳真好！美美》\n　　2018《美人心機》\n \n　　Facebook｜H.H先生\n　　微博｜HH先生HH先生\n　　Instagram｜hhonghh', 'H.H先生「犀利異言堂」大開講！\n　　揭開最讓人白眼和想偷學的50種心機女\n　　自信的背後，女人們最辛辣的心事，H.H幫妳大膽說出來！\n \n　　情場上→男友劈了妳閨蜜，閨蜜還裝傻陪妳大哭大罵……\n　　職場上→遇到會射飛刀的豬隊友，妳永遠不知她手上有幾把刀……\n　　社交上→許久沒見的朋友約妳喝咖啡，一見面就跟妳拉保險……\n　　美麗上→有些人就是見不得別人好，整天只針對人家身材說嘴……\n　　自信上→情人吃飯裝什麼小鳥胃，他喜歡是妳整個人不是器官……', '三采 ', '2018-04-27', '繁體中文', '生活風格', 'http://im2.book.com.tw/image/getImage?i=https://www.books.com.tw/img/001/078/44/0010784425.jpg&v=5acc9250&w=348&h=348', '9789863429357');
INSERT INTO `book` VALUES ('1568', '160', '0010698292', '服從權威：有多少罪惡，假服從之名而行？', '史丹利‧米爾格蘭 ', '史丹利‧米爾格蘭（Stanley Milgram, 1933-1984）於哈佛大學取得心理學博士學位，畢業後擔任大學教授。於耶魯教書時主持了知名的「米爾格蘭實驗」（Milgram Experiment），探討人對權威的服從性；於哈佛教書時則進行了「小世界實驗」（Small World Experiment），得出舉世聞名的「六度分隔理論」（Six Degrees of Separation）。他後來成為紐約市立大學研究所中心特聘教授。畢生獲獎無數，包括福特基金會獎學金、美國科學促進會社會心理學獎與古根漢獎學金。《服從權威》（Obedience to Authority）是他最知名的著作。\n', '逾半世紀前，納粹分子艾希曼經耶路撒冷大審被判處死刑後，身為猶太人的社會心理學家米爾格蘭，開始反思權威與服從之間的關係。為此，他在實驗室中進行了一系列挑戰人性的「電擊實驗」，在當時引發不少爭議，但現在已普遍獲得科學社群的支持。實驗的目的在於想知道人類會無視結果、服從權威到何種程度。實驗的結果也徹底改變了我們對道德與自由意志的看法。', '經濟新潮社 ', '2015-12-10', '繁體中文', '社會科學', 'http://im1.book.com.tw/image/getImage?i=https://www.books.com.tw/img/001/069/82/0010698292.jpg&v=5661874d&w=348&h=348', '9789866031762');
INSERT INTO `book` VALUES ('1569', '161', '0010783965', '傾城一諾11（完）：縷結同心', '鳳今', '瀟湘書院金牌作者。生於燕趙悲歌鐵馬金戈的北國，卻愛杏花煙雨的江南。因喜愛玄學而動筆寫下《傾城一諾》（網路連載原名：重生之天才神棍）。劇情考證，文字婉約，故事中富有歷史人文思想和真善美的傳統價值觀。\n\n相關著作:《傾城一諾10：逆天之戰》《傾城一諾1：挽髮繫情》《傾城一諾2：天才神棍》《傾城一諾3：小試鋒芒》《傾城一諾4：大顯身手》《傾城一諾4：大顯身手》《傾城一諾5：桃花盛開》《傾城一諾6：情難自禁》《傾城一諾7》《傾城一諾8：復仇伊始》《傾城一諾9：風起雲湧》', '他不懂得浪漫，不懂得如何討好女人，\n遲鈍的他總是數年如一日地送她同樣式的花束，\n偏偏她還不覺得審美疲勞。\n多年後的某一天，她是這麼告訴孩子的：\n「若你遇到願意為你一直做同一件事的人，那便是你此生的真愛。無論有多難，記得努力爭取，不要抱憾終身。」\n他與她愛得驚心動魄，可當兩人獨處時，便只剩下了歲月靜好。', '晴空出版 ', '2018-04-26', '繁體中文', '輕小說', 'http://im2.book.com.tw/image/getImage?i=https://www.books.com.tw/img/001/078/39/0010783965.jpg&v=5aceddfa&w=348&h=348', '9789869552875');
INSERT INTO `book` VALUES ('1570', '162', '0010784070', 'Re：從零開始的異世界生活(13)限定版', '長月達平', '1987年3月生。網路電子小說投稿網站「小説家になろう」作家，《Re:從零開始的異世界生活》為第一本實體化小說。', '　菜月‧昴在毫無預警的情況下被迫面對第二「試煉」：知曉每一輪地獄的後續發展。認知到自身罪孽深重，以為是救星的魔女又本性曝光，昴終於被徹底擊垮。此時包圍他的，除了冠以六宗罪之名的六名魔女外，還增加了消滅她們的最後魔女。激動與痛哭到最後依然救不了想救的人，菜月‧昴的心神被消磨殆盡。但就在這時，一個朋友將最後的希望遞向跌至谷底的昴。希望化為堅硬的拳頭，狠狠砸向昴，告訴他沒必要放棄──。', '青文', '2018-04-12', '繁體中文', '輕小說', 'http://im1.book.com.tw/image/getImage?i=https://www.books.com.tw/img/001/078/40/0010784070.jpg&v=5ac2143c&w=348&h=348', '4718016029002');
INSERT INTO `book` VALUES ('1571', '163', '0010764274', '最好玩的美術畫畫課：全來自美術學校的訓練，這樣畫很搞笑、很基礎，畫到不想停', '瑪莉安‧杜莎 ', '22', '11', ' Marion Deuchars', '2017-09-12', '繁體中文', '藝術設計', 'http://im1.book.com.tw/image/getImage?i=https://www.books.com.tw/img/001/076/42/0010764274.jpg&v=59ad2b3d&w=348&h=348', '9789869523370');

-- ----------------------------
-- Table structure for `booktest`
-- ----------------------------
DROP TABLE IF EXISTS `booktest`;
CREATE TABLE `booktest` (
  `serNo` int(10) NOT NULL AUTO_INCREMENT,
  `rankNo` int(10) DEFAULT NULL,
  `bookNo` varchar(255) COLLATE utf8_unicode_ci NOT NULL,
  `bookName` varchar(100) COLLATE utf8_unicode_ci DEFAULT NULL,
  `author` varchar(100) COLLATE utf8_unicode_ci DEFAULT NULL,
  `authorIntro` varchar(5000) COLLATE utf8_unicode_ci DEFAULT NULL,
  `content` varchar(5000) COLLATE utf8_unicode_ci DEFAULT NULL,
  `publisher` varchar(100) COLLATE utf8_unicode_ci DEFAULT NULL,
  `date` date DEFAULT NULL,
  `language` varchar(100) COLLATE utf8_unicode_ci DEFAULT NULL,
  `type` varchar(100) COLLATE utf8_unicode_ci DEFAULT NULL,
  `picture` varchar(255) COLLATE utf8_unicode_ci DEFAULT NULL,
  `ISBN` varchar(20) COLLATE utf8_unicode_ci DEFAULT NULL,
  PRIMARY KEY (`serNo`),
  KEY `bookNo` (`bookNo`)
) ENGINE=InnoDB AUTO_INCREMENT=1734 DEFAULT CHARSET=utf8 COLLATE=utf8_unicode_ci;

-- ----------------------------
-- Records of booktest
-- ----------------------------
INSERT INTO `booktest` VALUES ('1572', null, '0010760226', null, null, null, null, null, null, null, null, null, null);
INSERT INTO `booktest` VALUES ('1573', null, '0010689870', null, null, null, null, null, null, null, null, null, null);
INSERT INTO `booktest` VALUES ('1574', null, 'E050011410', null, null, null, null, null, null, null, null, null, null);
INSERT INTO `booktest` VALUES ('1575', null, '0010757584', null, null, null, null, null, null, null, null, null, null);
INSERT INTO `booktest` VALUES ('1576', null, '0010758337', null, null, null, null, null, null, null, null, null, null);
INSERT INTO `booktest` VALUES ('1577', null, '0010665527', null, null, null, null, null, null, null, null, null, null);
INSERT INTO `booktest` VALUES ('1578', null, '0010753523', null, null, null, null, null, null, null, null, null, null);
INSERT INTO `booktest` VALUES ('1579', null, 'E050015286', null, null, null, null, null, null, null, null, null, null);
INSERT INTO `booktest` VALUES ('1580', null, 'CN11466945', null, null, null, null, null, null, null, null, null, null);
INSERT INTO `booktest` VALUES ('1581', null, 'E050011411', null, null, null, null, null, null, null, null, null, null);
INSERT INTO `booktest` VALUES ('1582', null, '0010758897', null, null, null, null, null, null, null, null, null, null);
INSERT INTO `booktest` VALUES ('1583', null, '0010707010', null, null, null, null, null, null, null, null, null, null);
INSERT INTO `booktest` VALUES ('1584', null, 'E050011352', null, null, null, null, null, null, null, null, null, null);
INSERT INTO `booktest` VALUES ('1585', null, 'F013876135', null, null, null, null, null, null, null, null, null, null);
INSERT INTO `booktest` VALUES ('1586', null, 'E050015775', null, null, null, null, null, null, null, null, null, null);
INSERT INTO `booktest` VALUES ('1587', null, 'E050010653', null, null, null, null, null, null, null, null, null, null);
INSERT INTO `booktest` VALUES ('1588', null, '0010745548', null, null, null, null, null, null, null, null, null, null);
INSERT INTO `booktest` VALUES ('1589', null, '0010756010', null, null, null, null, null, null, null, null, null, null);
INSERT INTO `booktest` VALUES ('1590', null, '0010749164', null, null, null, null, null, null, null, null, null, null);
INSERT INTO `booktest` VALUES ('1591', null, '0010743500', null, null, null, null, null, null, null, null, null, null);
INSERT INTO `booktest` VALUES ('1592', null, '0010759709', null, null, null, null, null, null, null, null, null, null);
INSERT INTO `booktest` VALUES ('1593', null, '0010758823', null, null, null, null, null, null, null, null, null, null);
INSERT INTO `booktest` VALUES ('1594', null, 'E050019234', null, null, null, null, null, null, null, null, null, null);
INSERT INTO `booktest` VALUES ('1595', null, '0010759011', null, null, null, null, null, null, null, null, null, null);
INSERT INTO `booktest` VALUES ('1596', null, '0010759771', null, null, null, null, null, null, null, null, null, null);
INSERT INTO `booktest` VALUES ('1597', null, 'E050027084', null, null, null, null, null, null, null, null, null, null);
INSERT INTO `booktest` VALUES ('1598', null, '0010751153', null, null, null, null, null, null, null, null, null, null);
INSERT INTO `booktest` VALUES ('1599', null, '0010565992', null, null, null, null, null, null, null, null, null, null);
INSERT INTO `booktest` VALUES ('1600', null, '0010759903', null, null, null, null, null, null, null, null, null, null);
INSERT INTO `booktest` VALUES ('1601', null, '0010758641', null, null, null, null, null, null, null, null, null, null);
INSERT INTO `booktest` VALUES ('1602', null, '0010755815', null, null, null, null, null, null, null, null, null, null);
INSERT INTO `booktest` VALUES ('1603', null, '0010753728', null, null, null, null, null, null, null, null, null, null);
INSERT INTO `booktest` VALUES ('1604', null, '0010758283', null, null, null, null, null, null, null, null, null, null);
INSERT INTO `booktest` VALUES ('1605', null, '0010744170', null, null, null, null, null, null, null, null, null, null);
INSERT INTO `booktest` VALUES ('1606', null, '0010758598', null, null, null, null, null, null, null, null, null, null);
INSERT INTO `booktest` VALUES ('1607', null, '0010749583', null, null, null, null, null, null, null, null, null, null);
INSERT INTO `booktest` VALUES ('1608', null, 'F013662002', null, null, null, null, null, null, null, null, null, null);
INSERT INTO `booktest` VALUES ('1609', null, 'E050011085', null, null, null, null, null, null, null, null, null, null);
INSERT INTO `booktest` VALUES ('1610', null, '0010719426', null, null, null, null, null, null, null, null, null, null);
INSERT INTO `booktest` VALUES ('1611', null, '0010594847', null, null, null, null, null, null, null, null, null, null);
INSERT INTO `booktest` VALUES ('1612', null, 'E050011417', null, null, null, null, null, null, null, null, null, null);
INSERT INTO `booktest` VALUES ('1613', null, '0010756911', null, null, null, null, null, null, null, null, null, null);
INSERT INTO `booktest` VALUES ('1614', null, 'M010057106', null, null, null, null, null, null, null, null, null, null);
INSERT INTO `booktest` VALUES ('1615', null, '0010758611', null, null, null, null, null, null, null, null, null, null);
INSERT INTO `booktest` VALUES ('1616', null, '0010758362', null, null, null, null, null, null, null, null, null, null);
INSERT INTO `booktest` VALUES ('1617', null, '0010620914', null, null, null, null, null, null, null, null, null, null);
INSERT INTO `booktest` VALUES ('1618', null, '0010758666', null, null, null, null, null, null, null, null, null, null);
INSERT INTO `booktest` VALUES ('1619', null, '0010576922', null, null, null, null, null, null, null, null, null, null);
INSERT INTO `booktest` VALUES ('1620', null, '0010749624', null, null, null, null, null, null, null, null, null, null);
INSERT INTO `booktest` VALUES ('1621', null, '0010643602', null, null, null, null, null, null, null, null, null, null);
INSERT INTO `booktest` VALUES ('1622', null, '0010744932', null, null, null, null, null, null, null, null, null, null);
INSERT INTO `booktest` VALUES ('1623', null, '0010744995', null, null, null, null, null, null, null, null, null, null);
INSERT INTO `booktest` VALUES ('1624', null, 'E050014323', null, null, null, null, null, null, null, null, null, null);
INSERT INTO `booktest` VALUES ('1625', null, '0010759295', null, null, null, null, null, null, null, null, null, null);
INSERT INTO `booktest` VALUES ('1626', null, '0010728405', null, null, null, null, null, null, null, null, null, null);
INSERT INTO `booktest` VALUES ('1627', null, '0010565992', null, null, null, null, null, null, null, null, null, null);
INSERT INTO `booktest` VALUES ('1628', null, 'E050017754', null, null, null, null, null, null, null, null, null, null);
INSERT INTO `booktest` VALUES ('1629', null, '0010725843', null, null, null, null, null, null, null, null, null, null);
INSERT INTO `booktest` VALUES ('1630', null, '0010758675', null, null, null, null, null, null, null, null, null, null);
INSERT INTO `booktest` VALUES ('1631', null, '0010685102', null, null, null, null, null, null, null, null, null, null);
INSERT INTO `booktest` VALUES ('1632', null, 'E050027044', null, null, null, null, null, null, null, null, null, null);
INSERT INTO `booktest` VALUES ('1633', null, '0010554417', null, null, null, null, null, null, null, null, null, null);
INSERT INTO `booktest` VALUES ('1634', null, '0010724646', null, null, null, null, null, null, null, null, null, null);
INSERT INTO `booktest` VALUES ('1635', null, '0010562170', null, null, null, null, null, null, null, null, null, null);
INSERT INTO `booktest` VALUES ('1636', null, '0010734945', null, null, null, null, null, null, null, null, null, null);
INSERT INTO `booktest` VALUES ('1637', null, '0010756525', null, null, null, null, null, null, null, null, null, null);
INSERT INTO `booktest` VALUES ('1638', null, '0010746277', null, null, null, null, null, null, null, null, null, null);
INSERT INTO `booktest` VALUES ('1639', null, '0010756108', null, null, null, null, null, null, null, null, null, null);
INSERT INTO `booktest` VALUES ('1640', null, '0010756794', null, null, null, null, null, null, null, null, null, null);
INSERT INTO `booktest` VALUES ('1641', null, '0010727411', null, null, null, null, null, null, null, null, null, null);
INSERT INTO `booktest` VALUES ('1642', null, '0010774982', null, null, null, null, null, null, null, null, null, null);
INSERT INTO `booktest` VALUES ('1643', null, '0010715088', null, null, null, null, null, null, null, null, null, null);
INSERT INTO `booktest` VALUES ('1644', null, 'F013874998', null, null, null, null, null, null, null, null, null, null);
INSERT INTO `booktest` VALUES ('1645', null, '0010687126', null, null, null, null, null, null, null, null, null, null);
INSERT INTO `booktest` VALUES ('1646', null, '0010692169', null, null, null, null, null, null, null, null, null, null);
INSERT INTO `booktest` VALUES ('1647', null, '0010667213', null, null, null, null, null, null, null, null, null, null);
INSERT INTO `booktest` VALUES ('1648', null, '0010652479', null, null, null, null, null, null, null, null, null, null);
INSERT INTO `booktest` VALUES ('1649', null, '0010756922', null, null, null, null, null, null, null, null, null, null);
INSERT INTO `booktest` VALUES ('1650', null, '0010713081', null, null, null, null, null, null, null, null, null, null);
INSERT INTO `booktest` VALUES ('1651', null, 'E050017273', null, null, null, null, null, null, null, null, null, null);
INSERT INTO `booktest` VALUES ('1652', null, '0010759308', null, null, null, null, null, null, null, null, null, null);
INSERT INTO `booktest` VALUES ('1653', null, '0010758449', null, null, null, null, null, null, null, null, null, null);
INSERT INTO `booktest` VALUES ('1654', null, '0010757356', null, null, null, null, null, null, null, null, null, null);
INSERT INTO `booktest` VALUES ('1655', null, '0010747235', null, null, null, null, null, null, null, null, null, null);
INSERT INTO `booktest` VALUES ('1656', null, '0010719348', null, null, null, null, null, null, null, null, null, null);
INSERT INTO `booktest` VALUES ('1657', null, '0010684235', null, null, null, null, null, null, null, null, null, null);
INSERT INTO `booktest` VALUES ('1658', null, '0010755803', null, null, null, null, null, null, null, null, null, null);
INSERT INTO `booktest` VALUES ('1659', null, '0010756508', null, null, null, null, null, null, null, null, null, null);
INSERT INTO `booktest` VALUES ('1660', null, '0010730283', null, null, null, null, null, null, null, null, null, null);
INSERT INTO `booktest` VALUES ('1661', null, '0010732959', null, null, null, null, null, null, null, null, null, null);
INSERT INTO `booktest` VALUES ('1662', null, '0010784585', null, null, null, null, null, null, null, null, null, null);
INSERT INTO `booktest` VALUES ('1663', null, '0010785024', null, null, null, null, null, null, null, null, null, null);
INSERT INTO `booktest` VALUES ('1664', null, '0010738273', null, null, null, null, null, null, null, null, null, null);
INSERT INTO `booktest` VALUES ('1665', null, '0010784881', null, null, null, null, null, null, null, null, null, null);
INSERT INTO `booktest` VALUES ('1666', null, '0010610753', null, null, null, null, null, null, null, null, null, null);
INSERT INTO `booktest` VALUES ('1667', null, '0010783197', null, null, null, null, null, null, null, null, null, null);
INSERT INTO `booktest` VALUES ('1668', null, '0010784242', null, null, null, null, null, null, null, null, null, null);
INSERT INTO `booktest` VALUES ('1669', null, '0010783762', null, null, null, null, null, null, null, null, null, null);
INSERT INTO `booktest` VALUES ('1670', null, 'E050026063', null, null, null, null, null, null, null, null, null, null);
INSERT INTO `booktest` VALUES ('1671', null, '0010747298', null, null, null, null, null, null, null, null, null, null);
INSERT INTO `booktest` VALUES ('1672', null, 'E050014298', null, null, null, null, null, null, null, null, null, null);
INSERT INTO `booktest` VALUES ('1673', null, '0010784329', null, null, null, null, null, null, null, null, null, null);
INSERT INTO `booktest` VALUES ('1674', null, '0010768659', null, null, null, null, null, null, null, null, null, null);
INSERT INTO `booktest` VALUES ('1675', null, '0010771883', null, null, null, null, null, null, null, null, null, null);
INSERT INTO `booktest` VALUES ('1676', null, 'R030070269', null, null, null, null, null, null, null, null, null, null);
INSERT INTO `booktest` VALUES ('1677', null, '0010697396', null, null, null, null, null, null, null, null, null, null);
INSERT INTO `booktest` VALUES ('1678', null, '0010752211', null, null, null, null, null, null, null, null, null, null);
INSERT INTO `booktest` VALUES ('1679', null, 'E050027213', null, null, null, null, null, null, null, null, null, null);
INSERT INTO `booktest` VALUES ('1680', null, '0010544658', null, null, null, null, null, null, null, null, null, null);
INSERT INTO `booktest` VALUES ('1681', null, '0010773895', null, null, null, null, null, null, null, null, null, null);
INSERT INTO `booktest` VALUES ('1682', null, '0010783713', null, null, null, null, null, null, null, null, null, null);
INSERT INTO `booktest` VALUES ('1683', null, '0010772144', null, null, null, null, null, null, null, null, null, null);
INSERT INTO `booktest` VALUES ('1684', null, '0010782227', null, null, null, null, null, null, null, null, null, null);
INSERT INTO `booktest` VALUES ('1685', null, '0010784628', null, null, null, null, null, null, null, null, null, null);
INSERT INTO `booktest` VALUES ('1686', null, '0010768450', null, null, null, null, null, null, null, null, null, null);
INSERT INTO `booktest` VALUES ('1687', null, '0010785136', null, null, null, null, null, null, null, null, null, null);
INSERT INTO `booktest` VALUES ('1688', null, 'E050015775', null, null, null, null, null, null, null, null, null, null);
INSERT INTO `booktest` VALUES ('1689', null, '0010776564', null, null, null, null, null, null, null, null, null, null);
INSERT INTO `booktest` VALUES ('1690', null, '0010784845', null, null, null, null, null, null, null, null, null, null);
INSERT INTO `booktest` VALUES ('1691', null, 'F014022884', null, null, null, null, null, null, null, null, null, null);
INSERT INTO `booktest` VALUES ('1692', null, '0010771538', null, null, null, null, null, null, null, null, null, null);
INSERT INTO `booktest` VALUES ('1693', null, '0010764594', null, null, null, null, null, null, null, null, null, null);
INSERT INTO `booktest` VALUES ('1694', null, '0010771557', null, null, null, null, null, null, null, null, null, null);
INSERT INTO `booktest` VALUES ('1695', null, '0010749540', null, null, null, null, null, null, null, null, null, null);
INSERT INTO `booktest` VALUES ('1696', null, '0010785157', null, null, null, null, null, null, null, null, null, null);
INSERT INTO `booktest` VALUES ('1697', null, '0010778672', null, null, null, null, null, null, null, null, null, null);
INSERT INTO `booktest` VALUES ('1698', null, '0010778975', null, null, null, null, null, null, null, null, null, null);
INSERT INTO `booktest` VALUES ('1699', null, 'E050019889', null, null, null, null, null, null, null, null, null, null);
INSERT INTO `booktest` VALUES ('1700', null, '0010785153', null, null, null, null, null, null, null, null, null, null);
INSERT INTO `booktest` VALUES ('1701', null, '0010740374', null, null, null, null, null, null, null, null, null, null);
INSERT INTO `booktest` VALUES ('1702', null, '0010784875', null, null, null, null, null, null, null, null, null, null);
INSERT INTO `booktest` VALUES ('1703', null, '0010784618', null, null, null, null, null, null, null, null, null, null);
INSERT INTO `booktest` VALUES ('1704', null, '0010544484', null, null, null, null, null, null, null, null, null, null);
INSERT INTO `booktest` VALUES ('1705', null, 'E050024495', null, null, null, null, null, null, null, null, null, null);
INSERT INTO `booktest` VALUES ('1706', null, '0010782277', null, null, null, null, null, null, null, null, null, null);
INSERT INTO `booktest` VALUES ('1707', null, '0010780017', null, null, null, null, null, null, null, null, null, null);
INSERT INTO `booktest` VALUES ('1708', null, '0010782050', null, null, null, null, null, null, null, null, null, null);
INSERT INTO `booktest` VALUES ('1709', null, '0010784516', null, null, null, null, null, null, null, null, null, null);
INSERT INTO `booktest` VALUES ('1710', null, 'F014058860', null, null, null, null, null, null, null, null, null, null);
INSERT INTO `booktest` VALUES ('1711', null, '0010581841', null, null, null, null, null, null, null, null, null, null);
INSERT INTO `booktest` VALUES ('1712', null, '0010782931', null, null, null, null, null, null, null, null, null, null);
INSERT INTO `booktest` VALUES ('1713', null, '0010759037', null, null, null, null, null, null, null, null, null, null);
INSERT INTO `booktest` VALUES ('1714', null, '0010784202', null, null, null, null, null, null, null, null, null, null);
INSERT INTO `booktest` VALUES ('1715', null, '0010778481', null, null, null, null, null, null, null, null, null, null);
INSERT INTO `booktest` VALUES ('1716', null, '0010747677', null, null, null, null, null, null, null, null, null, null);
INSERT INTO `booktest` VALUES ('1717', null, '0010781615', null, null, null, null, null, null, null, null, null, null);
INSERT INTO `booktest` VALUES ('1718', null, '0010583866', null, null, null, null, null, null, null, null, null, null);
INSERT INTO `booktest` VALUES ('1719', null, '0010773837', null, null, null, null, null, null, null, null, null, null);
INSERT INTO `booktest` VALUES ('1720', null, '0010778411', null, null, null, null, null, null, null, null, null, null);
INSERT INTO `booktest` VALUES ('1721', null, '0010520239', null, null, null, null, null, null, null, null, null, null);
INSERT INTO `booktest` VALUES ('1722', null, '0010661480', null, null, null, null, null, null, null, null, null, null);
INSERT INTO `booktest` VALUES ('1723', null, '0010784060', null, null, null, null, null, null, null, null, null, null);
INSERT INTO `booktest` VALUES ('1724', null, 'E050023457', null, null, null, null, null, null, null, null, null, null);
INSERT INTO `booktest` VALUES ('1725', null, '0010772147', null, null, null, null, null, null, null, null, null, null);
INSERT INTO `booktest` VALUES ('1726', null, '0010705822', null, null, null, null, null, null, null, null, null, null);
INSERT INTO `booktest` VALUES ('1727', null, '0010783425', null, null, null, null, null, null, null, null, null, null);
INSERT INTO `booktest` VALUES ('1728', null, 'F014111175', null, null, null, null, null, null, null, null, null, null);
INSERT INTO `booktest` VALUES ('1729', null, '0010784425', null, null, null, null, null, null, null, null, null, null);
INSERT INTO `booktest` VALUES ('1730', null, '0010698292', null, null, null, null, null, null, null, null, null, null);
INSERT INTO `booktest` VALUES ('1731', null, '0010783965', null, null, null, null, null, null, null, null, null, null);
INSERT INTO `booktest` VALUES ('1732', null, '0010784070', null, null, null, null, null, null, null, null, null, null);
INSERT INTO `booktest` VALUES ('1733', null, '0010764274', null, null, null, null, null, null, null, null, null, null);

-- ----------------------------
-- Table structure for `collection`
-- ----------------------------
DROP TABLE IF EXISTS `collection`;
CREATE TABLE `collection` (
  `serNo` int(11) NOT NULL AUTO_INCREMENT,
  `userid` varchar(255) COLLATE utf8_unicode_ci NOT NULL,
  `bookNo` varchar(255) COLLATE utf8_unicode_ci NOT NULL,
  `date` date DEFAULT NULL,
  PRIMARY KEY (`serNo`,`userid`),
  KEY `bookNo` (`bookNo`),
  KEY `colId` (`userid`),
  CONSTRAINT `colId` FOREIGN KEY (`userid`) REFERENCES `users` (`userid`),
  CONSTRAINT `colbooks` FOREIGN KEY (`bookNo`) REFERENCES `book` (`bookNo`)
) ENGINE=InnoDB AUTO_INCREMENT=11 DEFAULT CHARSET=utf8 COLLATE=utf8_unicode_ci;

-- ----------------------------
-- Records of collection
-- ----------------------------
INSERT INTO `collection` VALUES ('2', '10356012', '0010760228', '2017-07-05');
INSERT INTO `collection` VALUES ('3', '10356023', '0010760226', '2017-07-06');
INSERT INTO `collection` VALUES ('4', '10356025', '0010689870', '2017-07-12');
INSERT INTO `collection` VALUES ('5', '10356021', 'E050011411', '2017-07-20');
INSERT INTO `collection` VALUES ('6', '10356040', 'E050015775', '2017-07-14');
INSERT INTO `collection` VALUES ('7', '10356039', 'CN11466945', '2017-07-23');
INSERT INTO `collection` VALUES ('8', '10356023', '0010758897', '2017-07-14');
INSERT INTO `collection` VALUES ('9', '10356032', 'E050015286', '2017-07-25');
INSERT INTO `collection` VALUES ('10', '10356025', '0010758337', '2017-08-01');

-- ----------------------------
-- Table structure for `keyword`
-- ----------------------------
DROP TABLE IF EXISTS `keyword`;
CREATE TABLE `keyword` (
  `bookNo` varchar(10) COLLATE utf8_unicode_ci NOT NULL,
  `keyword` varchar(255) COLLATE utf8_unicode_ci NOT NULL,
  PRIMARY KEY (`bookNo`,`keyword`),
  KEY `keyword` (`keyword`)
) ENGINE=InnoDB DEFAULT CHARSET=utf8 COLLATE=utf8_unicode_ci;

-- ----------------------------
-- Records of keyword
-- ----------------------------

-- ----------------------------
-- Table structure for `manger`
-- ----------------------------
DROP TABLE IF EXISTS `manger`;
CREATE TABLE `manger` (
  `mangerId` varchar(11) COLLATE utf8_unicode_ci NOT NULL,
  `mangerName` varchar(20) COLLATE utf8_unicode_ci DEFAULT NULL,
  `password` varchar(20) COLLATE utf8_unicode_ci DEFAULT NULL,
  `privacy` tinyint(4) DEFAULT NULL,
  PRIMARY KEY (`mangerId`)
) ENGINE=InnoDB DEFAULT CHARSET=utf8 COLLATE=utf8_unicode_ci;

-- ----------------------------
-- Records of manger
-- ----------------------------
INSERT INTO `manger` VALUES ('m001', 'tiffany', '10356023', null);

-- ----------------------------
-- Table structure for `message`
-- ----------------------------
DROP TABLE IF EXISTS `message`;
CREATE TABLE `message` (
  `serNo` int(11) NOT NULL AUTO_INCREMENT,
  `userid` varchar(10) COLLATE utf8_unicode_ci NOT NULL,
  `noteid` int(11) DEFAULT NULL,
  `mesContent` varchar(255) COLLATE utf8_unicode_ci DEFAULT NULL,
  `date` date DEFAULT NULL,
  PRIMARY KEY (`serNo`,`userid`),
  KEY `mkey` (`noteid`),
  KEY `mesfbidkey` (`userid`),
  CONSTRAINT `mesfbidkey` FOREIGN KEY (`userid`) REFERENCES `users` (`userid`),
  CONSTRAINT `mkey` FOREIGN KEY (`noteid`) REFERENCES `note` (`noteId`)
) ENGINE=InnoDB AUTO_INCREMENT=11 DEFAULT CHARSET=utf8 COLLATE=utf8_unicode_ci;

-- ----------------------------
-- Records of message
-- ----------------------------
INSERT INTO `message` VALUES ('1', '10356012', '1', '超好看的!!', '2017-07-12');
INSERT INTO `message` VALUES ('2', '10356023', '6', '謝謝你的整理~非常方便~辛苦了', '2017-07-12');
INSERT INTO `message` VALUES ('3', '10356023', '2', '謝謝分享', '2017-07-13');
INSERT INTO `message` VALUES ('4', '10356040', '3', '經典好看', '2017-07-13');
INSERT INTO `message` VALUES ('5', '10356021', '5', '超喜歡東野圭吾的！！', '2017-07-15');
INSERT INTO `message` VALUES ('6', '10356025', '7', 'Thanks for sharing!', '2017-07-23');
INSERT INTO `message` VALUES ('7', '10356039', '10', '謝謝整理', '2017-07-26');
INSERT INTO `message` VALUES ('8', '10356025', '9', '很實用', '2017-07-20');
INSERT INTO `message` VALUES ('9', '10356039', '8', '整理得很齊全', '0000-00-00');
INSERT INTO `message` VALUES ('10', '10356032', '3', '謝謝你的分享', '2017-08-01');

-- ----------------------------
-- Table structure for `note`
-- ----------------------------
DROP TABLE IF EXISTS `note`;
CREATE TABLE `note` (
  `noteId` int(255) NOT NULL AUTO_INCREMENT,
  `userid` varchar(11) COLLATE utf8_unicode_ci NOT NULL,
  `bookNo` varchar(255) COLLATE utf8_unicode_ci DEFAULT NULL,
  `pageNum` int(11) DEFAULT NULL,
  `picture` varchar(255) COLLATE utf8_unicode_ci DEFAULT NULL,
  `noteContent` varchar(255) COLLATE utf8_unicode_ci DEFAULT NULL,
  `date` date DEFAULT NULL,
  `privacy` varchar(255) COLLATE utf8_unicode_ci DEFAULT NULL,
  PRIMARY KEY (`noteId`,`userid`),
  KEY `noteId` (`noteId`),
  KEY `noteidkey` (`userid`),
  KEY `notekey` (`bookNo`),
  CONSTRAINT `notebook` FOREIGN KEY (`bookNo`) REFERENCES `book` (`bookNo`),
  CONSTRAINT `noteidkey` FOREIGN KEY (`userid`) REFERENCES `users` (`userid`)
) ENGINE=InnoDB AUTO_INCREMENT=11 DEFAULT CHARSET=utf8 COLLATE=utf8_unicode_ci;

-- ----------------------------
-- Records of note
-- ----------------------------
INSERT INTO `note` VALUES ('1', '10356040', 'E050015286', '23', 'np1060807143201', '藍天白雲大太陽，太熱了吧~', '2017-08-07', '否');
INSERT INTO `note` VALUES ('2', '10356012', '0010758337', '2', 'np1060807143202', '這天氣完全不能出門，我偏偏不在家。', '2017-08-07', '否');
INSERT INTO `note` VALUES ('3', '10356023', 'E050015286', '45', 'np1060807143203', '希望好看的小說永遠不會完結。', '2017-08-07', '否');
INSERT INTO `note` VALUES ('4', '10356025', 'E050011411', '11', 'np1060807143204', '希望世大運能順利。', '2017-08-07', '否');
INSERT INTO `note` VALUES ('5', '10356039', '0010707010', '58', 'np1060807143205', '國際邀請賽的工作可以順利開始和結束。', '2017-08-07', '否');
INSERT INTO `note` VALUES ('6', '10356040', 'E050015286', '123', 'np1060808143206', '我們小組超棒的!', '2017-08-08', '否');
INSERT INTO `note` VALUES ('7', '10356040', 'E050011352', '25', 'np1060808143207', '台北在發燒。', '2017-08-08', '否');
INSERT INTO `note` VALUES ('8', '10356025', 'E050010653', '4', 'np1060809143208', '手機不小心摔壞了，傷心難過。', '2017-08-09', '是');
INSERT INTO `note` VALUES ('9', '10356012', '0010758823', '66', 'np1060809143209', '整理資料是永遠做不完的工作…', '2017-08-09', '否');
INSERT INTO `note` VALUES ('10', '10356023', '0010759011', '89', 'np1060809143210', '順順利利!', '2017-08-09', '否');

-- ----------------------------
-- Table structure for `question`
-- ----------------------------
DROP TABLE IF EXISTS `question`;
CREATE TABLE `question` (
  `serNo` int(11) NOT NULL AUTO_INCREMENT,
  `question` varchar(255) COLLATE utf8_unicode_ci DEFAULT NULL,
  `keyword` varchar(255) COLLATE utf8_unicode_ci DEFAULT NULL,
  PRIMARY KEY (`serNo`),
  KEY `keywords` (`keyword`),
  CONSTRAINT `keywords` FOREIGN KEY (`keyword`) REFERENCES `keyword` (`keyword`)
) ENGINE=InnoDB DEFAULT CHARSET=utf8 COLLATE=utf8_unicode_ci;

-- ----------------------------
-- Records of question
-- ----------------------------

-- ----------------------------
-- Table structure for `rankbook`
-- ----------------------------
DROP TABLE IF EXISTS `rankbook`;
CREATE TABLE `rankbook` (
  `serNo` int(11) NOT NULL,
  `date` date DEFAULT NULL,
  `bookNo` varchar(255) COLLATE utf8_unicode_ci NOT NULL,
  `rankNo` int(11) DEFAULT NULL,
  PRIMARY KEY (`serNo`),
  KEY `rankKey` (`bookNo`) USING BTREE,
  CONSTRAINT `rankbooks` FOREIGN KEY (`bookNo`) REFERENCES `book` (`bookNo`)
) ENGINE=InnoDB DEFAULT CHARSET=utf8 COLLATE=utf8_unicode_ci;

-- ----------------------------
-- Records of rankbook
-- ----------------------------
INSERT INTO `rankbook` VALUES ('1', '2017-07-31', '0010760228', '1');
INSERT INTO `rankbook` VALUES ('2', '2017-07-31', '0010760226', '2');
INSERT INTO `rankbook` VALUES ('3', '2017-07-31', '0010689870', '3');
INSERT INTO `rankbook` VALUES ('4', '2017-07-31', 'E050011410', '4');
INSERT INTO `rankbook` VALUES ('5', '2017-07-31', '0010745548', '5');
INSERT INTO `rankbook` VALUES ('6', '2017-08-31', 'E050011411', '6');
INSERT INTO `rankbook` VALUES ('7', '2017-08-31', '0010756010', '7');
INSERT INTO `rankbook` VALUES ('8', '2017-08-31', '0010759709', '8');
INSERT INTO `rankbook` VALUES ('9', '2017-08-31', 'E050015286', '9');
INSERT INTO `rankbook` VALUES ('10', '2017-08-21', '0010743500', '10');
INSERT INTO `rankbook` VALUES ('11', '2016-07-20', '0010759709', '1');
INSERT INTO `rankbook` VALUES ('12', '2016-07-21', '0010758823', '2');
INSERT INTO `rankbook` VALUES ('13', '2016-06-16', 'E050019234', '3');
INSERT INTO `rankbook` VALUES ('14', '2016-06-23', '0010759011', '4');
INSERT INTO `rankbook` VALUES ('15', '2016-05-25', '0010759771', '5');
INSERT INTO `rankbook` VALUES ('16', '2016-05-23', '0010751153', '6');
INSERT INTO `rankbook` VALUES ('17', '2016-08-09', '0010565992', '7');
INSERT INTO `rankbook` VALUES ('18', '2016-08-22', '0010759903', '8');
INSERT INTO `rankbook` VALUES ('19', '2016-09-23', 'E050011411', '9');
INSERT INTO `rankbook` VALUES ('20', '2016-08-31', '0010758897', '10');
INSERT INTO `rankbook` VALUES ('21', '2018-12-01', '0010689870', '1');
INSERT INTO `rankbook` VALUES ('22', '2018-05-05', '0010707010', '2');
INSERT INTO `rankbook` VALUES ('23', '2018-04-05', 'F013876135', '3');
INSERT INTO `rankbook` VALUES ('24', '2018-05-06', 'E050010653', '4');
INSERT INTO `rankbook` VALUES ('25', '2018-06-09', '0010745548', '5');
INSERT INTO `rankbook` VALUES ('26', '2018-03-06', '0010743500', '6');
INSERT INTO `rankbook` VALUES ('27', '2018-07-05', '0010759709', '7');
INSERT INTO `rankbook` VALUES ('28', '2018-03-25', '0010758823', '8');
INSERT INTO `rankbook` VALUES ('29', '2018-09-02', '0010757584', '9');
INSERT INTO `rankbook` VALUES ('30', '2018-06-15', 'F013662002', '10');

-- ----------------------------
-- Table structure for `rankperson`
-- ----------------------------
DROP TABLE IF EXISTS `rankperson`;
CREATE TABLE `rankperson` (
  `serNo` int(11) NOT NULL,
  `userid` varchar(10) COLLATE utf8_unicode_ci DEFAULT NULL,
  `date` date DEFAULT NULL,
  `point` varchar(255) COLLATE utf8_unicode_ci DEFAULT NULL,
  `rankNo` int(11) DEFAULT NULL,
  PRIMARY KEY (`serNo`),
  KEY `personidkey` (`userid`),
  CONSTRAINT `personidkey` FOREIGN KEY (`userid`) REFERENCES `users` (`userid`),
  CONSTRAINT `rankperson_ibfk_1` FOREIGN KEY (`userid`) REFERENCES `users` (`userid`)
) ENGINE=InnoDB DEFAULT CHARSET=utf8 COLLATE=utf8_unicode_ci;

-- ----------------------------
-- Records of rankperson
-- ----------------------------
INSERT INTO `rankperson` VALUES ('1', '10356012', '2017-07-31', '30', '1');
INSERT INTO `rankperson` VALUES ('2', '10356021', '2017-07-31', '28', '2');
INSERT INTO `rankperson` VALUES ('3', '10356023', '2017-07-31', '25', '3');
INSERT INTO `rankperson` VALUES ('4', '10356025', '2017-07-31', '24', '4');
INSERT INTO `rankperson` VALUES ('5', '10356039', '2017-07-31', '23', '5');
INSERT INTO `rankperson` VALUES ('6', '10356040', '2017-08-31', '22', '6');
INSERT INTO `rankperson` VALUES ('7', '10356041', '2017-08-31', '21', '7');
INSERT INTO `rankperson` VALUES ('8', '10356032', '2017-08-31', '20', '8');
INSERT INTO `rankperson` VALUES ('9', '10356021', '2018-07-02', '19', '1');
INSERT INTO `rankperson` VALUES ('10', '10356040', '2018-07-02', '25', '2');
INSERT INTO `rankperson` VALUES ('11', '10356012', '2018-07-02', '23', '3');
INSERT INTO `rankperson` VALUES ('12', '10356025', '2018-07-02', '20', '4');
INSERT INTO `rankperson` VALUES ('13', '10356039', '2018-07-02', '18', '5');
INSERT INTO `rankperson` VALUES ('14', '10356041', '2018-07-02', '16', '6');
INSERT INTO `rankperson` VALUES ('15', '10356021', '2018-07-02', '15', '7');
INSERT INTO `rankperson` VALUES ('16', '10356040', '2018-07-02', '14', '8');
INSERT INTO `rankperson` VALUES ('17', '10356032', '2018-07-02', '13', '9');
INSERT INTO `rankperson` VALUES ('18', '10356026', '2017-08-31', '17', '9');
INSERT INTO `rankperson` VALUES ('19', '10356023', '2016-06-30', '18', '1');
INSERT INTO `rankperson` VALUES ('20', '10356012', '2016-06-30', '15', '2');
INSERT INTO `rankperson` VALUES ('21', '10356021', '2016-06-30', '13', '3');
INSERT INTO `rankperson` VALUES ('22', '10356026', '2016-06-30', '12', '4');
INSERT INTO `rankperson` VALUES ('23', '10356040', '2016-06-30', '11', '5');
INSERT INTO `rankperson` VALUES ('24', '10356039', '2016-06-30', '10', '6');
INSERT INTO `rankperson` VALUES ('25', '10356026', '2016-06-30', '9', '7');
INSERT INTO `rankperson` VALUES ('26', '10356041', '2016-06-30', '8', '8');
INSERT INTO `rankperson` VALUES ('27', '10356025', '2016-06-30', '7', '9');

-- ----------------------------
-- Table structure for `rankperson2016`
-- ----------------------------
DROP TABLE IF EXISTS `rankperson2016`;
CREATE TABLE `rankperson2016` (
  `serNo` int(11) NOT NULL,
  `userid` varchar(10) COLLATE utf8_unicode_ci DEFAULT NULL,
  `date` date DEFAULT NULL,
  `point` varchar(255) COLLATE utf8_unicode_ci DEFAULT NULL,
  PRIMARY KEY (`serNo`),
  KEY `personidkey` (`userid`),
  CONSTRAINT `rankperson2016_ibfk_1` FOREIGN KEY (`userid`) REFERENCES `users` (`userid`),
  CONSTRAINT `rankperson2016_ibfk_2` FOREIGN KEY (`userid`) REFERENCES `users` (`userid`)
) ENGINE=InnoDB DEFAULT CHARSET=utf8 COLLATE=utf8_unicode_ci;

-- ----------------------------
-- Records of rankperson2016
-- ----------------------------
INSERT INTO `rankperson2016` VALUES ('1', '10356021', '2017-07-31', '25');
INSERT INTO `rankperson2016` VALUES ('2', '10356032', '2017-07-31', '23');
INSERT INTO `rankperson2016` VALUES ('3', '10356023', '2017-07-31', '21');
INSERT INTO `rankperson2016` VALUES ('4', '10356039', '2017-07-31', '19');
INSERT INTO `rankperson2016` VALUES ('5', '10356041', '2017-07-31', '17');
INSERT INTO `rankperson2016` VALUES ('6', '10356025', '2017-08-31', '15');
INSERT INTO `rankperson2016` VALUES ('7', '10356012', '2017-08-31', '12');
INSERT INTO `rankperson2016` VALUES ('8', '10356040', '2017-08-31', '11');
INSERT INTO `rankperson2016` VALUES ('9', '10356026', '2017-08-31', '6');

-- ----------------------------
-- Table structure for `rankperson2017`
-- ----------------------------
DROP TABLE IF EXISTS `rankperson2017`;
CREATE TABLE `rankperson2017` (
  `serNo` int(11) NOT NULL,
  `userid` varchar(10) COLLATE utf8_unicode_ci DEFAULT NULL,
  `date` date DEFAULT NULL,
  `point` varchar(255) COLLATE utf8_unicode_ci DEFAULT NULL,
  PRIMARY KEY (`serNo`),
  KEY `personidkey` (`userid`),
  CONSTRAINT `rankperson2017_ibfk_1` FOREIGN KEY (`userid`) REFERENCES `users` (`userid`),
  CONSTRAINT `rankperson2017_ibfk_2` FOREIGN KEY (`userid`) REFERENCES `users` (`userid`)
) ENGINE=InnoDB DEFAULT CHARSET=utf8 COLLATE=utf8_unicode_ci;

-- ----------------------------
-- Records of rankperson2017
-- ----------------------------
INSERT INTO `rankperson2017` VALUES ('1', '10356012', '2017-07-31', '25');
INSERT INTO `rankperson2017` VALUES ('2', '10356025', '2017-07-31', '23');
INSERT INTO `rankperson2017` VALUES ('3', '10356026', '2017-07-31', '21');
INSERT INTO `rankperson2017` VALUES ('4', '10356040', '2017-07-31', '19');
INSERT INTO `rankperson2017` VALUES ('5', '10356039', '2017-07-31', '17');
INSERT INTO `rankperson2017` VALUES ('6', '10356032', '2017-08-31', '15');
INSERT INTO `rankperson2017` VALUES ('7', '10356023', '2017-08-31', '12');
INSERT INTO `rankperson2017` VALUES ('8', '10356041', '2017-08-31', '11');
INSERT INTO `rankperson2017` VALUES ('9', '10356021', '2017-08-31', '6');

-- ----------------------------
-- Table structure for `rule`
-- ----------------------------
DROP TABLE IF EXISTS `rule`;
CREATE TABLE `rule` (
  `serNo` varchar(255) COLLATE utf8_unicode_ci NOT NULL,
  `ruleContent` varchar(255) COLLATE utf8_unicode_ci DEFAULT NULL,
  `date` datetime DEFAULT NULL,
  PRIMARY KEY (`serNo`)
) ENGINE=InnoDB DEFAULT CHARSET=utf8 COLLATE=utf8_unicode_ci;

-- ----------------------------
-- Records of rule
-- ----------------------------
INSERT INTO `rule` VALUES ('r001', '根據按讚數及總發文量，給予文青度排名', '2018-05-29 20:32:20');
INSERT INTO `rule` VALUES ('r002', '文青度排行前三名給予頭銜，每月都會更新', '2018-05-29 20:33:20');
INSERT INTO `rule` VALUES ('r003', '發文時禁止使用火星文、注音文、拼音文等，影響閱讀', '2018-05-29 20:43:01');
INSERT INTO `rule` VALUES ('r004', '文章請勿使用不雅文詞', '2018-05-29 20:43:06');
INSERT INTO `rule` VALUES ('r005', '禁止人身攻擊、惡意抹黑、口出髒話', '2018-05-29 20:43:09');
INSERT INTO `rule` VALUES ('r006', '以上如違規經檢舉，可能處以刪文或刪帳號', '2018-05-29 20:43:11');

-- ----------------------------
-- Table structure for `title`
-- ----------------------------
DROP TABLE IF EXISTS `title`;
CREATE TABLE `title` (
  `titleNo` varchar(255) COLLATE utf8_unicode_ci NOT NULL,
  `userid` varchar(11) COLLATE utf8_unicode_ci DEFAULT NULL,
  `title` varchar(255) COLLATE utf8_unicode_ci DEFAULT NULL,
  `picture` varchar(255) COLLATE utf8_unicode_ci DEFAULT NULL,
  PRIMARY KEY (`titleNo`),
  KEY `titleuser` (`userid`),
  CONSTRAINT `titleuser` FOREIGN KEY (`userid`) REFERENCES `users` (`userid`)
) ENGINE=InnoDB DEFAULT CHARSET=utf8 COLLATE=utf8_unicode_ci;

-- ----------------------------
-- Records of title
-- ----------------------------
INSERT INTO `title` VALUES ('tit01', '10356012', '文青霸主', 'monarch.png');
INSERT INTO `title` VALUES ('tit02', '10356021', '文青大神', 'lord.png');
INSERT INTO `title` VALUES ('tit03', '10356023', '文青達人', 'duke.png');
INSERT INTO `title` VALUES ('tit04', '10356025', '文青王', '貴族.png');
INSERT INTO `title` VALUES ('tit05', '10356039', '文青高手', '貴族.png');
INSERT INTO `title` VALUES ('tit06', '10356040', '文青專家', '貴族.png');
INSERT INTO `title` VALUES ('tit07', '10356041', '文青好手', '貴族.png');
INSERT INTO `title` VALUES ('tit08', '10356026', '文青小才', '貴族.png');
INSERT INTO `title` VALUES ('tit09', '10356032', '小文青', '貴族.png');
INSERT INTO `title` VALUES ('tit10', null, '小小文青', '貴族.png');

-- ----------------------------
-- Table structure for `users`
-- ----------------------------
DROP TABLE IF EXISTS `users`;
CREATE TABLE `users` (
  `userid` varchar(11) COLLATE utf8_unicode_ci NOT NULL,
  `userName` varchar(20) COLLATE utf8_unicode_ci DEFAULT NULL,
  `password` varchar(20) COLLATE utf8_unicode_ci DEFAULT NULL,
  `nickName` varchar(30) COLLATE utf8_unicode_ci DEFAULT NULL,
  `sign` varchar(255) COLLATE utf8_unicode_ci DEFAULT NULL,
  `avatar` varchar(255) COLLATE utf8_unicode_ci DEFAULT NULL,
  PRIMARY KEY (`userid`)
) ENGINE=InnoDB DEFAULT CHARSET=utf8 COLLATE=utf8_unicode_ci;

-- ----------------------------
-- Records of users
-- ----------------------------
INSERT INTO `users` VALUES ('10356012', '10356012@ntub.edu.tw', 'ntub12', '阿龔', 'I\'m jiarong.', 'cara-delevigne-759.jpg');
INSERT INTO `users` VALUES ('10356021', '10356021@ntub.edu.tw', 'ntub21', '玲醬', '玲醬 is me.', 'CRSUOtGVEAA_UtN.jpg');
INSERT INTO `users` VALUES ('10356023', '10356023@ntub.edu.tw', 'ntub23', 'GT', 'GT is me.', '4a9d3359ea36b.jpg');
INSERT INTO `users` VALUES ('10356025', '10356025@ntub.edu.tw', 'ntub25', '老魚', 'I\'m a fish', 'images.jpg');
INSERT INTO `users` VALUES ('10356026', '10356026@ntub.edu.tw', 'ntub26', 'Taro', 'I\'m Taro.', 'teameow-e9a090e8a8ade9a0ade8b2bc.jpg');
INSERT INTO `users` VALUES ('10356032', '10356032@ntub.edu.tw', 'ntub32', 'tiffany chen', '', 'maxresdefault.jpg');
INSERT INTO `users` VALUES ('10356039', '10356039@ntub.edu.tw', 'ntub39', '咻容', '咻咻咻', '下載.jpg');
INSERT INTO `users` VALUES ('10356040', '10356040@ntub.edu.tw', 'ntub40', 'Jessie', 'I\'m Jessie', 'b-L74-134.jpg');
INSERT INTO `users` VALUES ('10356041', '10356041@ntub.edu.tw', 'ntub41', '阿娟', 'I\'m juan.', 'd1110915.jpg');
